  0
SECTION
  2
HEADER
  9
$ACADVER
  1
AC1027
  9
$ACADMAINTVER
 70
   125
  9
$DWGCODEPAGE
  3
ANSI_1252
  9
$REQUIREDVERSIONS
160
                 0
  9
$INSBASE
 10
0.0
 20
0.0
 30
0.0
  9
$EXTMIN
 10
1.000000000000000E+20
 20
1.000000000000000E+20
 30
1.000000000000000E+20
  9
$EXTMAX
 10
-1.000000000000000E+20
 20
-1.000000000000000E+20
 30
-1.000000000000000E+20
  9
$LIMMIN
 10
0.0
 20
0.0
  9
$LIMMAX
 10
12.0
 20
9.0
  9
$ORTHOMODE
 70
     0
  9
$REGENMODE
 70
     1
  9
$FILLMODE
 70
     1
  9
$QTEXTMODE
 70
     0
  9
$MIRRTEXT
 70
     0
  9
$LTSCALE
 40
1.0
  9
$ATTMODE
 70
     1
  9
$TEXTSIZE
 40
0.2
  9
$TRACEWID
 40
0.05
  9
$TEXTSTYLE
  7
Standard
  9
$CLAYER
  8
0
  9
$CELTYPE
  6
ByLayer
  9
$CECOLOR
 62
   256
  9
$CELTSCALE
 40
1.0
  9
$DISPSILH
 70
     0
  9
$DIMSCALE
 40
1.0
  9
$DIMASZ
 40
0.18
  9
$DIMEXO
 40
0.0625
  9
$DIMDLI
 40
0.38
  9
$DIMRND
 40
0.0
  9
$DIMDLE
 40
0.0
  9
$DIMEXE
 40
0.18
  9
$DIMTP
 40
0.0
  9
$DIMTM
 40
0.0
  9
$DIMTXT
 40
0.18
  9
$DIMCEN
 40
0.09
  9
$DIMTSZ
 40
0.0
  9
$DIMTOL
 70
     0
  9
$DIMLIM
 70
     0
  9
$DIMTIH
 70
     1
  9
$DIMTOH
 70
     1
  9
$DIMSE1
 70
     0
  9
$DIMSE2
 70
     0
  9
$DIMTAD
 70
     0
  9
$DIMZIN
 70
     0
  9
$DIMBLK
  1

  9
$DIMASO
 70
     1
  9
$DIMSHO
 70
     1
  9
$DIMPOST
  1

  9
$DIMAPOST
  1

  9
$DIMALT
 70
     0
  9
$DIMALTD
 70
     2
  9
$DIMALTF
 40
25.4
  9
$DIMLFAC
 40
1.0
  9
$DIMTOFL
 70
     0
  9
$DIMTVP
 40
0.0
  9
$DIMTIX
 70
     0
  9
$DIMSOXD
 70
     0
  9
$DIMSAH
 70
     0
  9
$DIMBLK1
  1

  9
$DIMBLK2
  1

  9
$DIMSTYLE
  2
Standard
  9
$DIMCLRD
 70
     0
  9
$DIMCLRE
 70
     0
  9
$DIMCLRT
 70
     0
  9
$DIMTFAC
 40
1.0
  9
$DIMGAP
 40
0.09
  9
$DIMJUST
 70
     0
  9
$DIMSD1
 70
     0
  9
$DIMSD2
 70
     0
  9
$DIMTOLJ
 70
     1
  9
$DIMTZIN
 70
     0
  9
$DIMALTZ
 70
     0
  9
$DIMALTTZ
 70
     0
  9
$DIMUPT
 70
     0
  9
$DIMDEC
 70
     4
  9
$DIMTDEC
 70
     4
  9
$DIMALTU
 70
     2
  9
$DIMALTTD
 70
     2
  9
$DIMTXSTY
  7
Standard
  9
$DIMAUNIT
 70
     0
  9
$DIMADEC
 70
     0
  9
$DIMALTRND
 40
0.0
  9
$DIMAZIN
 70
     0
  9
$DIMDSEP
 70
    46
  9
$DIMATFIT
 70
     3
  9
$DIMFRAC
 70
     0
  9
$DIMLDRBLK
  1

  9
$DIMLUNIT
 70
     2
  9
$DIMLWD
 70
    -2
  9
$DIMLWE
 70
    -2
  9
$DIMTMOVE
 70
     0
  9
$DIMFXL
 40
1.0
  9
$DIMFXLON
 70
     0
  9
$DIMJOGANG
 40
0.7853981633974483
  9
$DIMTFILL
 70
     0
  9
$DIMTFILLCLR
 70
     0
  9
$DIMARCSYM
 70
     0
  9
$DIMLTYPE
  6

  9
$DIMLTEX1
  6

  9
$DIMLTEX2
  6

  9
$DIMTXTDIRECTION
 70
     0
  9
$LUNITS
 70
     2
  9
$LUPREC
 70
     4
  9
$SKETCHINC
 40
0.1
  9
$FILLETRAD
 40
0.0
  9
$AUNITS
 70
     0
  9
$AUPREC
 70
     0
  9
$MENU
  1
.
  9
$ELEVATION
 40
0.0
  9
$PELEVATION
 40
0.0
  9
$THICKNESS
 40
0.0
  9
$LIMCHECK
 70
     0
  9
$CHAMFERA
 40
0.0
  9
$CHAMFERB
 40
0.0
  9
$CHAMFERC
 40
0.0
  9
$CHAMFERD
 40
0.0
  9
$SKPOLY
 70
     0
  9
$TDCREATE
 40
2460757.624456018
  9
$TDUCREATE
 40
2460757.624456018
  9
$TDUPDATE
 40
2460757.624456018
  9
$TDUUPDATE
 40
2460757.624456018
  9
$TDINDWG
 40
0.0000115741
  9
$TDUSRTIMER
 40
0.0000115741
  9
$USRTIMER
 70
     1
  9
$ANGBASE
 50
0.0
  9
$ANGDIR
 70
     0
  9
$PDMODE
 70
     0
  9
$PDSIZE
 40
0.0
  9
$PLINEWID
 40
0.0
  9
$SPLFRAME
 70
     0
  9
$SPLINETYPE
 70
     6
  9
$SPLINESEGS
 70
     8
  9
$HANDSEED
  5
DC
  9
$SURFTAB1
 70
     6
  9
$SURFTAB2
 70
     6
  9
$SURFTYPE
 70
     6
  9
$SURFU
 70
     6
  9
$SURFV
 70
     6
  9
$UCSBASE
  2

  9
$UCSNAME
  2

  9
$UCSORG
 10
0.0
 20
0.0
 30
0.0
  9
$UCSXDIR
 10
1.0
 20
0.0
 30
0.0
  9
$UCSYDIR
 10
0.0
 20
1.0
 30
0.0
  9
$UCSORTHOREF
  2

  9
$UCSORTHOVIEW
 70
     0
  9
$UCSORGTOP
 10
0.0
 20
0.0
 30
0.0
  9
$UCSORGBOTTOM
 10
0.0
 20
0.0
 30
0.0
  9
$UCSORGLEFT
 10
0.0
 20
0.0
 30
0.0
  9
$UCSORGRIGHT
 10
0.0
 20
0.0
 30
0.0
  9
$UCSORGFRONT
 10
0.0
 20
0.0
 30
0.0
  9
$UCSORGBACK
 10
0.0
 20
0.0
 30
0.0
  9
$PUCSBASE
  2

  9
$PUCSNAME
  2

  9
$PUCSORG
 10
0.0
 20
0.0
 30
0.0
  9
$PUCSXDIR
 10
1.0
 20
0.0
 30
0.0
  9
$PUCSYDIR
 10
0.0
 20
1.0
 30
0.0
  9
$PUCSORTHOREF
  2

  9
$PUCSORTHOVIEW
 70
     0
  9
$PUCSORGTOP
 10
0.0
 20
0.0
 30
0.0
  9
$PUCSORGBOTTOM
 10
0.0
 20
0.0
 30
0.0
  9
$PUCSORGLEFT
 10
0.0
 20
0.0
 30
0.0
  9
$PUCSORGRIGHT
 10
0.0
 20
0.0
 30
0.0
  9
$PUCSORGFRONT
 10
0.0
 20
0.0
 30
0.0
  9
$PUCSORGBACK
 10
0.0
 20
0.0
 30
0.0
  9
$USERI1
 70
     0
  9
$USERI2
 70
     0
  9
$USERI3
 70
     0
  9
$USERI4
 70
     0
  9
$USERI5
 70
     0
  9
$USERR1
 40
0.0
  9
$USERR2
 40
0.0
  9
$USERR3
 40
0.0
  9
$USERR4
 40
0.0
  9
$USERR5
 40
0.0
  9
$WORLDVIEW
 70
     1
  9
$SHADEDGE
 70
     3
  9
$SHADEDIF
 70
    70
  9
$TILEMODE
 70
     1
  9
$MAXACTVP
 70
    64
  9
$PINSBASE
 10
0.0
 20
0.0
 30
0.0
  9
$PLIMCHECK
 70
     0
  9
$PEXTMIN
 10
1.000000000000000E+20
 20
1.000000000000000E+20
 30
1.000000000000000E+20
  9
$PEXTMAX
 10
-1.000000000000000E+20
 20
-1.000000000000000E+20
 30
-1.000000000000000E+20
  9
$PLIMMIN
 10
0.0
 20
0.0
  9
$PLIMMAX
 10
12.0
 20
9.0
  9
$UNITMODE
 70
     0
  9
$VISRETAIN
 70
     1
  9
$PLINEGEN
 70
     0
  9
$PSLTSCALE
 70
     1
  9
$TREEDEPTH
 70
  3020
  9
$CMLSTYLE
  2
Standard
  9
$CMLJUST
 70
     0
  9
$CMLSCALE
 40
1.0
  9
$PROXYGRAPHICS
 70
     1
  9
$MEASUREMENT
 70
     0
  9
$CELWEIGHT
370
    -1
  9
$ENDCAPS
280
     0
  9
$JOINSTYLE
280
     0
  9
$LWDISPLAY
290
     0
  9
$INSUNITS
 70
     4
  9
$HYPERLINKBASE
  1

  9
$STYLESHEET
  1

  9
$XEDIT
290
     1
  9
$CEPSNTYPE
380
     0
  9
$PSTYLEMODE
290
     1
  9
$FINGERPRINTGUID
  2
{12816BE1-A7ED-5C46-8815-BA4E8E9D165E}
  9
$VERSIONGUID
  2
{E25F936D-67FF-494C-AF06-A4BC4BE45AFB}
  9
$EXTNAMES
290
     1
  9
$PSVPSCALE
 40
0.0
  9
$OLESTARTUP
290
     0
  9
$SORTENTS
280
   127
  9
$INDEXCTL
280
     0
  9
$HIDETEXT
280
     1
  9
$XCLIPFRAME
280
     2
  9
$HALOGAP
280
     0
  9
$OBSCOLOR
 70
   257
  9
$OBSLTYPE
280
     0
  9
$INTERSECTIONDISPLAY
280
     0
  9
$INTERSECTIONCOLOR
 70
   257
  9
$DIMASSOC
280
     2
  9
$PROJECTNAME
  1

  9
$CAMERADISPLAY
290
     0
  9
$LENSLENGTH
 40
50.0
  9
$CAMERAHEIGHT
 40
0.0
  9
$STEPSPERSEC
 40
2.0
  9
$STEPSIZE
 40
6.0
  9
$3DDWFPREC
 40
2.0
  9
$PSOLWIDTH
 40
0.25
  9
$PSOLHEIGHT
 40
4.0
  9
$LOFTANG1
 40
1.570796326794896
  9
$LOFTANG2
 40
1.570796326794896
  9
$LOFTMAG1
 40
0.0
  9
$LOFTMAG2
 40
0.0
  9
$LOFTPARAM
 70
     7
  9
$LOFTNORMALS
280
     1
  9
$LATITUDE
 40
37.795
  9
$LONGITUDE
 40
-122.394
  9
$NORTHDIRECTION
 40
0.0
  9
$TIMEZONE
 70
 -8000
  9
$LIGHTGLYPHDISPLAY
280
     1
  9
$TILEMODELIGHTSYNCH
280
     1
  9
$CMATERIAL
347
11
  9
$SOLIDHIST
280
     0
  9
$SHOWHIST
280
     1
  9
$DWFFRAME
280
     2
  9
$DGNFRAME
280
     0
  9
$REALWORLDSCALE
290
     1
  9
$INTERFERECOLOR
 62
     1
  9
$INTERFEREOBJVS
345
33
  9
$INTERFEREVPVS
346
30
  9
$CSHADOW
280
     0
  9
$SHADOWPLANELOCATION
 40
0.0
  0
ENDSEC
  0
SECTION
  2
CLASSES
  0
CLASS
  1
ACDBDICTIONARYWDFLT
  2
AcDbDictionaryWithDefault
  3
ObjectDBX Classes
 90
        0
 91
        1
280
     0
281
     0
  0
CLASS
  1
MATERIAL
  2
AcDbMaterial
  3
ObjectDBX Classes
 90
     1153
 91
        4
280
     0
281
     0
  0
CLASS
  1
VISUALSTYLE
  2
AcDbVisualStyle
  3
ObjectDBX Classes
 90
     4095
 91
       24
280
     0
281
     0
  0
CLASS
  1
SCALE
  2
AcDbScale
  3
ObjectDBX Classes
 90
     1153
 91
       17
280
     0
281
     0
  0
CLASS
  1
TABLESTYLE
  2
AcDbTableStyle
  3
ObjectDBX Classes
 90
     4095
 91
        1
280
     0
281
     0
  0
CLASS
  1
MLEADERSTYLE
  2
AcDbMLeaderStyle
  3
ACDB_MLEADERSTYLE_CLASS
 90
     4095
 91
        1
280
     0
281
     0
  0
CLASS
  1
ACDBSECTIONVIEWSTYLE
  2
AcDbSectionViewStyle
  3
ObjectDBX Classes
 90
     1025
 91
        1
280
     0
281
     0
  0
CLASS
  1
ACDBDETAILVIEWSTYLE
  2
AcDbDetailViewStyle
  3
ObjectDBX Classes
 90
     1025
 91
        1
280
     0
281
     0
  0
CLASS
  1
DICTIONARYVAR
  2
AcDbDictionaryVar
  3
ObjectDBX Classes
 90
        0
 91
        5
280
     0
281
     0
  0
CLASS
  1
CELLSTYLEMAP
  2
AcDbCellStyleMap
  3
ObjectDBX Classes
 90
     1152
 91
        1
280
     0
281
     0
  0
ENDSEC
  0
SECTION
  2
TABLES
  0
TABLE
  2
VPORT
  5
8
330
0
100
AcDbSymbolTable
 70
     1
1001
ACAD
1000
DbSaveVer
1071
      421
  0
VPORT
  5
57
330
8
100
AcDbSymbolTableRecord
100
AcDbViewportTableRecord
  2
*Active
 70
     0
 10
0.0
 20
0.0
 11
1.0
 21
1.0
 12
500.0
 22
500.0
 13
0.0
 23
0.0
 14
1.0
 24
1.0
 15
0.0
 25
0.0
 16
0.0
 26
0.0
 36
1.0
 17
0.0
 27
0.0
 37
0.0
 40
12.0
 41
1.0
 42
50.0
 43
0.0
 44
0.0
 50
0.0
 51
0.0
 71
     0
 72
   100
 73
     1
 74
     1
 75
     0
 76
     0
 77
     0
 78
     0
281
     0
 65
     1
110
0.0
120
0.0
130
0.0
111
1.0
121
0.0
131
0.0
112
0.0
122
1.0
132
0.0
 79
     0
146
0.0
 60
     3
 61
     5
292
     1
282
     1
141
0.0
142
0.0
 63
   250
421
  3355443
  0
ENDTAB
  0
TABLE
  2
LTYPE
  5
5
330
0
100
AcDbSymbolTable
 70
     1
  0
LTYPE
  5
5B
330
5
100
AcDbSymbolTableRecord
100
AcDbLinetypeTableRecord
  2
ByBlock
 70
     0
  3

 72
    65
 73
     0
 40
0.0
  0
LTYPE
  5
5C
330
5
100
AcDbSymbolTableRecord
100
AcDbLinetypeTableRecord
  2
ByLayer
 70
     0
  3

 72
    65
 73
     0
 40
0.0
  0
LTYPE
  5
5D
330
5
100
AcDbSymbolTableRecord
100
AcDbLinetypeTableRecord
  2
Continuous
 70
     0
  3
Solid line
 72
    65
 73
     0
 40
0.0
  0
ENDTAB
  0
TABLE
  2
LAYER
  5
2
330
0
100
AcDbSymbolTable
 70
    18
  0
LAYER
  5
54
330
2
100
AcDbSymbolTableRecord
100
AcDbLayerTableRecord
  2
0
 70
     0
 62
     7
  6
Continuous
370
    -3
390
F
347
21
348
0
  0
LAYER
  5
89
330
2
100
AcDbSymbolTableRecord
100
AcDbLayerTableRecord
  2
Integrated Charging ports Option1 v1_Sketch1
 70
     0
 62
     7
  6
Continuous
370
    -3
390
F
347
21
348
0
1001
NFusion_SketchTransform
1000
1.000000;0.000000;0.000000;0.000000;0.000000;1.000000;0.000000;0.000000;0.000000;0.000000;1.000000;0.000000;0.000000;0.000000;0.000000;1.000000
  0
LAYER
  5
8B
330
2
100
AcDbSymbolTableRecord
100
AcDbLayerTableRecord
  2
Integrated Charging ports Option1 v1_Sketch2
 70
     0
 62
     7
  6
Continuous
370
    -3
390
F
347
21
348
0
1001
NFusion_SketchTransform
1000
1.000000;0.000000;0.000000;0.000000;0.000000;1.000000;0.000000;0.000000;0.000000;0.000000;1.000000;0.000000;0.000000;0.000000;0.000000;1.000000
  0
LAYER
  5
8D
330
2
100
AcDbSymbolTableRecord
100
AcDbLayerTableRecord
  2
Integrated Charging ports Option1 v1_Sketch3
 70
     0
 62
     7
  6
Continuous
370
    -3
390
F
347
21
348
0
1001
NFusion_SketchTransform
1000
0.000000;0.000000;1.000000;0.000000;1.000000;0.000000;0.000000;0.000000;0.000000;1.000000;0.000000;0.000000;0.000000;0.000000;0.000000;1.000000
  0
LAYER
  5
97
330
2
100
AcDbSymbolTableRecord
100
AcDbLayerTableRecord
  2
Integrated Charging ports Option1 v1_Sketch4
 70
     0
 62
     7
  6
Continuous
370
    -3
390
F
347
21
348
0
1001
NFusion_SketchTransform
1000
1.000000;0.000000;0.000000;0.000000;0.000000;0.500000;-0.866025;-0.000000;0.000000;0.866025;0.500000;0.000000;0.000000;0.000000;0.000000;1.000000
  0
LAYER
  5
9D
330
2
100
AcDbSymbolTableRecord
100
AcDbLayerTableRecord
  2
Integrated Charging ports Option1 v1_Sketch5
 70
     0
 62
     7
  6
Continuous
370
    -3
390
F
347
21
348
0
1001
NFusion_SketchTransform
1000
1.000000;0.000000;0.000000;0.000000;0.000000;0.500000;-0.866025;-0.000000;0.000000;0.866025;0.500000;0.000000;0.000000;0.000000;0.000000;1.000000
  0
LAYER
  5
A1
330
2
100
AcDbSymbolTableRecord
100
AcDbLayerTableRecord
  2
Integrated Charging ports Option1 v1_Sketch8
 70
     0
 62
     7
  6
Continuous
370
    -3
390
F
347
21
348
0
1001
NFusion_SketchTransform
1000
1.000000;0.000000;0.000000;0.000000;0.000000;0.000000;1.000000;0.000000;0.000000;-1.000000;0.000000;0.000000;0.000000;0.000000;0.000000;1.000000
  0
LAYER
  5
A3
330
2
100
AcDbSymbolTableRecord
100
AcDbLayerTableRecord
  2
Integrated Charging ports Option1 v1_Sketch9
 70
     0
 62
     7
  6
Continuous
370
    -3
390
F
347
21
348
0
1001
NFusion_SketchTransform
1000
1.000000;0.000000;0.000000;0.000000;0.000000;0.000000;1.000000;0.800000;0.000000;-1.000000;0.000000;0.000000;0.000000;0.000000;0.000000;1.000000
  0
LAYER
  5
A6
330
2
100
AcDbSymbolTableRecord
100
AcDbLayerTableRecord
  2
Integrated Charging ports Option1 v1_Sketch6
 70
     0
 62
     7
  6
Continuous
370
    -3
390
F
347
21
348
0
1001
NFusion_SketchTransform
1000
-1.000000;0.000000;0.000000;0.000000;0.000000;-0.500000;0.866025;8.250000;0.000000;0.866025;0.500000;4.763140;0.000000;0.000000;0.000000;1.000000
  0
LAYER
  5
AC
330
2
100
AcDbSymbolTableRecord
100
AcDbLayerTableRecord
  2
Integrated Charging ports Option1 v1_Sketch7
 70
     0
 62
     7
  6
Continuous
370
    -3
390
F
347
21
348
0
1001
NFusion_SketchTransform
1000
-1.000000;0.000000;0.000000;0.000000;0.000000;-0.500000;0.866025;8.250000;0.000000;0.866025;0.500000;4.763140;0.000000;0.000000;0.000000;1.000000
  0
LAYER
  5
B0
330
2
100
AcDbSymbolTableRecord
100
AcDbLayerTableRecord
  2
Integrated Charging ports Option1 v1_Sketch17
 70
     0
 62
     7
  6
Continuous
370
    -3
390
F
347
21
348
0
1001
NFusion_SketchTransform
1000
0.000000;0.000000;1.000000;0.000000;1.000000;0.000000;0.000000;0.000000;0.000000;1.000000;0.000000;0.000000;0.000000;0.000000;0.000000;1.000000
  0
LAYER
  5
B4
330
2
100
AcDbSymbolTableRecord
100
AcDbLayerTableRecord
  2
Integrated Charging ports Option1 v1_Sketch18
 70
     0
 62
     7
  6
Continuous
370
    -3
390
F
347
21
348
0
1001
NFusion_SketchTransform
1000
0.000000;0.000000;1.000000;0.000000;1.000000;0.000000;0.000000;0.000000;0.000000;1.000000;0.000000;0.000000;0.000000;0.000000;0.000000;1.000000
  0
LAYER
  5
B9
330
2
100
AcDbSymbolTableRecord
100
AcDbLayerTableRecord
  2
Integrated Charging ports Option1 v1_Sketch21
 70
     0
 62
     7
  6
Continuous
370
    -3
390
F
347
21
348
0
1001
NFusion_SketchTransform
1000
1.000000;0.000000;0.000000;0.000000;0.000000;0.000000;1.000000;0.000000;0.000000;-1.000000;0.000000;0.000000;0.000000;0.000000;0.000000;1.000000
  0
LAYER
  5
BB
330
2
100
AcDbSymbolTableRecord
100
AcDbLayerTableRecord
  2
Integrated Charging ports Option1 v1_Sketch19
 70
     0
 62
     7
  6
Continuous
370
    -3
390
F
347
21
348
0
1001
NFusion_SketchTransform
1000
0.000000;0.000000;1.000000;3.800000;1.000000;0.000000;0.000000;0.000000;0.000000;1.000000;0.000000;0.000000;0.000000;0.000000;0.000000;1.000000
  0
LAYER
  5
BD
330
2
100
AcDbSymbolTableRecord
100
AcDbLayerTableRecord
  2
Integrated Charging ports Option1 v1_Sketch23
 70
     0
 62
     7
  6
Continuous
370
    -3
390
F
347
21
348
0
1001
NFusion_SketchTransform
1000
0.000000;0.000000;1.000000;3.800000;1.000000;0.000000;0.000000;0.000000;0.000000;1.000000;0.000000;0.000000;0.000000;0.000000;0.000000;1.000000
  0
LAYER
  5
BF
330
2
100
AcDbSymbolTableRecord
100
AcDbLayerTableRecord
  2
Integrated Charging ports Option1 v1_Sketch24
 70
     0
 62
     7
  6
Continuous
370
    -3
390
F
347
21
348
0
1001
NFusion_SketchTransform
1000
0.000000;0.000000;1.000000;2.500000;1.000000;0.000000;0.000000;0.000000;0.000000;1.000000;0.000000;0.000000;0.000000;0.000000;0.000000;1.000000
  0
LAYER
  5
C1
330
2
100
AcDbSymbolTableRecord
100
AcDbLayerTableRecord
  2
Integrated Charging ports Option1 v1_Sketch25
 70
     0
 62
     7
  6
Continuous
370
    -3
390
F
347
21
348
0
1001
NFusion_SketchTransform
1000
0.000000;0.000000;1.000000;2.500000;1.000000;0.000000;0.000000;0.000000;0.000000;1.000000;0.000000;0.000000;0.000000;0.000000;0.000000;1.000000
  0
LAYER
  5
C3
330
2
100
AcDbSymbolTableRecord
100
AcDbLayerTableRecord
  2
Integrated Charging ports Option1 v1_Sketch26
 70
     0
 62
     7
  6
Continuous
370
    -3
390
F
347
21
348
0
1001
NFusion_SketchTransform
1000
1.000000;0.000000;0.000000;0.000000;0.000000;-1.000000;0.000000;0.000000;0.000000;0.000000;-1.000000;-0.000000;0.000000;0.000000;0.000000;1.000000
  0
ENDTAB
  0
TABLE
  2
STYLE
  5
3
330
0
100
AcDbSymbolTable
 70
     2
  0
STYLE
  5
55
330
3
100
AcDbSymbolTableRecord
100
AcDbTextStyleTableRecord
  2
Standard
 70
     0
 40
0.0
 41
1.0
 50
0.0
 71
     0
 42
0.2
  3
txt
  4

  0
STYLE
  5
5A
330
3
100
AcDbSymbolTableRecord
100
AcDbTextStyleTableRecord
  2
Annotative
 70
     0
 40
0.0
 41
1.0
 50
0.0
 71
     0
 42
0.2
  3
txt
  4

1001
AcadAnnotative
1000
AnnotativeData
1002
{
1070
     1
1070
     1
1002
}
  0
ENDTAB
  0
TABLE
  2
VIEW
  5
6
330
0
100
AcDbSymbolTable
 70
     0
  0
ENDTAB
  0
TABLE
  2
UCS
  5
7
330
0
100
AcDbSymbolTable
 70
     0
  0
ENDTAB
  0
TABLE
  2
APPID
  5
9
330
0
100
AcDbSymbolTable
 70
     4
  0
APPID
  5
56
330
9
100
AcDbSymbolTableRecord
100
AcDbRegAppTableRecord
  2
ACAD
 70
     0
  0
APPID
  5
5E
330
9
100
AcDbSymbolTableRecord
100
AcDbRegAppTableRecord
  2
AcadAnnotative
 70
     0
  0
APPID
  5
78
330
9
100
AcDbSymbolTableRecord
100
AcDbRegAppTableRecord
  2
EDIT_IN_FUSION_ACAD_ADDIN
 70
     0
  0
APPID
  5
79
330
9
100
AcDbSymbolTableRecord
100
AcDbRegAppTableRecord
  2
NFusion_SketchTransform
 70
     0
  0
ENDTAB
  0
TABLE
  2
DIMSTYLE
  5
A
330
0
100
AcDbSymbolTable
 70
     2
100
AcDbDimStyleTable
 71
     0
  0
DIMSTYLE
105
58
330
A
100
AcDbSymbolTableRecord
100
AcDbDimStyleTableRecord
  2
Standard
 70
     0
340
55
  0
DIMSTYLE
105
59
330
A
100
AcDbSymbolTableRecord
100
AcDbDimStyleTableRecord
  2
Annotative
 70
     0
340
55
1001
AcadAnnotative
1000
AnnotativeData
1002
{
1070
     1
1070
     1
1002
}
  0
ENDTAB
  0
TABLE
  2
BLOCK_RECORD
  5
1
330
0
100
AcDbSymbolTable
 70
     2
  0
BLOCK_RECORD
  5
70
330
1
100
AcDbSymbolTableRecord
100
AcDbBlockTableRecord
  2
*Model_Space
340
73
 70
     0
280
     1
281
     0
  0
BLOCK_RECORD
  5
6C
330
1
100
AcDbSymbolTableRecord
100
AcDbBlockTableRecord
  2
*Paper_Space
340
6F
 70
     0
280
     1
281
     0
  0
BLOCK_RECORD
  5
74
330
1
100
AcDbSymbolTableRecord
100
AcDbBlockTableRecord
  2
*Paper_Space0
340
77
 70
     0
280
     1
281
     0
  0
BLOCK_RECORD
  5
CA
330
1
100
AcDbSymbolTableRecord
100
AcDbBlockTableRecord
  2
Component1
340
0
102
{BLKREFS
331
CC
102
}
 70
     0
280
     1
281
     0
  0
ENDTAB
  0
ENDSEC
  0
SECTION
  2
BLOCKS
  0
BLOCK
  5
71
330
70
100
AcDbEntity
  8
0
100
AcDbBlockBegin
  2
*Model_Space
 70
     0
 10
0.0
 20
0.0
 30
0.0
  3
*Model_Space
  1

  0
ENDBLK
  5
72
330
70
100
AcDbEntity
  8
0
100
AcDbBlockEnd
  0
BLOCK
  5
6D
330
6C
100
AcDbEntity
 67
     1
  8
0
100
AcDbBlockBegin
  2
*Paper_Space
 70
     0
 10
0.0
 20
0.0
 30
0.0
  3
*Paper_Space
  1

  0
ENDBLK
  5
6E
330
6C
100
AcDbEntity
 67
     1
  8
0
100
AcDbBlockEnd
  0
BLOCK
  5
75
330
74
100
AcDbEntity
 67
     1
  8
0
100
AcDbBlockBegin
  2
*Paper_Space0
 70
     0
 10
0.0
 20
0.0
 30
0.0
  3
*Paper_Space0
  1

  0
ENDBLK
  5
76
330
74
100
AcDbEntity
 67
     1
  8
0
100
AcDbBlockEnd
  0
BLOCK
  5
CD
330
CA
100
AcDbEntity
  8
0
100
AcDbBlockBegin
  2
Component1
 70
     0
 10
0.0
 20
0.0
 30
0.0
  3
Component1
  1

  0
3DSOLID
  5
CB
330
CA
100
AcDbEntity
  8
0
347
7A
100
AcDbModelerGeometry
290
     1
  2
{04a2f2d9-340d-0048-9917-3f625510f928}
100
AcDb3dSolid
350
0
  0
ENDBLK
  5
CE
330
CA
100
AcDbEntity
  8
0
100
AcDbBlockEnd
  0
ENDSEC
  0
SECTION
  2
ENTITIES
  0
3DSOLID
  5
84
330
70
100
AcDbEntity
  8
0
347
7A
100
AcDbModelerGeometry
290
     1
  2
{d7624f49-4b4d-c54b-81c9-c0ce32937cc9}
100
AcDb3dSolid
350
0
  0
3DSOLID
  5
85
330
70
100
AcDbEntity
  8
0
347
7A
100
AcDbModelerGeometry
290
     1
  2
{ad59d893-b7d0-9741-9936-ef888bb32221}
100
AcDb3dSolid
350
0
  0
3DSOLID
  5
86
330
70
100
AcDbEntity
  8
0
347
7A
100
AcDbModelerGeometry
290
     1
  2
{e6a89c4c-d776-8e43-b75e-2aa665515e00}
100
AcDb3dSolid
350
0
  0
3DSOLID
  5
87
330
70
100
AcDbEntity
  8
0
347
7A
100
AcDbModelerGeometry
290
     1
  2
{28176426-cb02-d044-93ed-12c002b9cf40}
100
AcDb3dSolid
350
0
  0
3DSOLID
  5
88
330
70
100
AcDbEntity
  8
0
347
7A
100
AcDbModelerGeometry
290
     1
  2
{fef8753a-0d2a-6f40-90a1-1ca7a523e810}
100
AcDb3dSolid
350
0
  0
POINT
  5
8A
330
70
100
AcDbEntity
  8
Integrated Charging ports Option1 v1_Sketch1
100
AcDbPoint
 10
0.0
 20
0.0
 30
0.0
  0
POINT
  5
8C
330
70
100
AcDbEntity
  8
Integrated Charging ports Option1 v1_Sketch2
100
AcDbPoint
 10
0.0
 20
0.0
 30
0.0
  0
POINT
  5
8E
330
70
100
AcDbEntity
  8
Integrated Charging ports Option1 v1_Sketch3
100
AcDbPoint
 10
0.0
 20
0.0
 30
0.0
  0
LINE
  5
8F
330
70
100
AcDbEntity
  8
Integrated Charging ports Option1 v1_Sketch3
100
AcDbLine
 10
0.0
 20
40.77272746521508
 30
52.43524493444912
 11
0.0
 21
70.31818176343424
 31
52.43524493444912
  0
LINE
  5
90
330
70
100
AcDbEntity
  8
Integrated Charging ports Option1 v1_Sketch3
100
AcDbLine
 10
0.0
 20
0.0
 30
0.0
 11
0.0
 21
110.0
 31
-0.0000000000000089
  0
LINE
  5
91
330
70
100
AcDbEntity
  8
Integrated Charging ports Option1 v1_Sketch3
100
AcDbLine
 10
0.0
 20
40.77272746521508
 30
52.43524493444912
 11
0.0
 21
15.24027207771433
 31
8.211734961312153
  0
LINE
  5
92
330
70
100
AcDbEntity
  8
Integrated Charging ports Option1 v1_Sketch3
100
AcDbLine
 10
0.0
 20
0.0
 30
0.0
 11
0.0
 21
35.00000000000001
 31
60.62177826491069
  0
LINE
  5
93
330
70
100
AcDbEntity
  8
Integrated Charging ports Option1 v1_Sketch3
100
AcDbLine
 10
0.0
 20
15.24027207771433
 30
8.211734961312151
 11
0.0
 21
95.85063715093495
 31
8.211734961312151
  0
LINE
  5
94
330
70
100
AcDbEntity
  8
Integrated Charging ports Option1 v1_Sketch3
100
AcDbLine
 10
0.0
 20
95.85063715093495
 30
8.211734961312151
 11
0.0
 21
70.31818176343424
 31
52.43524493444912
  0
LINE
  5
95
330
70
100
AcDbEntity
  8
Integrated Charging ports Option1 v1_Sketch3
100
AcDbLine
 10
0.0
 20
75.00000000000001
 30
60.62177826491069
 11
0.0
 21
110.0
 31
-0.0000000000000071
  0
LINE
  5
96
330
70
100
AcDbEntity
  8
Integrated Charging ports Option1 v1_Sketch3
100
AcDbLine
 10
0.0
 20
35.00000000000001
 30
60.62177826491069
 11
0.0
 21
75.0
 31
60.62177826491069
  0
POINT
  5
98
330
70
100
AcDbEntity
  8
Integrated Charging ports Option1 v1_Sketch4
100
AcDbPoint
 10
0.0
 20
-0.0000000000000019
 30
0.0000000000000011
  0
LINE
  5
99
330
70
100
AcDbEntity
  8
Integrated Charging ports Option1 v1_Sketch4
100
AcDbLine
 10
0.0
 20
35.00000000000003
 30
60.62177826491072
 11
0.0
 21
0.0000000000000071
 31
0.0
  0
LINE
  5
9A
330
70
100
AcDbEntity
  8
Integrated Charging ports Option1 v1_Sketch4
100
AcDbLine
 10
50.0
 20
-0.0000000000000019
 30
0.0000000000000011
 11
50.0
 21
35.00000000000002
 31
60.62177826491072
  0
LINE
  5
9B
330
70
100
AcDbEntity
  8
Integrated Charging ports Option1 v1_Sketch4
100
AcDbLine
 10
50.0
 20
35.00000000000002
 30
60.62177826491072
 11
0.0
 21
35.00000000000002
 31
60.62177826491072
  0
LINE
  5
9C
330
70
100
AcDbEntity
  8
Integrated Charging ports Option1 v1_Sketch4
100
AcDbLine
 10
0.0
 20
0.0
 30
0.0
 11
50.0
 21
-0.0000000000000019
 31
0.0000000000000011
  0
POINT
  5
9E
330
70
100
AcDbEntity
  8
Integrated Charging ports Option1 v1_Sketch5
100
AcDbPoint
 10
0.0
 20
-0.0000000000000019
 30
0.0000000000000011
  0
CIRCLE
  5
9F
330
70
100
AcDbEntity
  8
Integrated Charging ports Option1 v1_Sketch5
100
AcDbCircle
 10
25.00000037252903
 20
45.00000067055224
 30
-0.0000000000000036
 40
15.0
210
0.0
220
-0.8660254037844385
230
0.5000000000000002
  0
CIRCLE
  5
A0
330
70
100
AcDbEntity
  8
Integrated Charging ports Option1 v1_Sketch5
100
AcDbCircle
 10
25.00000037252903
 20
45.00000067055224
 30
-0.0000000000000036
 40
12.0
210
0.0
220
-0.8660254037844385
230
0.5000000000000002
  0
POINT
  5
A2
330
70
100
AcDbEntity
  8
Integrated Charging ports Option1 v1_Sketch8
100
AcDbPoint
 10
0.0
 20
0.0
 30
0.0
  0
POINT
  5
A4
330
70
100
AcDbEntity
  8
Integrated Charging ports Option1 v1_Sketch9
100
AcDbPoint
 10
0.0
 20
8.0
 30
0.0
  0
CIRCLE
  5
A5
330
70
100
AcDbEntity
  8
Integrated Charging ports Option1 v1_Sketch9
100
AcDbCircle
 10
-12.00000037252903
 20
4.967675289366337
 30
8.0
 40
3.999999999999999
210
0.0
220
1.0
230
0.0
  0
POINT
  5
A7
330
70
100
AcDbEntity
  8
Integrated Charging ports Option1 v1_Sketch6
100
AcDbPoint
 10
0.0
 20
82.5
 30
47.63139720814415
  0
LINE
  5
A8
330
70
100
AcDbEntity
  8
Integrated Charging ports Option1 v1_Sketch6
100
AcDbLine
 10
46.0
 20
106.5358983848623
 30
5.99999999999996
 11
4.000000000000007
 21
106.5358983848622
 31
5.999999999999956
  0
LINE
  5
A9
330
70
100
AcDbEntity
  8
Integrated Charging ports Option1 v1_Sketch6
100
AcDbLine
 10
4.0
 20
106.5358983848623
 30
5.99999999999996
 11
4.0
 21
76.15470053837926
 31
58.62177826491067
  0
LINE
  5
AA
330
70
100
AcDbEntity
  8
Integrated Charging ports Option1 v1_Sketch6
100
AcDbLine
 10
4.0
 20
76.15470053837926
 30
58.62177826491069
 11
45.99999999999999
 21
76.15470053837928
 31
58.6217782649107
  0
LINE
  5
AB
330
70
100
AcDbEntity
  8
Integrated Charging ports Option1 v1_Sketch6
100
AcDbLine
 10
46.0
 20
76.15470053837928
 30
58.6217782649107
 11
46.0
 21
106.5358983848623
 31
5.999999999999971
  0
POINT
  5
AD
330
70
100
AcDbEntity
  8
Integrated Charging ports Option1 v1_Sketch7
100
AcDbPoint
 10
0.0
 20
82.5
 30
47.63139720814415
  0
CIRCLE
  5
AE
330
70
100
AcDbEntity
  8
Integrated Charging ports Option1 v1_Sketch7
100
AcDbCircle
 10
-25.00000037252903
 20
-9.00000013411045
 30
95.26279441628828
 40
12.0
210
0.0
220
0.8660254037844385
230
0.5000000000000002
  0
CIRCLE
  5
AF
330
70
100
AcDbEntity
  8
Integrated Charging ports Option1 v1_Sketch7
100
AcDbCircle
 10
-25.00000037252903
 20
-9.00000013411045
 30
95.26279441628828
 40
15.0
210
0.0
220
0.8660254037844385
230
0.5000000000000002
  0
POINT
  5
B1
330
70
100
AcDbEntity
  8
Integrated Charging ports Option1 v1_Sketch17
100
AcDbPoint
 10
0.0
 20
0.0
 30
0.0
  0
LINE
  5
B2
330
70
100
AcDbEntity
  8
Integrated Charging ports Option1 v1_Sketch17
100
AcDbLine
 10
0.0
 20
43.00000064074993
 30
56.00000083446502
 11
0.0
 21
67.94014579316692
 31
56.00000083446502
  0
LINE
  5
B3
330
70
100
AcDbEntity
  8
Integrated Charging ports Option1 v1_Sketch17
100
AcDbLine
 10
0.0
 20
67.94014579316692
 30
56.00000083446502
 11
0.0
 21
55.44014579316692
 31
56.00000083446502
  0
POINT
  5
B5
330
70
100
AcDbEntity
  8
Integrated Charging ports Option1 v1_Sketch18
100
AcDbPoint
 10
0.0
 20
0.0
 30
0.0
  0
LINE
  5
B6
330
70
100
AcDbEntity
  8
Integrated Charging ports Option1 v1_Sketch18
100
AcDbLine
 10
0.0
 20
55.50000064074993
 30
56.00000083446502
 11
0.0
 21
55.50000064074993
 31
55.00000081956386
  0
LINE
  5
B7
330
70
100
AcDbEntity
  8
Integrated Charging ports Option1 v1_Sketch18
100
AcDbLine
 10
0.0
 20
43.00000064074993
 30
56.00000083446502
 11
0.0
 21
55.50000064074993
 31
56.00000083446502
  0
LINE
  5
B8
330
70
100
AcDbEntity
  8
Integrated Charging ports Option1 v1_Sketch18
100
AcDbLine
 10
0.0
 20
55.50000064074993
 30
55.00000081956386
 11
0.0
 21
55.50000064074993
 31
-44.99999918043613
  0
POINT
  5
BA
330
70
100
AcDbEntity
  8
Integrated Charging ports Option1 v1_Sketch21
100
AcDbPoint
 10
0.0
 20
0.0
 30
0.0
  0
POINT
  5
BC
330
70
100
AcDbEntity
  8
Integrated Charging ports Option1 v1_Sketch19
100
AcDbPoint
 10
38.0
 20
0.0
 30
0.0
  0
POINT
  5
BE
330
70
100
AcDbEntity
  8
Integrated Charging ports Option1 v1_Sketch23
100
AcDbPoint
 10
38.0
 20
0.0
 30
0.0
  0
POINT
  5
C0
330
70
100
AcDbEntity
  8
Integrated Charging ports Option1 v1_Sketch24
100
AcDbPoint
 10
25.0
 20
0.0
 30
0.0
  0
POINT
  5
C2
330
70
100
AcDbEntity
  8
Integrated Charging ports Option1 v1_Sketch25
100
AcDbPoint
 10
25.0
 20
0.0
 30
0.0
  0
POINT
  5
C4
330
70
100
AcDbEntity
  8
Integrated Charging ports Option1 v1_Sketch26
100
AcDbPoint
 10
0.0
 20
0.0
 30
-0.0000000000000044
  0
LINE
  5
C5
330
70
100
AcDbEntity
  8
Integrated Charging ports Option1 v1_Sketch26
100
AcDbLine
 10
4.0
 20
103.0717967697245
 30
-0.0000000000000044
 11
45.99999999999999
 21
103.0717967697245
 31
-0.0000000000000044
  0
LINE
  5
C6
330
70
100
AcDbEntity
  8
Integrated Charging ports Option1 v1_Sketch26
100
AcDbLine
 10
46.0
 20
103.0717967697245
 30
-0.0000000000000044
 11
46.0
 21
6.928203230275499
 31
-0.0000000000000044
  0
LINE
  5
C7
330
70
100
AcDbEntity
  8
Integrated Charging ports Option1 v1_Sketch26
100
AcDbLine
 10
46.0
 20
6.928203230275506
 30
-0.0000000000000044
 11
4.000000000000007
 21
6.928203230275508
 31
-0.0000000000000044
  0
CIRCLE
  5
C8
330
70
100
AcDbEntity
  8
Integrated Charging ports Option1 v1_Sketch26
100
AcDbCircle
 10
-25.0
 20
55.0
 30
0.0000000000000044
 40
18.0
210
0.0
220
0.0
230
-1.0
  0
LINE
  5
C9
330
70
100
AcDbEntity
  8
Integrated Charging ports Option1 v1_Sketch26
100
AcDbLine
 10
4.0
 20
6.928203230275508
 30
-0.0000000000000044
 11
4.0
 21
103.0717967697245
 31
-0.0000000000000044
  0
INSERT
  5
CC
330
70
100
AcDbEntity
  8
0
100
AcDbBlockReference
  2
Component1
 10
0.0
 20
0.0
 30
0.0
  0
ENDSEC
  0
SECTION
  2
OBJECTS
  0
DICTIONARY
  5
C
330
0
100
AcDbDictionary
281
     1
  3
ACAD_COLOR
350
63
  3
ACAD_DETAILVIEWSTYLE
350
6A
  3
ACAD_GROUP
350
D
  3
ACAD_LAYOUT
350
62
  3
ACAD_MATERIAL
350
10
  3
ACAD_MLEADERSTYLE
350
66
  3
ACAD_MLINESTYLE
350
5F
  3
ACAD_PLOTSETTINGS
350
61
  3
ACAD_PLOTSTYLENAME
350
E
  3
ACAD_SCALELIST
350
42
  3
ACAD_SECTIONVIEWSTYLE
350
68
  3
ACAD_TABLESTYLE
350
64
  3
ACAD_VISUALSTYLE
350
29
  3
ACDB_RECOMPOSE_DATA
350
D7
  3
AcDbVariableDictionary
350
CF
  0
DICTIONARY
  5
63
102
{ACAD_REACTORS
330
C
102
}
330
C
100
AcDbDictionary
281
     1
  0
DICTIONARY
  5
6A
102
{ACAD_REACTORS
330
C
102
}
330
C
100
AcDbDictionary
281
     1
  3
Imperial24
350
6B
  0
DICTIONARY
  5
D
102
{ACAD_REACTORS
330
C
102
}
330
C
100
AcDbDictionary
281
     1
  0
DICTIONARY
  5
62
102
{ACAD_REACTORS
330
C
102
}
330
C
100
AcDbDictionary
281
     1
  3
Layout1
350
6F
  3
Layout2
350
77
  3
Model
350
73
  0
DICTIONARY
  5
10
102
{ACAD_REACTORS
330
C
102
}
330
C
100
AcDbDictionary
281
     1
  3
ByBlock
350
19
  3
ByLayer
350
11
  3
Global
350
21
  3
Steel - Satin
350
7A
  0
DICTIONARY
  5
66
102
{ACAD_REACTORS
330
C
102
}
330
C
100
AcDbDictionary
281
     1
  3
Standard
350
67
  0
DICTIONARY
  5
5F
102
{ACAD_REACTORS
330
C
102
}
330
C
100
AcDbDictionary
281
     1
  3
Standard
350
60
  0
DICTIONARY
  5
61
102
{ACAD_REACTORS
330
C
102
}
330
C
100
AcDbDictionary
281
     1
  0
ACDBDICTIONARYWDFLT
  5
E
102
{ACAD_REACTORS
330
C
102
}
330
C
100
AcDbDictionary
281
     1
  3
Normal
350
F
100
AcDbDictionaryWithDefault
340
F
  0
DICTIONARY
  5
42
102
{ACAD_REACTORS
330
C
102
}
330
C
100
AcDbDictionary
281
     1
  3
A0
350
43
  3
A1
350
44
  3
A2
350
45
  3
A3
350
46
  3
A4
350
47
  3
A5
350
48
  3
A6
350
49
  3
A7
350
4A
  3
A8
350
4B
  3
A9
350
4C
  3
B0
350
4D
  3
B1
350
4E
  3
B2
350
4F
  3
B3
350
50
  3
B4
350
51
  3
B5
350
52
  3
B6
350
53
  0
DICTIONARY
  5
68
102
{ACAD_REACTORS
330
C
102
}
330
C
100
AcDbDictionary
281
     1
  3
Imperial24
350
69
  0
DICTIONARY
  5
64
102
{ACAD_REACTORS
330
C
102
}
330
C
100
AcDbDictionary
281
     1
  3
Standard
350
65
  0
DICTIONARY
  5
29
102
{ACAD_REACTORS
330
C
102
}
330
C
100
AcDbDictionary
281
     1
  3
2dWireframe
350
2F
  3
Basic
350
2E
  3
Brighten
350
35
  3
ColorChange
350
39
  3
Conceptual
350
32
  3
Dim
350
34
  3
EdgeColorOff
350
41
  3
Facepattern
350
38
  3
Flat
350
2A
  3
FlatWithEdges
350
2B
  3
Gouraud
350
2C
  3
GouraudWithEdges
350
2D
  3
Hidden
350
31
  3
JitterOff
350
3F
  3
Linepattern
350
37
  3
OverhangOff
350
40
  3
Realistic
350
33
  3
Shaded
350
3E
  3
Shaded with edges
350
3D
  3
Shades of Gray
350
3A
  3
Sketchy
350
3B
  3
Thicken
350
36
  3
Wireframe
350
30
  3
X-Ray
350
3C
  0
XRECORD
  5
D7
102
{ACAD_REACTORS
330
C
102
}
330
C
100
AcDbXrecord
280
     1
 90
        1
330
65
  0
DICTIONARY
  5
CF
102
{ACAD_REACTORS
330
C
102
}
330
C
100
AcDbDictionary
281
     1
  3
CANNOSCALE
350
D4
  3
CMLEADERSTYLE
350
D1
  3
CTABLESTYLE
350
D0
  3
CVIEWDETAILSTYLE
350
D2
  3
CVIEWSECTIONSTYLE
350
D3
  0
ACDBDETAILVIEWSTYLE
  5
6B
102
{ACAD_XDICTIONARY
360
DA
102
}
102
{ACAD_REACTORS
330
6A
102
}
330
6A
100
AcDbModelDocViewStyle
 70
     0
  3
Imperial24
290
     0
100
AcDbDetailViewStyle
 70
     0
 71
     0
 90
        3
 71
     1
340
55
 62
   256
 40
0.24
340
0
 62
   256
 40
0.24
300

 40
0.36
280
     3
 71
     2
340
5D
 90
       25
 62
   256
 71
     3
340
55
 62
   256
 40
0.24
 90
        1
 40
0.75
 90
        1
300
%<\AcVar ViewType \f "%tc1">% %<\AcVar ViewDetailId>%\PSCALE %<\AcVar ViewScale \f "%sn">%
 71
     4
340
5D
 90
       25
 62
   256
340
5D
 90
       25
 62
   256
280
     0
  0
LAYOUT
  5
6F
102
{ACAD_REACTORS
330
62
102
}
330
62
100
AcDbPlotSettings
  1

  2

  4

  6

 40
0.0
 41
0.0
 42
0.0
 43
0.0
 44
0.0
 45
0.0
 46
0.0
 47
0.0
 48
0.0
 49
0.0
140
0.0
141
0.0
142
1.0
143
1.0
 70
   688
 72
     0
 73
     0
 74
     5
  7

 75
    16
147
1.0
 76
     0
 77
     2
 78
   300
148
0.0
149
0.0
100
AcDbLayout
  1
Layout1
 70
     1
 71
     1
 10
0.0
 20
0.0
 11
12.0
 21
9.0
 12
0.0
 22
0.0
 32
0.0
 14
0.0
 24
0.0
 34
0.0
 15
0.0
 25
0.0
 35
0.0
146
0.0
 13
0.0
 23
0.0
 33
0.0
 16
1.0
 26
0.0
 36
0.0
 17
0.0
 27
1.0
 37
0.0
 76
     0
330
6C
  0
LAYOUT
  5
77
102
{ACAD_REACTORS
330
62
102
}
330
62
100
AcDbPlotSettings
  1

  2

  4

  6

 40
0.0
 41
0.0
 42
0.0
 43
0.0
 44
0.0
 45
0.0
 46
0.0
 47
0.0
 48
0.0
 49
0.0
140
0.0
141
0.0
142
1.0
143
1.0
 70
   688
 72
     0
 73
     0
 74
     5
  7

 75
    16
147
1.0
 76
     0
 77
     2
 78
   300
148
0.0
149
0.0
100
AcDbLayout
  1
Layout2
 70
     1
 71
     2
 10
0.0
 20
0.0
 11
12.0
 21
9.0
 12
0.0
 22
0.0
 32
0.0
 14
0.0
 24
0.0
 34
0.0
 15
0.0
 25
0.0
 35
0.0
146
0.0
 13
0.0
 23
0.0
 33
0.0
 16
1.0
 26
0.0
 36
0.0
 17
0.0
 27
1.0
 37
0.0
 76
     0
330
74
  0
LAYOUT
  5
73
102
{ACAD_REACTORS
330
62
102
}
330
62
100
AcDbPlotSettings
  1

  2

  4

  6

 40
0.0
 41
0.0
 42
0.0
 43
0.0
 44
0.0
 45
0.0
 46
0.0
 47
0.0
 48
0.0
 49
0.0
140
0.0
141
0.0
142
1.0
143
1.0
 70
  1712
 72
     0
 73
     0
 74
     0
  7

 75
     0
147
1.0
 76
     0
 77
     2
 78
   300
148
0.0
149
0.0
100
AcDbLayout
  1
Model
 70
     1
 71
     0
 10
0.0
 20
0.0
 11
12.0
 21
9.0
 12
0.0
 22
0.0
 32
0.0
 14
0.0
 24
0.0
 34
0.0
 15
0.0
 25
0.0
 35
0.0
146
0.0
 13
0.0
 23
0.0
 33
0.0
 16
1.0
 26
0.0
 36
0.0
 17
0.0
 27
1.0
 37
0.0
 76
     0
330
70
  0
MATERIAL
  5
19
102
{ACAD_XDICTIONARY
360
1A
102
}
102
{ACAD_REACTORS
330
10
102
}
330
10
100
AcDbMaterial
  1
ByBlock
 72
     0
 43
0.0208333333333333
 43
0.0
 43
0.0
 43
0.0
 43
0.0
 43
0.0208333333333333
 43
0.0
 43
0.0
 43
0.0
 43
0.0
 43
1.0
 43
0.0
 43
0.0
 43
0.0
 43
0.0
 43
1.0
 77
     0
 47
0.0208333333333333
 47
0.0
 47
0.0
 47
0.0
 47
0.0
 47
0.0208333333333333
 47
0.0
 47
0.0
 47
0.0
 47
0.0
 47
1.0
 47
0.0
 47
0.0
 47
0.0
 47
0.0
 47
1.0
171
     0
 49
0.0208333333333333
 49
0.0
 49
0.0
 49
0.0
 49
0.0
 49
0.0208333333333333
 49
0.0
 49
0.0
 49
0.0
 49
0.0
 49
1.0
 49
0.0
 49
0.0
 49
0.0
 49
0.0
 49
1.0
175
     0
142
0.0208333333333333
142
0.0
142
0.0
142
0.0
142
0.0
142
0.0208333333333333
142
0.0
142
0.0
142
0.0
142
0.0
142
1.0
142
0.0
142
0.0
142
0.0
142
0.0
142
1.0
179
     0
144
0.0208333333333333
144
0.0
144
0.0
144
0.0
144
0.0
144
0.0208333333333333
144
0.0
144
0.0
144
0.0
144
0.0
144
1.0
144
0.0
144
0.0
144
0.0
144
0.0
144
1.0
147
0.0208333333333333
147
0.0
147
0.0
147
0.0
147
0.0
147
0.0208333333333333
147
0.0
147
0.0
147
0.0
147
0.0
147
1.0
147
0.0
147
0.0
147
0.0
147
0.0
147
1.0
  0
MATERIAL
  5
11
102
{ACAD_XDICTIONARY
360
12
102
}
102
{ACAD_REACTORS
330
10
102
}
330
10
100
AcDbMaterial
  1
ByLayer
 72
     0
 43
0.0208333333333333
 43
0.0
 43
0.0
 43
0.0
 43
0.0
 43
0.0208333333333333
 43
0.0
 43
0.0
 43
0.0
 43
0.0
 43
1.0
 43
0.0
 43
0.0
 43
0.0
 43
0.0
 43
1.0
 77
     0
 47
0.0208333333333333
 47
0.0
 47
0.0
 47
0.0
 47
0.0
 47
0.0208333333333333
 47
0.0
 47
0.0
 47
0.0
 47
0.0
 47
1.0
 47
0.0
 47
0.0
 47
0.0
 47
0.0
 47
1.0
171
     0
 49
0.0208333333333333
 49
0.0
 49
0.0
 49
0.0
 49
0.0
 49
0.0208333333333333
 49
0.0
 49
0.0
 49
0.0
 49
0.0
 49
1.0
 49
0.0
 49
0.0
 49
0.0
 49
0.0
 49
1.0
175
     0
142
0.0208333333333333
142
0.0
142
0.0
142
0.0
142
0.0
142
0.0208333333333333
142
0.0
142
0.0
142
0.0
142
0.0
142
1.0
142
0.0
142
0.0
142
0.0
142
0.0
142
1.0
179
     0
144
0.0208333333333333
144
0.0
144
0.0
144
0.0
144
0.0
144
0.0208333333333333
144
0.0
144
0.0
144
0.0
144
0.0
144
1.0
144
0.0
144
0.0
144
0.0
144
0.0
144
1.0
147
0.0208333333333333
147
0.0
147
0.0
147
0.0
147
0.0
147
0.0208333333333333
147
0.0
147
0.0
147
0.0
147
0.0
147
1.0
147
0.0
147
0.0
147
0.0
147
0.0
147
1.0
  0
MATERIAL
  5
21
102
{ACAD_XDICTIONARY
360
22
102
}
102
{ACAD_REACTORS
330
10
102
}
330
10
100
AcDbMaterial
  1
Global
 72
     0
 43
0.0208333333333333
 43
0.0
 43
0.0
 43
0.0
 43
0.0
 43
0.0208333333333333
 43
0.0
 43
0.0
 43
0.0
 43
0.0
 43
1.0
 43
0.0
 43
0.0
 43
0.0
 43
0.0
 43
1.0
 77
     0
 47
0.0208333333333333
 47
0.0
 47
0.0
 47
0.0
 47
0.0
 47
0.0208333333333333
 47
0.0
 47
0.0
 47
0.0
 47
0.0
 47
1.0
 47
0.0
 47
0.0
 47
0.0
 47
0.0
 47
1.0
171
     0
 49
0.0208333333333333
 49
0.0
 49
0.0
 49
0.0
 49
0.0
 49
0.0208333333333333
 49
0.0
 49
0.0
 49
0.0
 49
0.0
 49
1.0
 49
0.0
 49
0.0
 49
0.0
 49
0.0
 49
1.0
175
     0
142
0.0208333333333333
142
0.0
142
0.0
142
0.0
142
0.0
142
0.0208333333333333
142
0.0
142
0.0
142
0.0
142
0.0
142
1.0
142
0.0
142
0.0
142
0.0
142
0.0
142
1.0
179
     0
144
0.0208333333333333
144
0.0
144
0.0
144
0.0
144
0.0
144
0.0208333333333333
144
0.0
144
0.0
144
0.0
144
0.0
144
1.0
144
0.0
144
0.0
144
0.0
144
0.0
144
1.0
147
0.0208333333333333
147
0.0
147
0.0
147
0.0
147
0.0
147
0.0208333333333333
147
0.0
147
0.0
147
0.0
147
0.0
147
1.0
147
0.0
147
0.0
147
0.0
147
0.0
147
1.0
  0
MATERIAL
  5
7A
102
{ACAD_XDICTIONARY
360
7B
102
}
102
{ACAD_REACTORS
330
10
102
}
330
10
100
AcDbMaterial
  1
Steel - Satin
 70
     1
 90
-1029726305
 71
     1
 91
-1029726305
 72
     0
 44
0.7015873193740845
 76
     1
 92
-1029726305
 77
     0
171
     0
175
     0
143
0.5149999856948853
179
     0
145
1.399999976158142
148
0.5
468
0.6262096762657166
 93
        1
 94
        0
1001
ACAD
1070
    -1
1070
     3
1070
     0
1000

1071
        0
1070
     0
  0
MLEADERSTYLE
  5
67
102
{ACAD_REACTORS
330
66
102
}
330
66
100
AcDbMLeaderStyle
179
     2
170
     2
171
     1
172
     0
 90
        2
 40
0.0
 41
0.0
173
     1
 91
-1056964608
340
5B
 92
       -2
290
     1
 42
0.09
291
     1
 43
0.36
  3
Standard
 44
0.18
300

342
55
174
     1
178
     6
175
     1
176
     0
 93
-1056964608
 45
0.18
292
     0
297
     0
 46
0.18
 94
-1056964608
 47
1.0
 49
1.0
140
1.0
293
     1
141
0.0
294
     1
177
     0
142
1.0
295
     0
296
     0
143
0.125
271
     0
272
     9
273
     9
298
     1
  0
MLINESTYLE
  5
60
102
{ACAD_REACTORS
330
5F
102
}
330
5F
100
AcDbMlineStyle
  2
STANDARD
 70
     0
  3

 62
   256
 51
90.0
 52
90.0
 71
     2
 49
0.5
 62
   256
  6
BYLAYER
 49
-0.5
 62
   256
  6
BYLAYER
  0
ACDBPLACEHOLDER
  5
F
102
{ACAD_REACTORS
330
E
102
}
330
E
  0
SCALE
  5
43
102
{ACAD_REACTORS
330
42
102
}
330
42
100
AcDbScale
 70
     0
300
1:1
140
1.0
141
1.0
290
     1
  0
SCALE
  5
44
102
{ACAD_REACTORS
330
42
102
}
330
42
100
AcDbScale
 70
     0
300
1/128" = 1'-0"
140
0.0078125
141
12.0
290
     0
  0
SCALE
  5
45
102
{ACAD_REACTORS
330
42
102
}
330
42
100
AcDbScale
 70
     0
300
1/64" = 1'-0"
140
0.015625
141
12.0
290
     0
  0
SCALE
  5
46
102
{ACAD_REACTORS
330
42
102
}
330
42
100
AcDbScale
 70
     0
300
1/32" = 1'-0"
140
0.03125
141
12.0
290
     0
  0
SCALE
  5
47
102
{ACAD_REACTORS
330
42
102
}
330
42
100
AcDbScale
 70
     0
300
1/16" = 1'-0"
140
0.0625
141
12.0
290
     0
  0
SCALE
  5
48
102
{ACAD_REACTORS
330
42
102
}
330
42
100
AcDbScale
 70
     0
300
3/32" = 1'-0"
140
0.09375
141
12.0
290
     0
  0
SCALE
  5
49
102
{ACAD_REACTORS
330
42
102
}
330
42
100
AcDbScale
 70
     0
300
1/8" = 1'-0"
140
0.125
141
12.0
290
     0
  0
SCALE
  5
4A
102
{ACAD_REACTORS
330
42
102
}
330
42
100
AcDbScale
 70
     0
300
3/16" = 1'-0"
140
0.1875
141
12.0
290
     0
  0
SCALE
  5
4B
102
{ACAD_REACTORS
330
42
102
}
330
42
100
AcDbScale
 70
     0
300
1/4" = 1'-0"
140
0.25
141
12.0
290
     0
  0
SCALE
  5
4C
102
{ACAD_REACTORS
330
42
102
}
330
42
100
AcDbScale
 70
     0
300
3/8" = 1'-0"
140
0.375
141
12.0
290
     0
  0
SCALE
  5
4D
102
{ACAD_REACTORS
330
42
102
}
330
42
100
AcDbScale
 70
     0
300
1/2" = 1'-0"
140
0.5
141
12.0
290
     0
  0
SCALE
  5
4E
102
{ACAD_REACTORS
330
42
102
}
330
42
100
AcDbScale
 70
     0
300
3/4" = 1'-0"
140
0.75
141
12.0
290
     0
  0
SCALE
  5
4F
102
{ACAD_REACTORS
330
42
102
}
330
42
100
AcDbScale
 70
     0
300
1" = 1'-0"
140
1.0
141
12.0
290
     0
  0
SCALE
  5
50
102
{ACAD_REACTORS
330
42
102
}
330
42
100
AcDbScale
 70
     0
300
1-1/2" = 1'-0"
140
1.5
141
12.0
290
     0
  0
SCALE
  5
51
102
{ACAD_REACTORS
330
42
102
}
330
42
100
AcDbScale
 70
     0
300
3" = 1'-0"
140
3.0
141
12.0
290
     0
  0
SCALE
  5
52
102
{ACAD_REACTORS
330
42
102
}
330
42
100
AcDbScale
 70
     0
300
6" = 1'-0"
140
6.0
141
12.0
290
     0
  0
SCALE
  5
53
102
{ACAD_REACTORS
330
42
102
}
330
42
100
AcDbScale
 70
     0
300
1'-0" = 1'-0"
140
12.0
141
12.0
290
     0
  0
ACDBSECTIONVIEWSTYLE
  5
69
102
{ACAD_XDICTIONARY
360
D8
102
}
102
{ACAD_REACTORS
330
68
102
}
330
68
100
AcDbModelDocViewStyle
 70
     0
  3
Imperial24
290
     0
100
AcDbSectionViewStyle
 70
     0
 71
     0
 90
       78
 71
     1
340
55
 62
   256
 40
0.24
340
0
340
0
 62
   256
 40
0.24
300
I, O, Q, S, X, Z
 40
0.48
 90
        3
 40
0.18
 90
        1
 71
     2
340
5D
 90
       25
 62
   256
340
5D
 90
       50
 62
   256
 40
0.24
 40
0.0
 40
0.24
 71
     3
340
55
 62
   256
 40
0.24
 90
        1
 40
0.75
 90
        1
300
%<\AcVar ViewType \f "%tc1">% %<\AcVar ViewSectionStartId>%-%<\AcVar ViewSectionEndId>%\PSCALE %<\AcVar ViewScale \f "%sn">%
 71
     4
 62
   256
 62
   257
300
ANSI31
 40
1.0
 90
        0
290
     0
290
     0
 90
        6
 40
0.0
 40
1.570796326794896
 40
0.2617993877991494
 40
1.308996938995747
 40
-0.2617993877991494
 40
1.832595714594046
  0
TABLESTYLE
  5
65
102
{ACAD_XDICTIONARY
360
D5
102
}
102
{ACAD_REACTORS
330
64
102
}
330
64
100
AcDbTableStyle
280
     0
  3
Standard
 70
     0
 71
     0
 40
0.06
 41
0.06
280
     0
281
     0
  7
Standard
140
0.18
170
     2
 62
     0
 63
     7
283
     0
 90
      512
 91
        0
  1

274
    -2
284
     1
 64
     0
275
    -2
285
     1
 65
     0
276
    -2
286
     1
 66
     0
277
    -2
287
     1
 67
     0
278
    -2
288
     1
 68
     0
279
    -2
289
     1
 69
     0
  7
Standard
140
0.25
170
     5
 62
     0
 63
     7
283
     0
 90
      512
 91
        0
  1

274
    -2
284
     1
 64
     0
275
    -2
285
     1
 65
     0
276
    -2
286
     1
 66
     0
277
    -2
287
     1
 67
     0
278
    -2
288
     1
 68
     0
279
    -2
289
     1
 69
     0
  7
Standard
140
0.18
170
     5
 62
     0
 63
     7
283
     0
 90
      512
 91
        0
  1

274
    -2
284
     1
 64
     0
275
    -2
285
     1
 65
     0
276
    -2
286
     1
 66
     0
277
    -2
287
     1
 67
     0
278
    -2
288
     1
 68
     0
279
    -2
289
     1
 69
     0
  0
VISUALSTYLE
  5
2F
102
{ACAD_REACTORS
330
29
102
}
330
29
100
AcDbVisualStyle
  2
2dWireframe
 70
     4
177
     3
291
     0
 70
    58
 90
        0
176
     1
 90
        2
176
     1
 90
        0
176
     1
 90
        0
176
     1
 40
0.6
176
     1
 40
30.0
176
     1
 62
     7
420
 16777215
176
     1
 90
        1
176
     1
 90
        4
176
     1
 62
     7
176
     1
 62
   257
176
     1
 90
        1
176
     1
 90
        1
176
     1
 40
1.0
176
     1
 90
        0
176
     1
 62
   257
176
     1
 40
1.0
176
     1
 90
        1
176
     1
 90
        6
176
     1
 90
        2
176
     1
 62
     7
176
     1
 90
        5
176
     1
 90
        0
176
     1
 90
        0
176
     1
290
     0
176
     1
 90
        1
176
     1
 40
0.0
176
     1
 90
        0
176
     1
290
     1
176
     1
290
     1
176
     1
290
     0
176
     1
290
     0
176
     1
290
     0
176
     1
290
     0
176
     1
290
     0
176
     1
290
     0
176
     1
290
     0
176
     1
 90
       50
176
     1
 40
0.0
176
     1
 40
1.0
176
     1
 90
        0
176
     1
 62
    18
420
        0
176
     1
 90
       50
176
     1
 90
        3
176
     1
 62
     5
420
      255
176
     1
290
     0
176
     1
 90
       50
176
     1
 90
       50
176
     1
 90
       50
176
     1
290
     0
176
     1
 90
       50
176
     1
 62
   256
176
     0
 40
1.0
176
     0
 90
        2
176
     1
  1
strokes_ogs.tif
176
     1
290
     0
176
     1
 40
1.0
176
     1
 40
1.0
176
     1
1001
ACAD
1000
AcDbSavedByObjectVersion
1070
     0
  0
VISUALSTYLE
  5
2E
102
{ACAD_REACTORS
330
29
102
}
330
29
100
AcDbVisualStyle
  2
Basic
 70
     7
177
     3
291
     1
 70
    58
 90
        1
176
     1
 90
        0
176
     1
 90
        1
176
     1
 90
        0
176
     1
 40
0.6
176
     1
 40
30.0
176
     1
 62
     7
420
 16777215
176
     1
 90
        0
176
     1
 90
        4
176
     1
 62
     7
176
     1
 62
   257
176
     1
 90
        1
176
     1
 90
        1
176
     1
 40
1.0
176
     1
 90
        8
176
     1
 62
     7
176
     1
 40
1.0
176
     1
 90
        1
176
     1
 90
        6
176
     1
 90
        2
176
     1
 62
     7
176
     1
 90
        5
176
     1
 90
        0
176
     1
 90
        0
176
     1
290
     0
176
     1
 90
        1
176
     1
 40
0.0
176
     1
 90
        0
176
     1
290
     0
176
     1
290
     1
176
     1
290
     1
176
     1
290
     0
176
     1
290
     0
176
     1
290
     0
176
     1
290
     0
176
     1
290
     0
176
     1
290
     0
176
     1
 90
       50
176
     1
 40
0.0
176
     1
 40
1.0
176
     1
 90
        0
176
     1
 62
    18
420
        0
176
     1
 90
       50
176
     1
 90
        3
176
     1
 62
     5
420
      255
176
     1
290
     0
176
     1
 90
       50
176
     1
 90
       50
176
     1
 90
       50
176
     1
290
     0
176
     1
 90
       50
176
     1
 62
   256
176
     0
 40
1.0
176
     0
 90
        2
176
     1
  1
strokes_ogs.tif
176
     1
290
     0
176
     1
 40
1.0
176
     1
 40
1.0
176
     1
1001
ACAD
1000
AcDbSavedByObjectVersion
1070
     0
  0
VISUALSTYLE
  5
35
102
{ACAD_REACTORS
330
29
102
}
330
29
100
AcDbVisualStyle
  2
Brighten
 70
    12
177
     3
291
     1
 70
    58
 90
        2
176
     1
 90
        2
176
     1
 90
        0
176
     1
 90
        0
176
     1
 40
0.6
176
     1
 40
30.0
176
     1
 62
     7
420
 16777215
176
     1
 90
        1
176
     1
 90
        4
176
     1
 62
     7
176
     1
 62
   257
176
     1
 90
        1
176
     1
 90
        1
176
     1
 40
1.0
176
     1
 90
        8
176
     1
 62
     7
176
     1
 40
1.0
176
     1
 90
        1
176
     1
 90
        6
176
     1
 90
        2
176
     1
 62
     7
176
     1
 90
        5
176
     1
 90
        0
176
     1
 90
        0
176
     1
290
     0
176
     1
 90
        1
176
     1
 40
50.0
176
     1
 90
        0
176
     1
290
     0
176
     1
290
     1
176
     1
290
     1
176
     1
290
     0
176
     1
290
     0
176
     1
290
     0
176
     1
290
     0
176
     1
290
     0
176
     1
290
     0
176
     1
 90
       50
176
     1
 40
0.0
176
     1
 40
1.0
176
     1
 90
        0
176
     1
 62
    18
420
        0
176
     1
 90
       50
176
     1
 90
        3
176
     1
 62
     5
420
      255
176
     1
290
     0
176
     1
 90
       50
176
     1
 90
       50
176
     1
 90
       50
176
     1
290
     0
176
     1
 90
       50
176
     1
 62
   256
176
     0
 40
1.0
176
     0
 90
        2
176
     1
  1
strokes_ogs.tif
176
     1
290
     0
176
     1
 40
1.0
176
     1
 40
1.0
176
     1
1001
ACAD
1000
AcDbSavedByObjectVersion
1070
     0
  0
VISUALSTYLE
  5
39
102
{ACAD_REACTORS
330
29
102
}
330
29
100
AcDbVisualStyle
  2
ColorChange
 70
    16
177
     3
291
     1
 70
    58
 90
        2
176
     1
 90
        2
176
     1
 90
        3
176
     1
 90
        0
176
     1
 40
0.6
176
     1
 40
30.0
176
     1
 62
     8
420
  8421504
176
     1
 90
        1
176
     1
 90
        4
176
     1
 62
     7
176
     1
 62
   257
176
     1
 90
        1
176
     1
 90
        1
176
     1
 40
1.0
176
     1
 90
        8
176
     1
 62
     8
420
  8421504
176
     1
 40
1.0
176
     1
 90
        1
176
     1
 90
        6
176
     1
 90
        2
176
     1
 62
     7
176
     1
 90
        5
176
     1
 90
        0
176
     1
 90
        0
176
     1
290
     0
176
     1
 90
        1
176
     1
 40
0.0
176
     1
 90
        0
176
     1
290
     0
176
     1
290
     1
176
     1
290
     1
176
     1
290
     0
176
     1
290
     0
176
     1
290
     0
176
     1
290
     0
176
     1
290
     0
176
     1
290
     0
176
     1
 90
       50
176
     1
 40
0.0
176
     1
 40
1.0
176
     1
 90
        0
176
     1
 62
    18
420
        0
176
     1
 90
       50
176
     1
 90
        3
176
     1
 62
     5
420
      255
176
     1
290
     0
176
     1
 90
       50
176
     1
 90
       50
176
     1
 90
       50
176
     1
290
     0
176
     1
 90
       50
176
     1
 62
   256
176
     0
 40
1.0
176
     0
 90
        2
176
     1
  1
strokes_ogs.tif
176
     1
290
     0
176
     1
 40
1.0
176
     1
 40
1.0
176
     1
1001
ACAD
1000
AcDbSavedByObjectVersion
1070
     0
  0
VISUALSTYLE
  5
32
102
{ACAD_REACTORS
330
29
102
}
330
29
100
AcDbVisualStyle
  2
Conceptual
 70
     9
177
     3
291
     0
 70
    58
 90
        3
176
     1
 90
        2
176
     1
 90
        0
176
     1
 90
        0
176
     1
 40
0.6
176
     1
 40
30.0
176
     1
 62
     7
420
 16777215
176
     1
 90
        2
176
     1
 90
        2
176
     1
 62
     7
176
     1
 62
   257
176
     1
 90
        1
176
     1
 90
        1
176
     1
 40
179.0
176
     1
 90
        8
176
     1
 62
     7
176
     1
 40
1.0
176
     1
 90
        1
176
     1
 90
        6
176
     1
 90
        2
176
     1
 62
     7
176
     1
 90
        3
176
     1
 90
        0
176
     1
 90
        0
176
     1
290
     0
176
     1
 90
        1
176
     1
 40
0.0
176
     1
 90
        0
176
     1
290
     0
176
     1
290
     1
176
     1
290
     1
176
     1
290
     0
176
     1
290
     0
176
     1
290
     0
176
     1
290
     0
176
     1
290
     0
176
     1
290
     0
176
     1
 90
       50
176
     1
 40
0.0
176
     1
 40
1.0
176
     1
 90
        0
176
     1
 62
    18
420
        0
176
     1
 90
       50
176
     1
 90
        3
176
     1
 62
     5
420
      255
176
     1
290
     0
176
     1
 90
       50
176
     1
 90
       50
176
     1
 90
       50
176
     1
290
     0
176
     1
 90
       50
176
     1
 62
   256
176
     0
 40
1.0
176
     0
 90
        2
176
     1
  1
strokes_ogs.tif
176
     1
290
     0
176
     1
 40
1.0
176
     1
 40
1.0
176
     1
1001
ACAD
1000
AcDbSavedByObjectVersion
1070
     0
  0
VISUALSTYLE
  5
34
102
{ACAD_REACTORS
330
29
102
}
330
29
100
AcDbVisualStyle
  2
Dim
 70
    11
177
     3
291
     1
 70
    58
 90
        2
176
     1
 90
        2
176
     1
 90
        0
176
     1
 90
        0
176
     1
 40
0.6
176
     1
 40
30.0
176
     1
 62
     7
420
 16777215
176
     1
 90
        1
176
     1
 90
        4
176
     1
 62
     7
176
     1
 62
   257
176
     1
 90
        1
176
     1
 90
        1
176
     1
 40
1.0
176
     1
 90
        8
176
     1
 62
     7
176
     1
 40
1.0
176
     1
 90
        1
176
     1
 90
        6
176
     1
 90
        2
176
     1
 62
     7
176
     1
 90
        5
176
     1
 90
        0
176
     1
 90
        0
176
     1
290
     0
176
     1
 90
        1
176
     1
 40
-50.0
176
     1
 90
        0
176
     1
290
     0
176
     1
290
     1
176
     1
290
     1
176
     1
290
     0
176
     1
290
     0
176
     1
290
     0
176
     1
290
     0
176
     1
290
     0
176
     1
290
     0
176
     1
 90
       50
176
     1
 40
0.0
176
     1
 40
1.0
176
     1
 90
        0
176
     1
 62
    18
420
        0
176
     1
 90
       50
176
     1
 90
        3
176
     1
 62
     5
420
      255
176
     1
290
     0
176
     1
 90
       50
176
     1
 90
       50
176
     1
 90
       50
176
     1
290
     0
176
     1
 90
       50
176
     1
 62
   256
176
     0
 40
1.0
176
     0
 90
        2
176
     1
  1
strokes_ogs.tif
176
     1
290
     0
176
     1
 40
1.0
176
     1
 40
1.0
176
     1
1001
ACAD
1000
AcDbSavedByObjectVersion
1070
     0
  0
VISUALSTYLE
  5
41
102
{ACAD_REACTORS
330
29
102
}
330
29
100
AcDbVisualStyle
  2
EdgeColorOff
 70
    22
177
     3
291
     1
 70
    58
 90
        2
176
     0
 90
        2
176
     0
 90
        0
176
     0
 90
        0
176
     0
 40
0.6
176
     0
 40
30.0
176
     0
 62
     7
420
 16777215
176
     0
 90
        1
176
     0
 90
        4
176
     0
 62
     7
176
     0
 62
   257
176
     0
 90
        1
176
     0
 90
        1
176
     0
 40
1.0
176
     0
 90
        8
176
     2
 62
     7
176
     0
 40
1.0
176
     0
 90
        1
176
     0
 90
        6
176
     0
 90
        2
176
     0
 62
     7
176
     0
 90
        5
176
     0
 90
        0
176
     0
 90
        0
176
     0
290
     0
176
     0
 90
        1
176
     0
 40
0.0
176
     0
 90
        0
176
     0
290
     0
176
     0
290
     1
176
     0
290
     1
176
     0
290
     0
176
     0
290
     0
176
     0
290
     0
176
     0
290
     0
176
     0
290
     0
176
     0
290
     0
176
     0
 90
       50
176
     0
 40
0.0
176
     0
 40
1.0
176
     0
 90
        0
176
     0
 62
    18
420
        0
176
     0
 90
       50
176
     0
 90
        3
176
     0
 62
     5
420
      255
176
     0
290
     0
176
     0
 90
       50
176
     0
 90
       50
176
     0
 90
       50
176
     0
290
     0
176
     0
 90
       50
176
     0
 62
   256
176
     0
 40
1.0
176
     0
 90
        2
176
     0
  1
strokes_ogs.tif
176
     0
290
     0
176
     0
 40
1.0
176
     0
 40
1.0
176
     0
1001
ACAD
1000
AcDbSavedByObjectVersion
1070
     0
  0
VISUALSTYLE
  5
38
102
{ACAD_REACTORS
330
29
102
}
330
29
100
AcDbVisualStyle
  2
Facepattern
 70
    15
177
     3
291
     1
 70
    58
 90
        2
176
     1
 90
        2
176
     1
 90
        0
176
     1
 90
        0
176
     1
 40
0.6
176
     1
 40
30.0
176
     1
 62
     7
420
 16777215
176
     1
 90
        1
176
     1
 90
        4
176
     1
 62
     7
176
     1
 62
   257
176
     1
 90
        1
176
     1
 90
        1
176
     1
 40
1.0
176
     1
 90
        8
176
     1
 62
     7
176
     1
 40
1.0
176
     1
 90
        1
176
     1
 90
        6
176
     1
 90
        2
176
     1
 62
     7
176
     1
 90
        5
176
     1
 90
        0
176
     1
 90
        0
176
     1
290
     0
176
     1
 90
        1
176
     1
 40
0.0
176
     1
 90
        0
176
     1
290
     0
176
     1
290
     1
176
     1
290
     1
176
     1
290
     0
176
     1
290
     0
176
     1
290
     0
176
     1
290
     0
176
     1
290
     0
176
     1
290
     0
176
     1
 90
       50
176
     1
 40
0.0
176
     1
 40
1.0
176
     1
 90
        0
176
     1
 62
    18
420
        0
176
     1
 90
       50
176
     1
 90
        3
176
     1
 62
     5
420
      255
176
     1
290
     0
176
     1
 90
       50
176
     1
 90
       50
176
     1
 90
       50
176
     1
290
     0
176
     1
 90
       50
176
     1
 62
   256
176
     0
 40
1.0
176
     0
 90
        2
176
     1
  1
strokes_ogs.tif
176
     1
290
     0
176
     1
 40
1.0
176
     1
 40
1.0
176
     1
1001
ACAD
1000
AcDbSavedByObjectVersion
1070
     0
  0
VISUALSTYLE
  5
2A
102
{ACAD_REACTORS
330
29
102
}
330
29
100
AcDbVisualStyle
  2
Flat
 70
     0
177
     3
291
     1
 70
    58
 90
        2
176
     1
 90
        1
176
     1
 90
        1
176
     1
 90
        2
176
     1
 40
0.6
176
     1
 40
30.0
176
     1
 62
     7
420
 16777215
176
     1
 90
        0
176
     1
 90
        0
176
     1
 62
     7
176
     1
 62
   257
176
     1
 90
        1
176
     1
 90
        1
176
     1
 40
1.0
176
     1
 90
        8
176
     1
 62
     7
176
     1
 40
1.0
176
     1
 90
        1
176
     1
 90
        6
176
     1
 90
        2
176
     1
 62
     7
176
     1
 90
        5
176
     1
 90
        0
176
     1
 90
        0
176
     1
290
     0
176
     1
 90
       13
176
     1
 40
0.0
176
     1
 90
        0
176
     1
290
     0
176
     1
290
     1
176
     1
290
     1
176
     1
290
     0
176
     1
290
     0
176
     1
290
     0
176
     1
290
     0
176
     1
290
     0
176
     1
290
     0
176
     1
 90
       50
176
     1
 40
0.0
176
     1
 40
1.0
176
     1
 90
        0
176
     1
 62
    18
420
        0
176
     1
 90
       50
176
     1
 90
        3
176
     1
 62
     5
420
      255
176
     1
290
     0
176
     1
 90
       50
176
     1
 90
       50
176
     1
 90
       50
176
     1
290
     0
176
     1
 90
       50
176
     1
 62
   256
176
     0
 40
1.0
176
     0
 90
        2
176
     1
  1
strokes_ogs.tif
176
     1
290
     0
176
     1
 40
1.0
176
     1
 40
1.0
176
     1
1001
ACAD
1000
AcDbSavedByObjectVersion
1070
     0
  0
VISUALSTYLE
  5
2B
102
{ACAD_REACTORS
330
29
102
}
330
29
100
AcDbVisualStyle
  2
FlatWithEdges
 70
     1
177
     3
291
     1
 70
    58
 90
        2
176
     1
 90
        1
176
     1
 90
        1
176
     1
 90
        2
176
     1
 40
0.6
176
     1
 40
30.0
176
     1
 62
     7
420
 16777215
176
     1
 90
        1
176
     1
 90
        0
176
     1
 62
     7
176
     1
 62
   257
176
     1
 90
        1
176
     1
 90
        1
176
     1
 40
1.0
176
     1
 90
        0
176
     1
 62
   257
176
     1
 40
1.0
176
     1
 90
        1
176
     1
 90
        6
176
     1
 90
        2
176
     1
 62
     7
176
     1
 90
        5
176
     1
 90
        0
176
     1
 90
        0
176
     1
290
     0
176
     1
 90
       13
176
     1
 40
0.0
176
     1
 90
        0
176
     1
290
     0
176
     1
290
     1
176
     1
290
     1
176
     1
290
     0
176
     1
290
     0
176
     1
290
     0
176
     1
290
     0
176
     1
290
     0
176
     1
290
     0
176
     1
 90
       50
176
     1
 40
0.0
176
     1
 40
1.0
176
     1
 90
        0
176
     1
 62
    18
420
        0
176
     1
 90
       50
176
     1
 90
        3
176
     1
 62
     5
420
      255
176
     1
290
     0
176
     1
 90
       50
176
     1
 90
       50
176
     1
 90
       50
176
     1
290
     0
176
     1
 90
       50
176
     1
 62
   256
176
     0
 40
1.0
176
     0
 90
        2
176
     1
  1
strokes_ogs.tif
176
     1
290
     0
176
     1
 40
1.0
176
     1
 40
1.0
176
     1
1001
ACAD
1000
AcDbSavedByObjectVersion
1070
     0
  0
VISUALSTYLE
  5
2C
102
{ACAD_REACTORS
330
29
102
}
330
29
100
AcDbVisualStyle
  2
Gouraud
 70
     2
177
     3
291
     1
 70
    58
 90
        2
176
     1
 90
        2
176
     1
 90
        1
176
     1
 90
        2
176
     1
 40
0.6
176
     1
 40
30.0
176
     1
 62
     7
420
 16777215
176
     1
 90
        0
176
     1
 90
        0
176
     1
 62
     7
176
     1
 62
   257
176
     1
 90
        1
176
     1
 90
        1
176
     1
 40
1.0
176
     1
 90
        0
176
     1
 62
     7
176
     1
 40
1.0
176
     1
 90
        1
176
     1
 90
        6
176
     1
 90
        2
176
     1
 62
     7
176
     1
 90
        5
176
     1
 90
        0
176
     1
 90
        0
176
     1
290
     0
176
     1
 90
       13
176
     1
 40
0.0
176
     1
 90
        0
176
     1
290
     0
176
     1
290
     1
176
     1
290
     1
176
     1
290
     0
176
     1
290
     0
176
     1
290
     0
176
     1
290
     0
176
     1
290
     0
176
     1
290
     0
176
     1
 90
       50
176
     1
 40
0.0
176
     1
 40
1.0
176
     1
 90
        0
176
     1
 62
    18
420
        0
176
     1
 90
       50
176
     1
 90
        3
176
     1
 62
     5
420
      255
176
     1
290
     0
176
     1
 90
       50
176
     1
 90
       50
176
     1
 90
       50
176
     1
290
     0
176
     1
 90
       50
176
     1
 62
   256
176
     0
 40
1.0
176
     0
 90
        2
176
     1
  1
strokes_ogs.tif
176
     1
290
     0
176
     1
 40
1.0
176
     1
 40
1.0
176
     1
1001
ACAD
1000
AcDbSavedByObjectVersion
1070
     0
  0
VISUALSTYLE
  5
2D
102
{ACAD_REACTORS
330
29
102
}
330
29
100
AcDbVisualStyle
  2
GouraudWithEdges
 70
     3
177
     3
291
     1
 70
    58
 90
        2
176
     1
 90
        2
176
     1
 90
        1
176
     1
 90
        2
176
     1
 40
0.6
176
     1
 40
30.0
176
     1
 62
     7
420
 16777215
176
     1
 90
        1
176
     1
 90
        0
176
     1
 62
     7
176
     1
 62
   257
176
     1
 90
        1
176
     1
 90
        1
176
     1
 40
1.0
176
     1
 90
        0
176
     1
 62
   257
176
     1
 40
1.0
176
     1
 90
        1
176
     1
 90
        6
176
     1
 90
        2
176
     1
 62
     7
176
     1
 90
        5
176
     1
 90
        0
176
     1
 90
        0
176
     1
290
     0
176
     1
 90
       13
176
     1
 40
0.0
176
     1
 90
        0
176
     1
290
     0
176
     1
290
     1
176
     1
290
     1
176
     1
290
     0
176
     1
290
     0
176
     1
290
     0
176
     1
290
     0
176
     1
290
     0
176
     1
290
     0
176
     1
 90
       50
176
     1
 40
0.0
176
     1
 40
1.0
176
     1
 90
        0
176
     1
 62
    18
420
        0
176
     1
 90
       50
176
     1
 90
        3
176
     1
 62
     5
420
      255
176
     1
290
     0
176
     1
 90
       50
176
     1
 90
       50
176
     1
 90
       50
176
     1
290
     0
176
     1
 90
       50
176
     1
 62
   256
176
     0
 40
1.0
176
     0
 90
        2
176
     1
  1
strokes_ogs.tif
176
     1
290
     0
176
     1
 40
1.0
176
     1
 40
1.0
176
     1
1001
ACAD
1000
AcDbSavedByObjectVersion
1070
     0
  0
VISUALSTYLE
  5
31
102
{ACAD_REACTORS
330
29
102
}
330
29
100
AcDbVisualStyle
  2
Hidden
 70
     6
177
     3
291
     0
 70
    58
 90
        1
176
     1
 90
        2
176
     1
 90
        2
176
     1
 90
        0
176
     1
 40
0.6
176
     1
 40
30.0
176
     1
 62
     7
420
 16777215
176
     1
 90
        2
176
     1
 90
        2
176
     1
 62
     7
176
     1
 62
   257
176
     1
 90
        2
176
     1
 90
        1
176
     1
 40
40.0
176
     1
 90
        0
176
     1
 62
   257
176
     1
 40
1.0
176
     1
 90
        1
176
     1
 90
        6
176
     1
 90
        2
176
     1
 62
     7
176
     1
 90
        3
176
     1
 90
        0
176
     1
 90
        0
176
     1
290
     0
176
     1
 90
        1
176
     1
 40
0.0
176
     1
 90
        0
176
     1
290
     0
176
     1
290
     1
176
     1
290
     1
176
     1
290
     0
176
     1
290
     0
176
     1
290
     0
176
     1
290
     0
176
     1
290
     0
176
     1
290
     0
176
     1
 90
       50
176
     1
 40
0.0
176
     1
 40
1.0
176
     1
 90
        0
176
     1
 62
    18
420
        0
176
     1
 90
       50
176
     1
 90
        3
176
     1
 62
     5
420
      255
176
     1
290
     0
176
     1
 90
       50
176
     1
 90
       50
176
     1
 90
       50
176
     1
290
     0
176
     1
 90
       50
176
     1
 62
   256
176
     0
 40
1.0
176
     0
 90
        2
176
     1
  1
strokes_ogs.tif
176
     1
290
     0
176
     1
 40
1.0
176
     1
 40
1.0
176
     1
1001
ACAD
1000
AcDbSavedByObjectVersion
1070
     0
  0
VISUALSTYLE
  5
3F
102
{ACAD_REACTORS
330
29
102
}
330
29
100
AcDbVisualStyle
  2
JitterOff
 70
    20
177
     3
291
     1
 70
    58
 90
        2
176
     0
 90
        2
176
     0
 90
        0
176
     0
 90
        0
176
     0
 40
0.6
176
     0
 40
30.0
176
     0
 62
     7
420
 16777215
176
     0
 90
        1
176
     0
 90
        4
176
     0
 62
     7
176
     0
 62
   257
176
     0
 90
        1
176
     0
 90
        1
176
     0
 40
1.0
176
     0
 90
       10
176
     2
 62
     7
176
     0
 40
1.0
176
     0
 90
        1
176
     0
 90
        6
176
     0
 90
        2
176
     0
 62
     7
176
     0
 90
        5
176
     0
 90
        0
176
     0
 90
        0
176
     0
290
     0
176
     0
 90
        1
176
     0
 40
0.0
176
     0
 90
        0
176
     0
290
     0
176
     0
290
     1
176
     0
290
     1
176
     0
290
     0
176
     0
290
     0
176
     0
290
     0
176
     0
290
     0
176
     0
290
     0
176
     0
290
     0
176
     0
 90
       50
176
     0
 40
0.0
176
     0
 40
1.0
176
     0
 90
        0
176
     0
 62
    18
420
        0
176
     0
 90
       50
176
     0
 90
        3
176
     0
 62
     5
420
      255
176
     0
290
     0
176
     0
 90
       50
176
     0
 90
       50
176
     0
 90
       50
176
     0
290
     0
176
     0
 90
       50
176
     0
 62
   256
176
     0
 40
1.0
176
     0
 90
        2
176
     0
  1
strokes_ogs.tif
176
     0
290
     0
176
     0
 40
1.0
176
     0
 40
1.0
176
     0
1001
ACAD
1000
AcDbSavedByObjectVersion
1070
     0
  0
VISUALSTYLE
  5
37
102
{ACAD_REACTORS
330
29
102
}
330
29
100
AcDbVisualStyle
  2
Linepattern
 70
    14
177
     3
291
     1
 70
    58
 90
        2
176
     1
 90
        2
176
     1
 90
        0
176
     1
 90
        0
176
     1
 40
0.6
176
     1
 40
30.0
176
     1
 62
     7
420
 16777215
176
     1
 90
        1
176
     1
 90
        4
176
     1
 62
     7
176
     1
 62
   257
176
     1
 90
        7
176
     1
 90
        7
176
     1
 40
1.0
176
     1
 90
        8
176
     1
 62
     7
176
     1
 40
1.0
176
     1
 90
        1
176
     1
 90
        6
176
     1
 90
        2
176
     1
 62
     7
176
     1
 90
        5
176
     1
 90
        0
176
     1
 90
        0
176
     1
290
     0
176
     1
 90
        1
176
     1
 40
0.0
176
     1
 90
        0
176
     1
290
     0
176
     1
290
     1
176
     1
290
     1
176
     1
290
     0
176
     1
290
     0
176
     1
290
     0
176
     1
290
     0
176
     1
290
     0
176
     1
290
     0
176
     1
 90
       50
176
     1
 40
0.0
176
     1
 40
1.0
176
     1
 90
        0
176
     1
 62
    18
420
        0
176
     1
 90
       50
176
     1
 90
        3
176
     1
 62
     5
420
      255
176
     1
290
     0
176
     1
 90
       50
176
     1
 90
       50
176
     1
 90
       50
176
     1
290
     0
176
     1
 90
       50
176
     1
 62
   256
176
     0
 40
1.0
176
     0
 90
        2
176
     1
  1
strokes_ogs.tif
176
     1
290
     0
176
     1
 40
1.0
176
     1
 40
1.0
176
     1
1001
ACAD
1000
AcDbSavedByObjectVersion
1070
     0
  0
VISUALSTYLE
  5
40
102
{ACAD_REACTORS
330
29
102
}
330
29
100
AcDbVisualStyle
  2
OverhangOff
 70
    21
177
     3
291
     1
 70
    58
 90
        2
176
     0
 90
        2
176
     0
 90
        0
176
     0
 90
        0
176
     0
 40
0.6
176
     0
 40
30.0
176
     0
 62
     7
420
 16777215
176
     0
 90
        1
176
     0
 90
        4
176
     0
 62
     7
176
     0
 62
   257
176
     0
 90
        1
176
     0
 90
        1
176
     0
 40
1.0
176
     0
 90
        9
176
     2
 62
     7
176
     0
 40
1.0
176
     0
 90
        1
176
     0
 90
        6
176
     0
 90
        2
176
     0
 62
     7
176
     0
 90
        5
176
     0
 90
        0
176
     0
 90
        0
176
     0
290
     0
176
     0
 90
        1
176
     0
 40
0.0
176
     0
 90
        0
176
     0
290
     0
176
     0
290
     1
176
     0
290
     1
176
     0
290
     0
176
     0
290
     0
176
     0
290
     0
176
     0
290
     0
176
     0
290
     0
176
     0
290
     0
176
     0
 90
       50
176
     0
 40
0.0
176
     0
 40
1.0
176
     0
 90
        0
176
     0
 62
    18
420
        0
176
     0
 90
       50
176
     0
 90
        3
176
     0
 62
     5
420
      255
176
     0
290
     0
176
     0
 90
       50
176
     0
 90
       50
176
     0
 90
       50
176
     0
290
     0
176
     0
 90
       50
176
     0
 62
   256
176
     0
 40
1.0
176
     0
 90
        2
176
     0
  1
strokes_ogs.tif
176
     0
290
     0
176
     0
 40
1.0
176
     0
 40
1.0
176
     0
1001
ACAD
1000
AcDbSavedByObjectVersion
1070
     0
  0
VISUALSTYLE
  5
33
102
{ACAD_REACTORS
330
29
102
}
330
29
100
AcDbVisualStyle
  2
Realistic
 70
     8
177
     3
291
     0
 70
    58
 90
        2
176
     1
 90
        3
176
     1
 90
        0
176
     1
 90
        2
176
     1
 40
0.6
176
     1
 40
30.0
176
     1
 62
     7
420
 16777215
176
     1
 90
        0
176
     1
 90
        0
176
     1
 62
     7
176
     1
 62
   257
176
     1
 90
        1
176
     1
 90
        1
176
     1
 40
1.0
176
     1
 90
        8
176
     1
 62
   257
176
     1
 40
1.0
176
     1
 90
        1
176
     1
 90
        6
176
     1
 90
        2
176
     1
 62
     7
176
     1
 90
        3
176
     1
 90
        0
176
     1
 90
        0
176
     1
290
     0
176
     1
 90
       13
176
     1
 40
0.0
176
     1
 90
        0
176
     1
290
     0
176
     1
290
     1
176
     1
290
     1
176
     1
290
     0
176
     1
290
     0
176
     1
290
     0
176
     1
290
     0
176
     1
290
     0
176
     1
290
     0
176
     1
 90
       50
176
     1
 40
0.0
176
     1
 40
1.0
176
     1
 90
        0
176
     1
 62
    18
420
        0
176
     1
 90
       50
176
     1
 90
        3
176
     1
 62
     5
420
      255
176
     1
290
     0
176
     1
 90
       50
176
     1
 90
       50
176
     1
 90
       50
176
     1
290
     0
176
     1
 90
       50
176
     1
 62
   256
176
     0
 40
1.0
176
     0
 90
        2
176
     1
  1
strokes_ogs.tif
176
     1
290
     0
176
     1
 40
1.0
176
     1
 40
1.0
176
     1
1001
ACAD
1000
AcDbSavedByObjectVersion
1070
     0
  0
VISUALSTYLE
  5
3E
102
{ACAD_REACTORS
330
29
102
}
330
29
100
AcDbVisualStyle
  2
Shaded
 70
    27
177
     3
291
     0
 70
    58
 90
        2
176
     1
 90
        2
176
     1
 90
        1
176
     1
 90
        2
176
     1
 40
0.6
176
     1
 40
30.0
176
     1
 62
     7
420
 16777215
176
     1
 90
        0
176
     1
 90
        4
176
     1
 62
     7
176
     1
 62
   257
176
     1
 90
        1
176
     1
 90
        1
176
     1
 40
1.0
176
     1
 90
        8
176
     1
 62
   257
176
     1
 40
1.0
176
     1
 90
        1
176
     1
 90
        6
176
     1
 90
        2
176
     1
 62
     8
420
  7895160
176
     1
 90
        3
176
     1
 90
        0
176
     1
 90
        0
176
     1
290
     0
176
     1
 90
        5
176
     1
 40
0.0
176
     1
 90
        0
176
     1
290
     0
176
     1
290
     1
176
     1
290
     1
176
     1
290
     0
176
     1
290
     0
176
     1
290
     0
176
     1
290
     0
176
     1
290
     0
176
     1
290
     0
176
     1
 90
       50
176
     1
 40
0.0
176
     1
 40
1.0
176
     1
 90
        0
176
     1
 62
    18
420
        0
176
     1
 90
       50
176
     1
 90
        3
176
     1
 62
     5
420
      255
176
     1
290
     0
176
     1
 90
       50
176
     1
 90
       50
176
     1
 90
       50
176
     1
290
     0
176
     1
 90
       50
176
     1
 62
   256
176
     0
 40
1.0
176
     0
 90
        2
176
     1
  1
strokes_ogs.tif
176
     1
290
     0
176
     1
 40
1.0
176
     1
 40
1.0
176
     1
1001
ACAD
1000
AcDbSavedByObjectVersion
1070
     0
  0
VISUALSTYLE
  5
3D
102
{ACAD_REACTORS
330
29
102
}
330
29
100
AcDbVisualStyle
  2
Shaded with edges
 70
    26
177
     3
291
     0
 70
    58
 90
        2
176
     1
 90
        2
176
     1
 90
        1
176
     1
 90
        2
176
     1
 40
0.6
176
     1
 40
30.0
176
     1
 62
     7
420
 16777215
176
     1
 90
        1
176
     1
 90
        2
176
     1
 62
     7
176
     1
 62
   257
176
     1
 90
        2
176
     1
 90
        1
176
     1
 40
1.0
176
     1
 90
        8
176
     1
 62
   257
176
     1
 40
1.0
176
     1
 90
        1
176
     1
 90
        6
176
     1
 90
        2
176
     1
 62
     7
176
     1
 90
        3
176
     1
 90
        0
176
     1
 90
        0
176
     1
290
     0
176
     1
 90
        5
176
     1
 40
0.0
176
     1
 90
        0
176
     1
290
     0
176
     1
290
     1
176
     1
290
     1
176
     1
290
     0
176
     1
290
     0
176
     1
290
     0
176
     1
290
     0
176
     1
290
     0
176
     1
290
     0
176
     1
 90
       50
176
     1
 40
0.0
176
     1
 40
1.0
176
     1
 90
        0
176
     1
 62
    18
420
        0
176
     1
 90
       50
176
     1
 90
        3
176
     1
 62
     5
420
      255
176
     1
290
     0
176
     1
 90
       50
176
     1
 90
       50
176
     1
 90
       50
176
     1
290
     0
176
     1
 90
       50
176
     1
 62
   256
176
     0
 40
1.0
176
     0
 90
        2
176
     1
  1
strokes_ogs.tif
176
     1
290
     0
176
     1
 40
1.0
176
     1
 40
1.0
176
     1
1001
ACAD
1000
AcDbSavedByObjectVersion
1070
     0
  0
VISUALSTYLE
  5
3A
102
{ACAD_REACTORS
330
29
102
}
330
29
100
AcDbVisualStyle
  2
Shades of Gray
 70
    23
177
     3
291
     0
 70
    58
 90
        2
176
     1
 90
        2
176
     1
 90
        3
176
     1
 90
        0
176
     1
 40
0.6
176
     1
 40
30.0
176
     1
 62
     7
420
 16777215
176
     1
 90
        2
176
     1
 90
        2
176
     1
 62
     7
176
     1
 62
     7
176
     1
 90
        1
176
     1
 90
        1
176
     1
 40
40.0
176
     1
 90
        8
176
     1
 62
     7
176
     1
 40
1.0
176
     1
 90
        1
176
     1
 90
        6
176
     1
 90
        2
176
     1
 62
     7
176
     1
 90
        3
176
     1
 90
        0
176
     1
 90
        0
176
     1
290
     0
176
     1
 90
        1
176
     1
 40
0.0
176
     1
 90
        0
176
     1
290
     0
176
     1
290
     1
176
     1
290
     1
176
     1
290
     0
176
     1
290
     0
176
     1
290
     0
176
     1
290
     0
176
     1
290
     0
176
     1
290
     0
176
     1
 90
       50
176
     1
 40
0.0
176
     1
 40
1.0
176
     1
 90
        0
176
     1
 62
    18
420
        0
176
     1
 90
       50
176
     1
 90
        3
176
     1
 62
     5
420
      255
176
     1
290
     0
176
     1
 90
       50
176
     1
 90
       50
176
     1
 90
       50
176
     1
290
     0
176
     1
 90
       50
176
     1
 62
   256
176
     0
 40
1.0
176
     0
 90
        2
176
     1
  1
strokes_ogs.tif
176
     1
290
     0
176
     1
 40
1.0
176
     1
 40
1.0
176
     1
1001
ACAD
1000
AcDbSavedByObjectVersion
1070
     0
  0
VISUALSTYLE
  5
3B
102
{ACAD_REACTORS
330
29
102
}
330
29
100
AcDbVisualStyle
  2
Sketchy
 70
    24
177
     3
291
     0
 70
    58
 90
        1
176
     1
 90
        2
176
     1
 90
        2
176
     1
 90
        0
176
     1
 40
0.6
176
     1
 40
30.0
176
     1
 62
     7
420
 16777215
176
     1
 90
        2
176
     1
 90
        2
176
     1
 62
     7
176
     1
 62
     7
176
     1
 90
        1
176
     1
 90
        1
176
     1
 40
40.0
176
     1
 90
       11
176
     1
 62
     7
176
     1
 40
1.0
176
     1
 90
        1
176
     1
 90
        6
176
     1
 90
        2
176
     1
 62
     7
176
     1
 90
        6
176
     1
 90
        0
176
     1
 90
        0
176
     1
290
     0
176
     1
 90
        1
176
     1
 40
0.0
176
     1
 90
        0
176
     1
290
     0
176
     1
290
     1
176
     1
290
     1
176
     1
290
     0
176
     1
290
     0
176
     1
290
     0
176
     1
290
     0
176
     1
290
     0
176
     1
290
     0
176
     1
 90
       50
176
     1
 40
0.0
176
     1
 40
1.0
176
     1
 90
        0
176
     1
 62
    18
420
        0
176
     1
 90
       50
176
     1
 90
        3
176
     1
 62
     5
420
      255
176
     1
290
     0
176
     1
 90
       50
176
     1
 90
       50
176
     1
 90
       50
176
     1
290
     0
176
     1
 90
       50
176
     1
 62
   256
176
     0
 40
1.0
176
     0
 90
        2
176
     1
  1
strokes_ogs.tif
176
     1
290
     0
176
     1
 40
1.0
176
     1
 40
1.0
176
     1
1001
ACAD
1000
AcDbSavedByObjectVersion
1070
     0
  0
VISUALSTYLE
  5
36
102
{ACAD_REACTORS
330
29
102
}
330
29
100
AcDbVisualStyle
  2
Thicken
 70
    13
177
     3
291
     1
 70
    58
 90
        2
176
     1
 90
        2
176
     1
 90
        0
176
     1
 90
        0
176
     1
 40
0.6
176
     1
 40
30.0
176
     1
 62
     7
420
 16777215
176
     1
 90
        1
176
     1
 90
        4
176
     1
 62
     7
176
     1
 62
   257
176
     1
 90
        1
176
     1
 90
        1
176
     1
 40
1.0
176
     1
 90
       12
176
     1
 62
     7
176
     1
 40
1.0
176
     1
 90
        1
176
     1
 90
        6
176
     1
 90
        2
176
     1
 62
     7
176
     1
 90
        5
176
     1
 90
        0
176
     1
 90
        0
176
     1
290
     0
176
     1
 90
        1
176
     1
 40
0.0
176
     1
 90
        0
176
     1
290
     0
176
     1
290
     1
176
     1
290
     1
176
     1
290
     0
176
     1
290
     0
176
     1
290
     0
176
     1
290
     0
176
     1
290
     0
176
     1
290
     0
176
     1
 90
       50
176
     1
 40
0.0
176
     1
 40
1.0
176
     1
 90
        0
176
     1
 62
    18
420
        0
176
     1
 90
       50
176
     1
 90
        3
176
     1
 62
     5
420
      255
176
     1
290
     0
176
     1
 90
       50
176
     1
 90
       50
176
     1
 90
       50
176
     1
290
     0
176
     1
 90
       50
176
     1
 62
   256
176
     0
 40
1.0
176
     0
 90
        2
176
     1
  1
strokes_ogs.tif
176
     1
290
     0
176
     1
 40
1.0
176
     1
 40
1.0
176
     1
1001
ACAD
1000
AcDbSavedByObjectVersion
1070
     0
  0
VISUALSTYLE
  5
30
102
{ACAD_REACTORS
330
29
102
}
330
29
100
AcDbVisualStyle
  2
Wireframe
 70
     5
177
     3
291
     0
 70
    58
 90
        0
176
     1
 90
        2
176
     1
 90
        0
176
     1
 90
        0
176
     1
 40
0.6
176
     1
 40
30.0
176
     1
 62
     7
420
 16777215
176
     1
 90
        1
176
     1
 90
        4
176
     1
 62
     7
176
     1
 62
   257
176
     1
 90
        1
176
     1
 90
        1
176
     1
 40
1.0
176
     1
 90
        0
176
     1
 62
   257
176
     1
 40
1.0
176
     1
 90
        1
176
     1
 90
        6
176
     1
 90
        2
176
     1
 62
     7
176
     1
 90
        3
176
     1
 90
        0
176
     1
 90
        0
176
     1
290
     0
176
     1
 90
        1
176
     1
 40
0.0
176
     1
 90
        0
176
     1
290
     0
176
     1
290
     1
176
     1
290
     1
176
     1
290
     0
176
     1
290
     0
176
     1
290
     0
176
     1
290
     0
176
     1
290
     0
176
     1
290
     0
176
     1
 90
       50
176
     1
 40
0.0
176
     1
 40
1.0
176
     1
 90
        0
176
     1
 62
    18
420
        0
176
     1
 90
       50
176
     1
 90
        3
176
     1
 62
     5
420
      255
176
     1
290
     0
176
     1
 90
       50
176
     1
 90
       50
176
     1
 90
       50
176
     1
290
     0
176
     1
 90
       50
176
     1
 62
   256
176
     0
 40
1.0
176
     0
 90
        2
176
     1
  1
strokes_ogs.tif
176
     1
290
     0
176
     1
 40
1.0
176
     1
 40
1.0
176
     1
1001
ACAD
1000
AcDbSavedByObjectVersion
1070
     0
  0
VISUALSTYLE
  5
3C
102
{ACAD_REACTORS
330
29
102
}
330
29
100
AcDbVisualStyle
  2
X-Ray
 70
    25
177
     3
291
     0
 70
    58
 90
        2
176
     1
 90
        2
176
     1
 90
        1
176
     1
 90
        1
176
     1
 40
0.5
176
     1
 40
30.0
176
     1
 62
     7
420
 16777215
176
     1
 90
        1
176
     1
 90
        0
176
     1
 62
     7
176
     1
 62
   257
176
     1
 90
        1
176
     1
 90
        1
176
     1
 40
1.0
176
     1
 90
        8
176
     1
 62
     7
176
     1
 40
1.0
176
     1
 90
        1
176
     1
 90
        6
176
     1
 90
        2
176
     1
 62
     7
176
     1
 90
        3
176
     1
 90
        0
176
     1
 90
        0
176
     1
290
     0
176
     1
 90
       13
176
     1
 40
0.0
176
     1
 90
        0
176
     1
290
     0
176
     1
290
     1
176
     1
290
     1
176
     1
290
     0
176
     1
290
     0
176
     1
290
     0
176
     1
290
     0
176
     1
290
     0
176
     1
290
     0
176
     1
 90
       50
176
     1
 40
0.0
176
     1
 40
1.0
176
     1
 90
        0
176
     1
 62
    18
420
        0
176
     1
 90
       50
176
     1
 90
        3
176
     1
 62
     5
420
      255
176
     1
290
     0
176
     1
 90
       50
176
     1
 90
       50
176
     1
 90
       50
176
     1
290
     0
176
     1
 90
       50
176
     1
 62
   256
176
     0
 40
1.0
176
     0
 90
        2
176
     1
  1
strokes_ogs.tif
176
     1
290
     0
176
     1
 40
1.0
176
     1
 40
1.0
176
     1
1001
ACAD
1000
AcDbSavedByObjectVersion
1070
     0
  0
DICTIONARYVAR
  5
D4
102
{ACAD_REACTORS
330
CF
102
}
330
CF
100
DictionaryVariables
280
     0
  1
1:1
  0
DICTIONARYVAR
  5
D1
102
{ACAD_REACTORS
330
CF
102
}
330
CF
100
DictionaryVariables
280
     0
  1
STANDARD
  0
DICTIONARYVAR
  5
D0
102
{ACAD_REACTORS
330
CF
102
}
330
CF
100
DictionaryVariables
280
     0
  1
STANDARD
  0
DICTIONARYVAR
  5
D2
102
{ACAD_REACTORS
330
CF
102
}
330
CF
100
DictionaryVariables
280
     0
  1
Imperial24
  0
DICTIONARYVAR
  5
D3
102
{ACAD_REACTORS
330
CF
102
}
330
CF
100
DictionaryVariables
280
     0
  1
Imperial24
  0
DICTIONARY
  5
DA
330
6B
100
AcDbDictionary
280
     1
281
     1
  3
ACAD_XREC_ROUNDTRIP
360
DB
  0
DICTIONARY
  5
1A
330
19
100
AcDbDictionary
280
     1
281
     1
  3
BUMPTILE
360
1C
  3
DIFFUSETILE
360
1B
  3
OPACITYTILE
360
1F
  3
REFLECTIONTILE
360
1E
  3
REFRACTIONTILE
360
20
  3
SPECULARTILE
360
1D
  0
DICTIONARY
  5
12
330
11
100
AcDbDictionary
280
     1
281
     1
  3
BUMPTILE
360
14
  3
DIFFUSETILE
360
13
  3
OPACITYTILE
360
17
  3
REFLECTIONTILE
360
16
  3
REFRACTIONTILE
360
18
  3
SPECULARTILE
360
15
  0
DICTIONARY
  5
22
330
21
100
AcDbDictionary
280
     1
281
     1
  3
BUMPTILE
360
24
  3
DIFFUSETILE
360
23
  3
OPACITYTILE
360
27
  3
REFLECTIONTILE
360
26
  3
REFRACTIONTILE
360
28
  3
SPECULARTILE
360
25
  0
DICTIONARY
  5
7B
330
7A
100
AcDbDictionary
280
     1
281
     1
  3
ADVMATERIAL
360
83
  3
BUMPTILE
360
7E
  3
DIFFUSETILE
360
7D
  3
FBXASSET
360
7C
  3
OPACITYTILE
360
7F
  3
REFLECTIONTILE
360
81
  3
REFRACTIONTILE
360
82
  3
SPECULARTILE
360
80
  0
DICTIONARY
  5
D8
330
69
100
AcDbDictionary
280
     1
281
     1
  3
ACAD_XREC_ROUNDTRIP
360
D9
  0
DICTIONARY
  5
D5
330
65
100
AcDbDictionary
280
     1
281
     1
  3
ACAD_ROUNDTRIP_2008_TABLESTYLE_CELLSTYLEMAP
360
D6
  0
XRECORD
  5
DB
102
{ACAD_REACTORS
330
DA
102
}
330
DA
100
AcDbXrecord
280
     1
102
DISPLAYNAME
  1
Imperial24
102
FLAGS
 90
        0
  0
XRECORD
  5
1C
102
{ACAD_REACTORS
330
1A
102
}
330
1A
100
AcDbXrecord
280
     1
270
     1
271
     1
  0
XRECORD
  5
1B
102
{ACAD_REACTORS
330
1A
102
}
330
1A
100
AcDbXrecord
280
     1
270
     1
271
     1
  0
XRECORD
  5
1F
102
{ACAD_REACTORS
330
1A
102
}
330
1A
100
AcDbXrecord
280
     1
270
     1
271
     1
  0
XRECORD
  5
1E
102
{ACAD_REACTORS
330
1A
102
}
330
1A
100
AcDbXrecord
280
     1
270
     1
271
     1
  0
XRECORD
  5
20
102
{ACAD_REACTORS
330
1A
102
}
330
1A
100
AcDbXrecord
280
     1
270
     1
271
     1
  0
XRECORD
  5
1D
102
{ACAD_REACTORS
330
1A
102
}
330
1A
100
AcDbXrecord
280
     1
270
     1
271
     1
  0
XRECORD
  5
14
102
{ACAD_REACTORS
330
12
102
}
330
12
100
AcDbXrecord
280
     1
270
     1
271
     1
  0
XRECORD
  5
13
102
{ACAD_REACTORS
330
12
102
}
330
12
100
AcDbXrecord
280
     1
270
     1
271
     1
  0
XRECORD
  5
17
102
{ACAD_REACTORS
330
12
102
}
330
12
100
AcDbXrecord
280
     1
270
     1
271
     1
  0
XRECORD
  5
16
102
{ACAD_REACTORS
330
12
102
}
330
12
100
AcDbXrecord
280
     1
270
     1
271
     1
  0
XRECORD
  5
18
102
{ACAD_REACTORS
330
12
102
}
330
12
100
AcDbXrecord
280
     1
270
     1
271
     1
  0
XRECORD
  5
15
102
{ACAD_REACTORS
330
12
102
}
330
12
100
AcDbXrecord
280
     1
270
     1
271
     1
  0
XRECORD
  5
24
102
{ACAD_REACTORS
330
22
102
}
330
22
100
AcDbXrecord
280
     1
270
     1
271
     1
  0
XRECORD
  5
23
102
{ACAD_REACTORS
330
22
102
}
330
22
100
AcDbXrecord
280
     1
270
     1
271
     1
  0
XRECORD
  5
27
102
{ACAD_REACTORS
330
22
102
}
330
22
100
AcDbXrecord
280
     1
270
     1
271
     1
  0
XRECORD
  5
26
102
{ACAD_REACTORS
330
22
102
}
330
22
100
AcDbXrecord
280
     1
270
     1
271
     1
  0
XRECORD
  5
28
102
{ACAD_REACTORS
330
22
102
}
330
22
100
AcDbXrecord
280
     1
270
     1
271
     1
  0
XRECORD
  5
25
102
{ACAD_REACTORS
330
22
102
}
330
22
100
AcDbXrecord
280
     1
270
     1
271
     1
  0
XRECORD
  5
83
102
{ACAD_REACTORS
330
7B
102
}
330
7B
100
AcDbXrecord
280
     1
460
100.0
461
100.0
462
100.0
463
100.0
290
     0
270
     1
464
0.0
293
     0
272
     3
273
     3
  0
XRECORD
  5
7E
102
{ACAD_REACTORS
330
7B
102
}
330
7B
100
AcDbXrecord
280
     1
270
     1
271
     1
  0
XRECORD
  5
7D
102
{ACAD_REACTORS
330
7B
102
}
330
7B
100
AcDbXrecord
280
     1
270
     1
271
     1
  0
XRECORD
  5
7C
102
{ACAD_REACTORS
330
7B
102
}
330
7B
100
AcDbXrecord
280
     1
 70
     0
 90
-736978550
 71
     1
  1
7C1B10E6-389A-43A0-83F0-B5E56C05E293
311
504B03041400060808006777765AAE2994A06F010000B80200004F00000038453739373333342D463741442D344546412D383730432D4534393342343533454244452F4173736574446174612F446566696E6974696F6E4974657261746F7250726F706572746965732E62696EB5524D4F8340101DBF628C31D18B67FEC016
311
5AA0808931D0524F4D1AEBBDD9E2DA121768D825EAAD070FFE6B9DD9525BBD0B19E6EDCC9BD999173E01E0AB7D10C201DA1ABF17E8EF4529EA3C9B664B517038DD45F6E02146E93814CFBC919ACAC6B9CA8494BC1455A3AE765556C135F6E3B243456768DB80A20E8BCD6D34C0EB66A63784C09F5637775C29A16FED300DA2
311
C0753D360AE221F3D251CCC2C019B0D48BDCC4F3DD3419A6F6835055536742D9C1A09B749DB4CFDC308A99E7C60E0BDD91C3123FF5FB03C74F7B916BEB6553CC4B9E4BDBB1DB1166AB725141031664708423901E97E82775AE8AB1D05CB692D00E26C87A7EFFD781363C47336C7BAA85907F5432318B598AEBBC3C46EAC996
311
4EC064F72522C61A4D51B6A01948A80FB47F166836A994EE395D7FA314FD2AD7786BAB989EFDEC4FAA29E8A06A8FB0841C14A257F4125F0BE65083000E2F883994F06EBC42968002B3D244882331AFB1AE4296329D56A697464C19CB74FA06504B03041400060808006777765A4EBD8038E0010000C8030000450000003845
311
3739373333342D463741442D344546412D383730432D4534393342343533454244452F4173736574446174612F496E7374616E636550726F706572746965732E62696E95533B6BDC40105EE7650C31DC4F5044024EB1F1EA690B64C92759972A60708A148120CBCA5920698FDD3D92EBAEB33BD7FE09FE1BA953189C2A694C
311
0821557093B4CEACF6849CE3C86360776667BE995DCD373A46085DCF044CB4046B0AFB2AE8A7799DB322DBCB0EF32A7D088E8DD8880C92B8D8DAF4FAD8B6FA046F5A0382232771DC983889E959CB5DA24CB10C7B27311D0F3BB66D61DB350D1C0DA21D6C6C582476E3D8EB271EC0943C7E79F2EEC7DA8710F42DF04C61B5E7
311
462BD4552883CD4B41F5B6514F1EAD462E4269FF41AE5A001883D3B3CFDF56BE84F35AA50300EEB90D87E95CBDED21FF1AAAFBEFABD0A52CD3A1643F65E475233F6791CB1B880EDB58EDAB16E8E65B1547E65C5677BC03A6644E5EBAF72615D9217E4ED9984B3FA3A34726C9682DF25AE881E1AFEF535A06FE98155A9D56F9
311
962E773D3828589E09CA264FDE56A5BF0EE1C0E78215F57006139351AEDF858A723E7AA07759C1AB67B9484B3522187CFF3222AF76291726319C95B608361DF77FA66509DD83D4292CF477166563A4B41AA1056D6E10E0EF408DE7C6B63822A97E00A8E58F9F8EDE7F3F5714CFD32053A1CF05D7AA54C02F95965A59ECB394
311
4DF480B47CFCD6EB41F44263940AADA607C00D90A6C2813F64743C9A3142742D2B53CEB774FE0B504B03041400060808006777765AB5A795FFE3790000DE7900006B00000038453739373333342D463741442D344546412D383730432D4534393342343533454244452F5265736F75726365732F37433142313045362D3338
311
39412D343341302D383346302D4235453536433035453239332F7468756D626E61696C2F302F67656E657269635F706E6701DE79218689504E470D0A1A0A0000000D49484452000001000000010008030000006BAC58540000000467414D410000B18F0BFC6105000000017352474200AECE1CE900000192504C5445818181
311
B3B3B35A5A5A4848486060605C5C5C6464648383835E5E5E6262624E4E4EAFAFAF4A4A4AB5B5B54C4C4CB1B1B1858585B7B7B7585858ADADAD7C7C7C464646787878ABABAB747474A7A7A7686868707070B9B9B96E6E6E6A6A6A8B8B8B666666545454565656A5A5A5505050A1A1A1BBBBBB8F8F8F9F9F9F42424252525276
311
76764040403E3E3E9B9B9B7A7A7A8989897E7E7E9393939797974444448787873C3C3C727272BDBDBD3A3A3A6C6C6CA9A9A9A3A3A32020209D9D9DBFBFBF8D8D8D9595959191912626269999992222222424241E1E1EC1C1C1282828C3C3C32C2C2C2A2A2A2E2E2E303030C5C5C53232321C1C1C363636383838343434C7C7
311
C71A1A1A0E0E0E121212484A484C4E4C1616160A0A0A4A4C4A787A781414147C7E7C9193915E605E464846838583878987B1B3B18587856668665A5C5A626462818381A7A7A5A3A3A1B1B1AFADAFAD7072705C5E5C9D9D9BABADAB7E817EB7B9B7585A58BBBDBB4C4C4A8D8F8D747674B5B5B3B7B7B59FA19F606260ABABA9
311
A5A5A39B9B99A9A9A78F8F8D6C6C6AC7C7C5451AD12700002000494441547801DCBD89771BD7B5A70B8EE04C702641712605CE034890E220088028C93245451215B713AF388E7DFD9EEDB8DDCE6ABFF4B57D97137BE50FEFEFDBA74049B6AEED74869B7E87404D2814EBB7F76F0F67A8835CEEBFA0E42B854AA5B2BB5B6BCC
311
951A8D52A93657A914FE0BEEE39FFE2FF395B9B9C6CAD2D4C4606F4B7FFF8D1B37EEDCB97587F7CD9B4343BD134BABE7DB48E3FFA7A228ECD6F6574E4786C0FC8B5FFCE2CD5FFCE297BF7CF3CD5FFC92B52FFE58BFF9E69B776E0EF5F79E55CBBBF9FC3F5D3DFFB07F5898ABAF7CDA3B74E74EC0CE20230561BF096E97E057
311
12BFFCC59BC80539DCE83DDD6E54FE61B7747DE17FB8980BBBFB2BBD4337DF487881AAE6C5ACC6AF25207877B2B527BFF1CB3B77FA47561ABBD7F7FA7FE146A5B6BD74E3164C7F51449AE95DB412200EC539418717E7F2F11B376FF62E95FEAF1442BED0581DBCA1BD2780D23F506AFA16E1A7AD974EF17876F00DD7BCB187
311
A1A97AE51FCED5BF2BC1F2BBE5B3C19BE27B43CF26DE00933658FE129B109C2FFF922CC22C4260FA01BEFB462A77DEBC35F42F600C3F5B0795D2E9E02DAD5E650B4438A92801B65C35CBAB7B1EE5041CE69D3B6F1822DFB873EBD6AD3B6FBC71EBC6C86AE967DFC2DFA4CEBFF1BF54F6276EBC114E2F43FEC60B01A0D440A8
311
68B2920E5C4BC10D60931ADCB871F3268B21D3851B08E1D6AD9BFD4BF57F7577909FAB86F29B982571136AF01DF5FE32AC3BD9406CAAF2440A54CF176EDD01FBADA1FEFEFE21FE4C9858DFF4183458A9FD2B6708A5A5A137E0EE1D11A9EC0C7C58B2C73C0AD6B479BD76B7790CF899E287FA5B06FB7B07C9195B7851FA8794
311
031EF1FC5F9406BBFB23375420286399B631E93B08022A785C4DBF9996EC3551874094D71B6F487E80F6837E50F483BDBDBD83232323AC420A18C68DA196EDDADF68A77F938F78FD972BABBDB7B87FB164AC6FC2CB760365821ACB74AED44FFAD7E7431ECD7E08AC421F391D199998989A383D9D98E8E56F84A318C58D9BFD
311
2DAB73FF5222C8EFAEF4DE7AF30D756E5108683DA471E70D0502099A7240F19E4089D3FD203E620F1B47BF43501E85031AE44B4B9F2E4D2D9D4D51D8970983FA861B3706FF950CA170DE82F6B312CC4F42C8966295F7D725ED29882415DC055F36DEA1FE96FEC141493F05FAA9A9A5A595B333DED5B3D5A533F62183323032
311
F46EFF13EA0AAFA5FBF7C8976F8C10F7280A014832593B90004D52341980D907EAEB73411EB2F1EBC9F507F92746C40E7AE0AFAE54292BAB2BAB67CAE0746264A277B06508168C94BF772BE9765F7BF0B548FE1E07F3B5A521340A5CB5297C4B12811B89E82191ECF3E41B3259C529F135E23CF4C7F961FB13537F5A02ECCA
311
EA76B5BA5D3D3FDF3F2FEFEFB3AA22053E5008833428DC6C59FA2F770595F311F235D427F379BB8A121BD901B96076A388DC4C3C61C7933CCCD770FF375A6E0CE9F535FE2534BF5ADD3E3FAFD71BF57AA951B6D4CFEBFB8864758A26154430080B06ABFF557610ECC93726224F155D1471041E0D42F82F4891C926C1355B08
311
31649FF365F46FF05300A7A790BD8ADEEB0D4AA9569A9BDBADCCD56AA55AE377F5F3F3EA2A34983A1DE91D810543138D7F28E57FF4E2B5335A3928B76EA1CB9B00BF158C8F63A2E788826896D0B5E7C461949ECE089144F8EBEFC7FB4D8C9C4E9DAD60F7FBE572B416C2F2423ECF8B86C439E450DA970634ACFDA977629098
311
D0B2FAF313A36B3869E37AF7853378CDA1171FBEBA95DF1E44FD5144A420588641B0055A79ED91CC0DC41E27064512FB33F1F04D09D0D2DF0203A646A6CECE80DF28356A348CED8C4F1EF137B9319E1BCD29867CA556AA97F7B757567006A447FD375A26CAAFDED9CFDCFB2BB0BEEE8AA5911BC2C7F85DF88A3775389990AA
311
72219D582409210F85A4E66F2987D875C30848023088FDF77E87F96FD7CBA5B9DCCEF4F4C9FC7C676777577B7B7B67E7ECCCE4E8DEE85E81A6D55AA3BC7FBEB242589CE8ED4770E785D7DDE23FF2587EBF57F50B9E820527316488E5C32D50F979BCA58207297E2B6D658702FFCD211840FE43FC9F3A5BAD9E97E6F21B9FCF
311
16BBBB3A3A5A175B5B1787875B5B3B86DFEFFC687A72674F19D46A8DFDF3EACA59E405375ACE76FFA922C817CE86A89BDD92F400F2C55B7462F610459837D3A61ACF50C7471C8F2F2A9D38C3DA2F068007F80EFCDBFBE5DCC674B1D83EBCBEB8BCBCBC3ED0D3D333D0B3DE33BCBEB0D8DA35FBF9F8CECE68AE020BCE61C112
311
A4C1138CD47F9AD13F7DC6AB9CF9CFCFAF9D0E01FFE6CD503F5B91C5218E2899CA15098714848B04FCE5654884ABF0E554F11F6C21D73D5D5AADD64B7B9327DDAD8B0B7D7D6D6D07070763BC0F3E38E8EB4310EBEB8BC3DDB347E3E37B5842B97C4E44A0C630427E5CFDFB71E03F471E12CA9FF70E055AE141042DD81234B8
311
79EB4606361D9328149037D7D76A571A7E974FA20AD0323832713AB5BA7ABE3B3E3D3FBC30307070B0B9B645D93C3CDC3CDCA41CFC6AAC2D64D0D579B4B1B397A7C1BDBEBD7D36657A3CD4B2F44F4909F2B9CA597F4245C59DEC354316F0587020D0C661742BC02869435FD12CF195C422DB3C5A3E2305C000CE6B7B27ED8B
311
7D63079B5B5B878787C787C7C7C757C76C51B60ED60EDAFA06D67B965B3B672677080BB5329E60E9B477847AE2E9EB53E35779FD37EFCD2D0DDD68AA355B6B0D81860502B8B68C801F5C697E9AD62F4B406244CB975560BAC756AAA577675B07C6D03778C17E7C95CAF1B3ABABE3E3ADADE3CDB1B1B6B681014470343EBA97
311
9F8B90383545727C63E43549D14FD0F927E5F1FDEFD7263058FE02EBCD1BDCBCA053496BD58E69BC44F9F854D4D979AE9ADB908824382AC1D4014E9756EAF9CE85B6B54DB01F02F8EA5908E0D9D5F1B3E72188C3C3AB67879B07C8A0A767B8B831FE5E7EB754DEAE5261460243FFF07858D8EF0D658BDC563A2C5EF5833C13
311
C90B69248C4DD97842B61DFA7F210A2F6108A0F96B62E2D3B3F3DD939EA47E30ABF5AB2B903F4BE5F9B36757CF65021E616DAC6F60A1FB647274B4B05B2E5341B082D43278F67D8DFDA48AFF9A13F22B34C7586C9992BA6E66CABC190E313E7C811AA57304B421A75B289B9D174CC868C24548823E230B9A5A2DCD2CAFE1F9
311
8E61C015CA7E96B083FC59F3ED06EE60F360B3AD6F79787ED278D0A86FAFE00BA9220EAEFE1D5DE1F7855939C3FCC1332426B377F692406E022C010DB437EF009803F0DCFD3B7C94440571D8F2C328F115F47FD324802070BAB43FBA80EFDB92FCA1F7E7CF9FA875CBB327CF9EB08C4DE4815BC4210E2CB7CF1CEDECEDCED5
311
B757490968286899FAF95583BF46F9393CEE6A86D6F618CAAD9BFF0BE22B042412C5CFB50556815CC5BBE33E9F61ECEC26A9BCB8145FD10590078F9C9E953B513FAE1FE387FAC246E14F9E3CE7F5F8194BD6594140876B6B84C5D6799C61A16434201E5237582AFD75C07EEED9863F463284E2E13425A036BD41061259289B
311
6BDC1ED656FC8B8592C9D00701E27CEA749F0D8EF44EAD8C1F80FFF8F8F9D513191F6803384C800097F24069C407CFAE88136B7DCB3D5D4A60B711F19070D83235F77331FD35E715966889038E2E0B346EAB7936C4162043E1A1F144093695443A570144898BC4079CEF1912809A3035A1D3F361235F90FFF1E3E0FB93C7E2
311
750719F88E7D8E68123883ADB5B18185AE99F1D11C1238A792DC4BEDE8EC6FF503DF377E0445F68FAF4E08D43082D02170F30131A154206CC559A8D9CFDD762B31273E4947A581E0D9BB71E33FFA07CD02CE2A6BE1EC80167497F2A81CFA3F7EFE58D0CF5D5D170DE4F89070B0BC4040CC17BEAC6B0586C3D3FF0309BC06F4
311
4B04A1E13729929B4DF73C44070692C810B08AC3012E8EE9EAE22067796288C193B2139B970B86F47FAD0F98382B1E035D9C32FD318A4FAFCB274F2E1FA772F94411B0CD42493C23393A685B5FEF3E1ACF554AF5F3552A478383374E6B2FDDFC4F6DFE38F4F4ED7A7FE838F488EA852482F412D3CB07E293D02C9F074F12E8
311
4C5AAC423271450572A385449844706475FD38DC3C22486A0639E5F1E38B0CFE93CB4B25910EF309A2224BD8DAD40C682C28341AD69047E8539A6AFC14EC573F7FAD10AE0FE6EB13E87B28E093B513B5803514DE408809BC12A14876DE0A25F643009E9176D9F0C330164285A7444DC8CAF0E9FE41429EE0A2F6A6DE91C085
311
6C501272404A8468822E24C807030B1D33D40D4AFBDBABB411D093D88C86D7205E05FC57EDD1F805FA4CED5920F0CED39157E007CE21757C5DE440ECBCB46CD283E378029B43FB077B4F47E60E9F61E8D01BE017D7E843EB49F50A2028F1E442FCC90C9EE308E4C0C2C94EAE30B75FAD3A0EAFA57FE9EF960F14BE15638840
311
EAF3BA490BB6850EDB38EECAFD21A0C746D0C4234DBD035EFC7EDD121FA585FAB73DB89FE6A03CF833AB0730E5E2F1A36CE3F202A128934B44E396961121E1F2C9F32BFCC0C140CFE22C1CA8E109B182919696BFB98120234F61B59F7BF46EC30CF067B21A33B0FB3E402448EE266CCD93135A8E823DB31F85E677434E608F
311
53F8100BC0098EA2FD6BC01770E0F2F2D1E5452A711C4BB8486248FAD756D852026B6DC90A2AA5C6B69E9068B8F27AFABFFEE8AB36F1D23985D5960014FD711940800B560250D2272CC54FF1D3A660B275AC3881E349689C1616E1E9044129D032313509DE4700BC867C71F128C400159407C761022BA8A040F40A24478880
311
8C60B3AD67A17576279F6F946923191921B0545FC2F12AC0EFEFBD7262B6935679FC7F80629160ABFAEC88E8430E76D82A8DE62ACE50BD4A42FBF03B387B37FD321B37E31C3F063D99703F5160E6C9E5A300CF32A91E0A085A29C0FC507F6C21012303C6104B82C1F1E156DB3229D1A855A32A8352C9077AF733A0AFE0FB3E
311
F81FDF2F0F82C21B0EB06998866878B103305E31EC17F4FD43831E570A2118D1667632D4FFFFB125782F96168A833DBE78C3F11F8383A79D49F58F1E3DBC780417AE6581381E8610604888E2913E12492881274822C221AD04CB0B1D273B8542837460898C686864FF6F801E8269F40AD0481DFAF5E6E9C1F3BE391C325004
311
DF0746A4E4448F7B52C0D5EAD39EC46896B888C4210D68E99DFA2820DF7FF850EC407EB55C3EBC5028611409BFCB8889C90F1C52355AEF98B18100094C9D0EF6F64FD47E5CBF3FF5293DDFB4B50DDD54F351446FA1F14580DC3902C085F593CB24ACC917B213BBC11B3F0A61042FD8B24F4FB9C4556D0CB9E1A880DE89934C
311
E9607F18F81FDD950DD0E1D143F41D56110E227C250621FF098838042BC85B5B6BCBCBC31DD37B34966E9FFD9936A2FEFEA9EBA4182E5CD3E17AE35501FCE0707E5525A7DBC64DFD077825BE37CE0BBE1BBEC061410C660B6E49912665E2B3749C7C9F93834022F74CDE6CA5EB501D9CBC04B768292C5CCB84478F3CA83074
311
092C6082169015E5800D5839DC6C1B58EFE83ECA513BDE3EFB8EF1242D2D4B3FD55AFE03D42F8492AF8A3F21444FA2FA9ABBF525EAF84C09F0168527B0138A85D1EC0443C467B28BF844EAF76323BE13D7C11F72FED783837B970FEFDE7D7817E077C17EF7E2A1C2C0FE851FE4C008388C15E818958746129E1009D054B675
311
30D6B3D8DA3D59D82D9D57CF70039FF50FFE0DE94089DB269C3655A4F25B38C49D0BD48E59F1526887C18FC5272197F85CA72862A593A4843CD25F920487DDF7AA0441A2C0600D062001F103FCEEA3D8560CEC3EBACB01CAE5A51E420349F602191E5F901893142381351CE17047E764BE50DEAF9E4D8C38B6ECFFACEB141E
311
54A6865A88A60133EE9CBB4C256930B0B168C1C3AB59FE1743FB422C7166082E934AFA5EFA3E4BCE0B69362FA7041818B7FDECE1DDFB4D022007CA23E521F0700AAEB5888BBBF08023E128B4045381542FA256B0D04E28A0C3804E233A1BFB476A2F48FD135BAF9843BEDA3264EB42BA499601F16B566E72C7EA35908ABCB9
311
176BBED43204C696AFD3D7B24B08D3AFA44BE243D88A6D9D0B6562B52F741E1610C0EFBBAF2B0829289A640EC4C8A4FF66A24430786CEBE1E1E61AF9507BFB496EAEB64F8F49B4129EBDEC065EC1F8A3F228A3CD0950883B41BEC6D1944AE06147289600A7726313AC69A3F91197F1438BCB743E76F01F6EF1D1C854071670
311
FFFE43FF1EDED702EE5A14C85D0C42DF90B86068800659AC88981855E3E774A71C0CAC2F76754EE7CC87C808D1E1E0F6CF47FD4224731337BE1E39C5010823EE997B1491BBD99FC8D8EF77482BEB5EB2CF66499A8E0F7511B19B3EFBDACB6507BC78731B1B383D02FFDD7BE8DD9256F7D0BA7B46015941097B80018F700FFA
311
024CC08078F51806100ADBFA163ABA8A3B95B9D2F92AC30BC908ED31FABE0CBEBFFF0279B675868F9AA24E9530B08C174055B7F48E4F58002F3E82F0BDFA003E8B431EB6C4A91E4D9B5FFB791265BA8827BBE5F1BCFA7F789F72F75EC800F8AE43FFAEC42F13009FB905A9A0132015D0068ED7682AC608BA6771038DEDB3B3
311
3082891FAB1ABF5614F93238079726B833958796B845B731FCB86316713C1DC581B1E19B424EE32674093F80776F7E27C6FBFAC85C536CD955B96EDA2A3FBF770FF4BE11845470EB3E42D022000E0FE07D161811020742162444668308801E133A4C163BE68F6826A5523071CA78B2FED51F28F8C70FE4190073A3E5D3259D
311
7A288CD19BDE623F10021BAB0C6E327FD507B2741627727EA00D31856492F9F009D7F152D930704E642795C1C1B336E0DEBB7F0FDCB79318543B25341F36802D64A981A690B94259607DE0B19D466BF8C1C5E1CEF9A3FC5C639FD6117B4BAEAB453F8EFBDA500A67E8BAF76C8A06566E36EE1184E8329419161F83D843D5DE
311
7D8221163E145F56921C3EE383978072129E290A9B7166E63D26BAB1FCDBF710009E4051842390031845F20077CD079407C575F20364C4910ED2A574BC357630B0BCD8DE39335EB175646A698458F6A346F003A93002E846FFE0C459B8006E506D79BF902908A0AA05CB5E73530E33BA1D3C2EF99C712B7C8B41DF4D2A7830
311
BE8707485FCFAEEB85A09AB6D39BBF7B4F23E00509C20DB04E240822A4B810E04D8D53D10D504C059ED86BB8697F514777717A8F8144D48A4C89077F7EDB00E2D89DC02A7B975640A282C49A4AA84B70B12BFED8EA6584860DFB7EE23FCB00C6BAF7332FF259FA3C9346508813E372F1DDE425065BB61FDF8300F7EEDDBE8D
311
0C6EDF46F7D8823478590AE23759D60DA6B7A9F125EDE8F4A5D2B37470D0B63C30DCDE3D3D59A8D1501EB1B0A5377517BDD6E301F995E3F955F0F58FAC2E81CE172A8344AC03DC6781939D2484B8FFC15E8F3ACCD3954CE19576B942D0A029188EC7013FE59AE90B71292DE774F1F63D60230180B30A2EDC65291B6211B408
311
1128856001A680015CE000708254891851D4B3BED0FA4D7166B466BFF1D2A924885AD12B387FC0FCE6819AC3AE06A7AA4B715F0927B74D119D4A668FB54B8A8C268D8B038A207D10A7B1E95E42195B695BE0240F7408B311257C23F581E987C180140C584A02B1670CB817CEC0A080F259F1360E58452013200E3EC107AC1D
311
F4FD7B0F6D23F33347F9527D9F51E6138E31AF35F1BDAAEEEBA3D71BB402E2FB47CECEE96B4DB85536772B07C82A34F3E66D0BCEC207FEB9E70643761276F7B50D5EE963CFF80C7AF4A2130F5BF8C4EBFB5F07B709840480DBD8007FB7EF3F90104908BA457D43AA2A6A02C91422285E5AAC143F3313A0CB74D9D164933B86
311
C25587134E8D342B453FC982860D09FD13ABE72055ED020E85D3E312F74C25CB0293D978A1C4001927C80B86FD06349126EC219F0C735C8053D8F5F310817EA01F1B7851F406144C211C6362C27DD51F1E310C0102280ADB891E9B085CC528A2B1369A46BA195B9A2B351862CE43174BA73FB7CBB430A5798F4C54B7333B96
311
C3224A9863AD02B9FBD8E63092191924E77C199D92887DA594B6DCF0112857162FD0949FE6A441F5E62E42FB2105BC405A2301A3424601DC807912CB2C39C604A27908021CDA30C4C8C2019A883B3A8BD393BB3546136EAF561980FB63E9E035FF73B96D09A905ACB2C11D79571C5159026227DDBDB81396EB03F14100BEB6
311
6DE1FA9EF82C3ECCBE318119C4269FD014E66361FC8BB0B4EA9A98EF3D8848A01360430284335004C183CC25BCA82D2302EB03B8419241C64DF4F5ADAF77B533BE786334BFCBB8DA72BDBEFFC36103AFB30608A0B39B58D93F0BF42180841DD26BDC22CF0A770E90240006BAC65197D90920131C7B2EB3CFD3C71C6378A305
311
EE8488FC1FF8D391E2BDDB0F6E3F45E7C8207C419800DB410073A3173942CA8D5242642A74496FF115832A6314D9FA4257577BF7FCF8F8E8CEE8DEDE5EBE76DD3CF892BA7FB8B90F629431B5525E92A15A3A4A6FEA3FDD73136172060959206591F4C927196CF645AA285CF3014630121754261C0D31E1A7E3DA2DBDB54B04
311
703BDE3A4209F02045C4BB0F529A14BED07098A2A1CD47513DA64B512F409BC01663090796D787173B5AA141B1B39BB470EEBCF1E30F9D263ACC4D05110797CEF7B923B027F089F74D1D06F0A4D8C0CDA6604023FCA45B76C5CDE0BF3845ECBE13E0C0ED73700A8A753C1AC8AEFFF1B407FC8A20F42F0D94019121DE304077
311
A027D4112283BB8FF0072444D68AAD111D6F591BC0061854BBC048EBBE9E81F6A33A95C21BFD13AF3C7E7DCDFFEB0DE8903F77B41DF178E99C289895B0EA8CD640549D68935BA7C5294E0A1D66DA0CC419BD398E6265789CA1241441AC94532A3C19C95340BEFC68703077EFC1D307B71F3C500859C11494838E902203A2BE
311
90EACC5135B80B078804340C920C2300BCC06F7A1C71B875DC572C9BD1D84BD5FB9363CA6BA7D03E5C40FDFC54FC23C9B4B9DDD028787D89219038523BF64E638BB37CC25335937A00DFD32869C5B390C8C32FF25C8C47A7181B4A599A224A9DADB0E0406FEFF9F183B7448F081E3C55024FB33828784AB61704482CD0160C
311
04174F9E33BA9291D58C2F1F1B1B3B5863B0D9F3E51C35C253D54A23E560E2C0CB3A6F7A81382601C2079CAE96B7B1560D20A341E85A928A4E01083256420576C2ED477E2E565FD9223BCC691CF394D3D8E281501E0EE5C1C8159E92585D255CF30CC854C75318006EA4A01028EC853F9407C6053910BE1053483240022602
311
54886C156260F9189EE0F8C9A3CBAE9D5A992184568A69D5183A7DB97DB089FDC57AEE54F858FE54F577DBA85309640290F2D220952620750C5811FB772A7876D1E4040FBFC6474D51246D8B3FB378283FB514F8AB3C20B8BF7DBE5DE541C9A5D3D38DDB30E00151E02523081BC89C2214103E0BC1B3D0199A08E002681A26
311
13A2616CEDF0F0F9C5DDC75DA395C25C0309C03DEC8091A4AFD3FEB504AAC6633930556DAC86EE3561941E862C4A75DD6B6BB3A0C59BE153DFA73EDFCBC3CE2188D3D378FC976D0EF9A95B7C8532F527CE3CF539581E0FE501291E9139FFB65EFF5DBD8E0C18DE3077170A64E033FD278F18068028802F156C3809FDEB11B1
311
019C208D020C9BA2870457F0F8E1FDC7EDD393E3B9FC9C4308E9315704233F960E554802C14716B0B45DAB5EAB5E25AB7830EBB8D25E6CA94E4AA01794FB1EE164FE9F040FE82C940A4BCEF913075D087E85A7237D3CF29C47E4E676777779528C4781761F0BFBC1D3A77880E40C9A2E5109180D5255317890394229F0F082
311
010354082D574F1E3FBAB7D6553C2113DACB97BEB5526C7C6F69F9310A94C46CD89FF8F379AD1AA035FD00FF3F320180F01417A6F255A3A8D86319FE0C0B0E06A0DCD33F79841339C01E5BBE1911AFCFF7C1E0A540BFBDBFCF2372352686D863F83F59CB6865F43104007EE06F52406F680341102048A01BB048823082CBCB
311
0B6AC48C313F3E7CFEF8F2D1FDC3D6F6F9F9D9E98D9D7CAE5EADE2A6512FAD7AB526E17F600C85550DDE9ACFE9D97E694513103BC69F8A2813176032C890C1E9C49FC09C61670FF8705B1D7386260E7C8E7122C7F8208A55139E8C8D4763F7EBF5728DF9C34677364E3A3F9AEFDEC9CD95470788834F9FBEC512379890B38C
311
94205B2557987C4186DF5C0837608DF0F9F3CB87B7EF6E920475752A01460E556919B2B64296FB9FB70DD5F47232A0F77465BF140CD001F00ADCA175090E2665A14E6329B62660E02A1CB50C6025E3DA252A670B3F0FFAA5EAD94A509FE7036B159E0D1D9F2E76B7AE1FD5A606198D3A747AF450023CBDFD162278B9446688
311
111009B4029B0F2180AE20A542D40610C073B47FEFE1416B2B12200F3C991C2F54EC2491027A816B0A34A9D05C6F437AC23462385DADD75642EDDA738AF1600DBE07EE8437804D2D011A94DF71C2085EDD40266A407FFA1D1C00B0C03927E60338E3B9D8C47D1F8CAED578E06F7CFAA4BB63B175FA7C301B747CB377F45192
311
003CB8FD34B12009224543D8604494011A80C1903CE0518C986208E1C5FDDB8FDA161686873BBABABAE74FA637BEA894A44078C19696F326E057D7F95D061A6B0394A9D5F2DCAAFE4C2388D8A6E9AB7695CB0BDD0A332430F1A9333DA41D1FFB97FA09AE84E738C75C407C260408F8DBD5EDED7DE1570A7BE333C54F16963B
311
46AB0C2B71208EA3D16EF4EEDCD7005241166C005A73C03164792151205C007288AE337B4D7103741BDE7B7AC913350B348B2D767515674EC6F72A0402BBCB41C81305AFCF05F2758D3ECAC8D26AB97606DB9581A4B7A8FFB068CD5C0604E6849046B70C2B60FF0CDDF93C13822B4E82FA0479A68220E66D9FD775FB3C1A9C
311
DBDB9829B6AF2F77EC9E0678FB20ED8D1B1A1A39D10F9812E20D6281F5673121AACAA9C53424000DAC173F7E18C3052EEE3E78E7F1160F5AAEAFB70E0F7775CFCE4EF384DDEEBEB9C0889D5243BDF557559FEDE5F17AB21E118C4C31A3DF6A96B56AC62180293910ECD6B721047664BCFCC6B2DD3C65CA0F0C823DFEF84083
311
C7ECCDF05898EEF158F4FEF97EB9C123F1B9D1D1A3D9F9AEC5F5CEDA84A3C96C14A55584D62893D6A54D8D2028D05C8B1F124884543F3223B29D208B04910D3FC43F5C52196AEB5B5F5E58E8E82610F08C21BD443801233C0CE8BD1E40F84A1CA86001990048031ABBAB11EF83F9283EA89F181F2A0D9A9F62D94B7F625FD7
311
27E6A93F63F200F614F7CF100D4511C07DB45FC5F0CB4CA359ABE4774631FDAE85E599EA0878A3C33D5AD6430CF4C055EE5FDB80629000D7855DED3F436F3B61B3DC7FFACEFD2B1BC6FB0696312CFA477CE87A87070C7998E04FBA78AE3F915A065E819FCF35B410321D9ABB308146A11AD5196CDDD7C477A171C8AFC74B45
311
CBC6F641AB53C8D4ADA5870C02379BC0470CF83DB55F073E29CF5CE5F7A3F8FD62EB7AEB1774C2C6780B9523F9287193FD23DDB79FBEA513B45200E2E0C1B51350163AC19043C600F2C1DBF7DEBA7BB9B5457BC0D840CF325EB0BBABBB786D301437000020004944415472B491ABCCEDAFC0591201CAC8EBFACBF367FE7B6E
311
40E69F551BBBE7123E3C00AC560CE20C62436E8C3C54CC225EE08C0D74CE26148877689EDD004FB2BFBFFFBB984035373A7954EC5EE8591FE531348654514DB1D1C56411DFA2A7C212BE5ED91278F2851A432244C6822C29C85A8B320ADCBDFDD63BF71FD32648E7D098CD018BC35D7FE89E250EF2AC75F96C152716026879
311
65C844B8807C6E7729D93F22E81D39ABD62A0820C1FE9F11CFA7208125D33E96FD69E83AF6052DD32D49FF0802CD9F9DFD39260389A950887A647CCC99BAB17132DFB5DED35138FB3A060F6295AA5E195BF0BB56495A5A4A8FA440026E46A047D40ED2520A441C302D240F201FB8F7E0EDDB0E12A04D8816215A0579E8FE1B
311
1281E9F19C9900DE79842E2A7CCD48E9876EB01C75DBA0E0C8D44AB5512947A00BE7CF5DE9E1A6A6BE43CF1A78783DFD5A404E4477336C1ED8B18908B2A847B2AFE9839E891137A6673BBB96FBBA2A4B8E9373B001F08369BA11BE8ABC4302FD2345FD6014A127068427D007BE28B41D9B0D40FFB7EE531FA673C8870A6913
311
5B1CEEE8D009C08042A5B4EDA314920B635BF941E7487E45256439DFE9D276295F87E698389CD49FB394FE19720412DEDDC40E9CE9C6DD605E0B719FADC416CB15AB3A61F9B5B9B9426E54F81D8B03DD950946D432B40CEDAB7BB5AF11213CBA73C9BCCCDAFBCF06127C7980FE6D1DC9B4DF14832D6568FEAEEBA76FBF4383
311
00B541064ED33F3AC0B0D10505306FD370AED02859234402F6C3FED006766DDED2034D90D119057225EEE3DAF787EBF30EC51ACB4F551678BD6728E1944730C095F13E4D81A4DFFBF67C5BEE37E62A85FCCEC6CC6C7BC77A5B477E22223ECA4FCC0F87E2A5E3EB782BDB25B8CFC6736A044DE5A7CDA604526361D650484FE2
311
83B77EFBD65D52C1C73C4F48E7D0D81ACF572F2E2280F98FB230508FA906B42DE240ED651B301CEC83DE1790C9FD96B6CBF986BECF3BD332C18EF627A0B6EECD5B152E02088D03D828AFFAD26B05BF671B4F9A09A8CE0CD2707F67F2A4B3BB75B9ADA331C1305BBAC182FB4A79820B7EEAF73199B8404C0B81231CDCBB871B
311
80FC41FF5860E8E108222A1A076C29E6E03B6F3FBD4F1F295DC457573C7ADED636D6B7B8C88413DDF3B327E1046AA51040B40CB50C7E3F1D2E44DAD34CFA604029BFFBE714DF0C069908027EB275F1F366C132E1A7450B04011CF82B2B647CE754F650FF6E25BF37AAF65B7BDA16CAA791F1D09F6CAB989EC5AB7809BE145F
311
A459E8D3E4B0FB47DAEF093B946FED585B80FE1A0305FD5330FEDB4FDF79FBF6BDE81D8300CF6815E5F9896552412A03F31FCDCC7CB5E32365550CD9365FDCCEC8752E943161D78047336F8AF6539840A1F2E764FDA2970999F205CD2BD1F5CF496571F76EAEFA0E1CF8FD2A55FD06391F9EEF8B9DC9994E72BEBEE1FC928E
311
2F223EBA0FBFBFB4F2DF137BC894B8087643D64ADE6EDED67F7680FAC9060239E845FC94AE93D880F994FBF71FBCF5F66F9F32C292EA900F9C1E6F1105E81C5B5F58A067A448143842008D7275EA3BBA3D2516FDF02FF79260020D6B3C714711F3CFB61BFF56A826E627E82256F7400FB387FEF23C1C1E77FD6A21EBB1B2B3
311
5F2F95E7760BE1FA3ABB3A981423477517EEE36FF96F122B942F6FB64D9502BD1B9089162532A2FEFED255028FE653C9F46FA321E0B588B7DE79FBED07C44106CC85133CA65190543004D01D02D8181DDDA5A9C91A7110805B7875B689FC3902200FB192E7DFD936B37B57D9C338BD49E99E181F4E5FCAB2ABC1CA7AAB382C
311
BC7D515457CFABE6FBC63D525E5CDF74B16378B9AD6774A58531912D232DF01BAA913DFB7D3AAFF912984302B84D0500077800D26C60A4742101DE420C610C2E92FA93056022EFBCFD5BB6B38651470CD33BD87630C05831BA864C85997B8754B05167F0706499DC442FCD22592AEC2ABF3FF13F950039BF159FA9B36ABDB2
311
778EFF83F70972B83BFD3F4899E64DD8346AA495CB155A7499F2CE39B0AAE755125EB84FD8CF8D8E4F4E9FB4B72E8F1DBCCB98B31BC4607C2CFF21C8145FB48EA0F2159F86A3098415609554DEFA7B27EF1301033DD06D274BAF6821D220DEF96FA4CBB60B3CA241C021D38E1AA76B4406B4767576166766A6C7F77273F5F3
311
95291BBA19F64F2E3095C14F3E60371827741CB27E89543857D6D96BF9A47C6A9A26057840332EB843717AAD171880217B71FCCC0355AED3D4819911F79D0EA8AD6DA31A83E36C5DC2D470295C011302387069158F6C9966022367ECF1D00BA9BB95C389AE7B6105A1FB640689033A7FCCFFEDB762189103A61C3A4FEFE0D6
311
A6B5A19EC5755A443AE78BC5E9235B047890A65919A0D2F96AA3C01CEE913BB3ED239C3E0CD8DDAB99E4348BF3F8B977B6C43DEBEFBD7721A839A63B94C06A10DB87FCBFA3C2932F8C26F88B6D6BB30C3C4E09AFE40FAB52EFAA1EC0316920E031A46D65A0FFE45A673432E907FBCF86717AC04F2CD0EF512D665FF53F05BF
311
CDC43489F150890C60A8E0314E70A06F619D30D841189CA15D3417F3CD50191AE4396543F0C42BCFD696C58DF163F5B46D708BD5FDDA5E5E5FDF9401BC4F7E00E8A17520833D1CBFF495B5D1CE037C664123EEE74737268B5D1D3DBFDA6AAD8C08DF2C0BC7A737E10AAB2A7B958990CEBF556CDBEE823CB09FB344143463C6
311
30CFFF585D330CF0320E921744A7918280FEEF981161008E9FBC78C830217A07B7D6985E83F9A79884ABB5AB383B4D7D788F9FB3D867A2112A43F19042B33A108690CF6F472F8661CFAC971478757F6E6F2F7AEB82FEA85E5715941778B278281F28C268AB24BDB470EF3303E09C359E9DF1CF990D8A096106E6A66C8620DD
311
E7D281DF0B2831F20439A30D68386CE13E002F7EDA8D7806162B205D6A19AA1FABFD6B1B400EC2BFFDD66FDF7E8755B4883C043F43046C1326136680404F1F934EBDDFDD39CB58A98DF1BD7880E0532E671FA1435E9D6EA5E9071000BE8F262E7C4044FD95D5FD526EB40A05A634775F32205C3D779FDC168CD5E56BF98250
311
8BF572BDA4F6F57D3304BE9EB18149461B12F760D7485891CA47CFC44909136FBF4931716A2E100123FC6CCAA6A644F25EDF4AC980B14039009BECE8B798BF69A05DC5B6885CD23F8E13A46FF0C0A986D617F001C52241801E87C2974C31411DA3A5D7B6175472763D637D3E57C33B908F867F4A59CFCA7923375E5F027A98
311
3E18BD7BD4E6FDDBB2250C1529F4202EFAAF979DFFB1F2612E87EBEFEC58581EDB9AA95AD1D7C1905F7305BF8182D5BBB524D47C4E3B81CD843220DE1E6536497C0962C225F75A2D6A998303B23FC501F0B3F736EE1FF01200FC8C99F5515207C9C40081DF304C0A17D06E26CCBC5B3C47459308178301FA8057C2C0AE9D99
311
B05F038828B08400F2E3251254DD7EB8BC4853B101F99AB48E387457C96951E5DB670648BAB70A7B04FE93EEC5F5B183F9739C98952C6845C380D401B8FC86E70A20744EC720E09D35955D96A9041720196D183AC2CFE6AEA816652D0234883D788BEC8F5DF2615261DB031C2381092401B48D8D2D870FECEA9C3D99DDB036
311
C8A051058030E32190976718C89F031DFBFF2EEA3D88606A8A19BD0AE305BDFD12BA4FF46F1A0002B07137989C748936E9DB2C91F43B07E4E4D16C3779CF5A4FFE8CC981F07C29E34B7C012AF0054FAEA4A6A3D49D3A16D2B3CF220A029003366663053C89B3FB1827080DEC2780076FBFFD8E39810CB0593CC68B5D9009F2
311
D400418028B0BC6CC74067E7C9CC0C2690FBB084AA5254A12AF63543B35EB40D17B693F7E3464D5094C00AA9E04E0E0524F5C35C5EC6BA94B21AAF2440725E2A9FF94FE7A8F0E769EB83FDEB039B631B18BF396F5C13CF89ACC02C387DA56DC3B1CD84B96CFAAA37B55FE723B611062258257D331F186AC93D8AD600B4FEF4
311
AD777E4BF68F2168FF08C081A37AC13446C859964803961928476D78F68419390D830C1935B5C2A0A22A3AB17D3D6428BF12DC373B8D464E04C0A496BB3B3B75639DCC2500E0F0B15FB6F47B5A7ED0183A87CAE8D535F2EDBD4B3B7FC762DFE65A07C30B2851DB890082ADC07131EEEFA3DB7DD5CD32C0860CA83CD4B7993A
311
175F422A8149B1C1D94C1145059D9C78A8A572A90B7C8B1E3392FF77A80C50220880FF3669004E90F101740D2B808181455A044904674E7482CC3EC85C4BCE339404C0B0BF6A5611E4F9B8157BAB6DE327EC9BFBA1B4557ECB609C1F45326499EFB90EE78F18227F09E563C9E63D847EDB3B68EB9C39E95AC4F7ADCF7D87F6
311
752BB6912040281E4A0D8A8314E80D60470999B8A51FB1488A66A9F3F81FFA61C83F4FA6969E472288FADFD61B005E0EA4284822E018911828E868614DA0C36E11F3A051070BF2F0840E35F200E2C0C80A776CC9E7E6841C0503D0EDF15ED9AFE527E798D23BEE5F0604E58DFB7099D739BF0BA5D332EF29F1535995BDBD0D
311
E681C4F71DFE6A7AC5A13554AE6910963E9ABC9A0DB5B202225545F5CFACC942B5B93C207352B6E5310BF349AF200175D7DFDF78F6D683B7C87E087FA9B35812C4F8F13452CED610A2207541E6D659A739441F3833CD0C9C3C3DC2B0712F62333C4FA9327C9CA1124904B4FDE0FE21C119776CB0C212AAFBA5CAF80EB43772
311
ADFE77CD9FA8A4144C54C2FB2304C65F62FC3678E4F6C68F30FEE1BE8383CE7DB86F58B1AE0C51F0F055E188D02F00911DDB0991832228B3172B3E623E513FF1734FF414A611A603163F401BEA790FC9FF7FC3FD3DB02DC00184145B850D01D120424DC03C00FCEB7880EEEE939399F1F18DBD4AA54C939899304D913CC2D5
311
CFBC55E50C7FBE4C0E14AEEF53D6843DFF56BE2D554637EA047D3C210E2C61077875FB5B40E19F43AB7470CAFE1C0D3ED3B3B4778D1DF6D4F837C08747180FE8394F2CA1E0A46B6DA62CE2B2DABEDE0B1924098580FC16B369730E9E90541D3730D47FDE16EE1FFAD3419CDA05ED1F2715C607F2E81893AFC5936303F40EB7
311
76F1D808BDE393A3FA401E1C706E154C892860AD74A2949C409E28A8FB3349C764D13E4D1D3468952B7B1B35001BF41142CAD58D6011C8B78961EACAB66E9AFBC627673B61FFDA4167950A274145BF11EA17BA9AA60815C2C43AE1F648E3772E53C94E6364AF826019E723069A8AA353A3BF7FB5359281700061FF64C28C10
311
B9AF0B70B0B0D30A31CD1CFD22F68C76DA1E44558869257892363C091D313EFA46B57C3BEB252E9C6BF5B4799EC58F1910F469E25AA17B343799DB3E33CF410061F96C6D63FA91B1000CEBB7D2971BDD39A2A76361E000F5DBC1688D47CB812DD60F8001AF25B328D173A9E4BAC18CE9F1F628704330741B2649B92E971444
311
7C68559C6CD2F681919367E4811100750058809D0230C087A89FF3C80C23C4C60882E481F48D531764BABD5CCECA308DE2F63D3BB50373D630796126803C2D1FBAC148F7592881B395ED7D26B7DD38D7096AF98841CB37592561D9C6565317AFBE9FC4AF7371E060736C7635E0CBA1809FC80F544DBAA1F2F9393D970D44C0
311
615A0C6930E758B9E63AE690F73045F0C8C0731DE9CD80F718E94652383458799E02C06D328010011C7090D8C5E5336A83D4059953877EA1E1D66FBE994F04608C4C991917230FB61F9AEE183A40AB9108D032449FD1A7283DD25ED15360EF7EA9303EDDC0043403531EDEAB10DFF87F5E2FD56DF0F1B701A9F614DB17FA0E
311
0EDF6FD0B1622A81FA3D1DE5A33F551930335C353A87F9AB05C60455193448246944A232C5D07636D864CDD7A50D0B4440CDCC465D1C418321F50E1648D500294065D869559EF3C40C8FCC6C323E989AD0F0C73142480B200842802C061008B480A9954AF282052B3AF67350FD0DD30D1F4075AC303A5D490250F5400ACF47
311
9656861E4C77AFF327F3EBECA4B57B6B6C8FF62602BF150744656A87DABD7BC6BED50527B2120C001A0B3718C74F0C65CD34F275164D7968148DDF259AB8AD6CA81CDA4E8819509B996A7F642D987A401A2B04018C01E6C169A8700F9DE3B489DB2BC49C9B7B858A4F50D22AE15428FCA4A1EDB20C83492690CFE361CC7F8C
311
8066FFD0D77AEE797977F468A36E0B0DFC87F90EE6348BC748F7CB73B5B9DD5C6EE7AB19ADBF6DF359F1DC2A0F9E44F213F8041F64274C0859A2AB7C37440FEDDD2F95BE44065F22067E3EA0CC3BD8C0D8194EAB291CCEE20B9CD8E02950AD806080047A279F19024C837C848816719AC4A34DF8F0706CED904E8185753A45
311
8A27E4C1E37B5F30A104932BE140E0BF4E400160F320B054A8705042FFC47B4940810173F9C9E97240C7FCC3F3813EA239B745DE9F1B1F3FC2F9330374DBD1A7B475923F9A2ED81716D18D1B577DAAB9D1A0458655AD3CA7E211867AE7C702DCACCD291E0F798013DC01BC326087775C0833E04EA3778FBCB8DA4687A0255C
311
A0AD210C15661E4E92001A4449031D1DD27D327334BE830B64DAD90CBF537A45FBD4E94A7A88888E715B7E74FCD040E818BDC1BF5AC609CCCC015DED23877080FCDC47BD8EF3A7B783A17D33F3ADEB6D6BC7AD75EA7C7852C5B6FDADA6AFEFC2D181C03F8C40DD8A4AB5024F0B72E34B57BC1182472DC80946789AFB711DB7
311
F1193C03C893B0345F420246114D3EA71D04FBA731C0DAB0D3CD311B218F0D5A15ECC105D02F3AC32F13600084731A83220040019B03180634B5923D438300B05BAC80881F061095FED5D572A3323ABD83F1D37A2301A8C930AB3F66ADF7CBEFED30BAAD7D78A06DEB6A87F15491F5AB7E25842B6B34BEFC12C8A159F187C6
311
4B3CBD2356DE5FBAB98BBE9583F0E3280C0076DA15BF34C15238145742B07080B1EFB83382F9FEF2239D003541041083C5AF9EF3C8944DC2030BC3ADEDDD9D27475800693049E05413BFB3FEB4308731512F13400D06F813368A0101D8D863EB3E75FCCADED124F532AD3F123F131AB46A93DF1ECE7F96CE9EB6C365C6D6A0
311
7EEC461FC919FE288AF7AE1A7D012D291EB073735FF26BBB1C99FB706E972192819B7A34BF22424BEA1CC7958AC2E04BFC8E02DB90A4A1DD04811ACDBC181037864672C78F6C0EC3073A40CC49D5E813593B7002763BC6A909D31AC86F3F6E335C9E1C309BC58F16418642E2AF6B290A34FEDC0CFEE08FCA0F56700699CB73
311
B9C99302AA17BD516D7F1FD755A2B32B3FBE7134D3BEC813195BD355020A7DBB541539CD2C06E45F46FC0EE08293E6C0E1972176D9B678340AA1A4823404EF79B1E2347E47C35D0A2260730E0B513025DC0BD1C07E3366E9B9D17F767405FB531070700035618606F0B40C73C974CFD321B0C174A80C0F3AA54945FFEF348F
311
5488895713E89B5C98DA501E06D8D24FF04FF0CD7ECD7BAA755A854EC6A180AD13BE094E8D5D63BFD6DFA5F5D3E4DB1BA18FD8473DC6E17FFC9832B71A2A94D96E808BB53F9192955D62C82E282B05168AA0927D54AB20A20A74800B7CC9655C8B15F62377CA4C91641F9F4D0478F4FEFDCE273A002CC0A725EC165CE3A149
311
F0333E8E9600B2C05A7D15FD831F0938DBE5D0FF13E3C0F0765965A0961C3FA86DEEB0E28304747BFBA5FCDEE44C23544F7BB7BF7A132DDE34F99E44EC3FEEAE92F667A10F7E90B0E8C6442DF5A5318B0F816311DB2E6DC6F172C363FC800EE09186BB9EC82A24C0117700CD884AA42023B81EA6E0CF8B3056411110D78606
311
EBC5AD5417B45BCC8E61EA01C4006AC233933E35D860BC1B6CB9C9CCCE7840D2E0C1C1FFC11CCE54D59300F2B47D66A10F09D8E24B71B9BDDF98FB62A3B897C53EC88D16D1FFE8C649B17BB8E760EB20B784F52F992544753F2CBF642CD3C9C70D8722C197142C567E74FB431EE248A8F3FC00377F5142144A82FFC28AC297
311
0A780C85A7EE9146FA4B2981F3C93BCB0F3FBCB6DD3DE69C72B6073B99140DE28B8E919D9D9E7C2F5FA99FC1FFD07E9AC0965CDAEA0A945FADE52C791EA989E8E7A21A355FB37E44405D171B98A6E946DB26AE71DBD01FEF07FD378F5B4B518724481820890E7486E3FCE61A60E096D577701890EE07CA5D7F2B086040749F
311
CEF3F81972E510A86359C9BB579883035887542090614E5C4461705D7CA1CF84DB564838606CF1597E8119790D021080C935A908324EDE9F60A04B7830A33F0670CB08605B8D01BF9A3D435693FAB4FD84EF6754930640C1F9D74B052A7ABBA9F502B39DA3BF6BC7514EA4BEC71D752BFDC198EDA8DFE8F32B3EF811E4576B
311
0A2074B99B070A069F60173E7427BDF285024E35A4418B7A412914F2800F1965C4F1120A2D5D2C64400563D5942044807BE7C738EBF3034C4A6F4D70C04ED1F97673C039FABC4CFF18866E08200BB66BDC9CCDCC3FFD1E43BEFC52C317F0F5E64900FBFCDA4DEE68768FFF46350E0EDADB7B34DBBEDE3776BC55599AF84E31
311
2229F931E700D04478D66A0D88D09B2276141AF0F8811C5F8067DC04C0F90929F7F1AC9CCD368488AFB965C97B855A3E2E93AE5B4866502E55991B82D4388614F2C36B8484A5FA06E3EFFA984A6AF17D5C2073299D9F12FD63826F67FC460E54030981684E9FBFC22009A3006962285FDF4FC84B699FB5BEF3736C6072F684
311
4C15EDF25883037DE6BB7AFAD6AE164B367812FA8CFCA6FA25725D99AEC5C6EDEEC64ADDA2BE0056002032E1D7A20A54CF444E360D520A5B69816C0A953CE0434A8A898BF18E2B704588C01BDB2133342F5404FEE698957C200EF54E31BE6DF4E888C9C67F5F3F1B41F922777E7FA6332677C20098C59F762F5DFE4A23F980
311
1A3BB6F8A4F66E0D40EC867E92DEFCE84C714FC7CE8DD3DD3BDBF9C781B1C3B549FAD2C89D711808CAB100E09700BB85240374A7209212F320CA577222A7020E7824500179FC7096C714884BDFD9499E027ABEB3CB0226CD293CAE6E0C41A6788F396606A073E28CBE5CC67D584D36CA39D37974FE1023253E3FFB007A26F6
311
57FFC901D851130DDC2BF54884F20D5D40A0B7E5C7BCC7CC87B84F2ED820192CCE1AABA1FF24ADBE1D03635B5B3B53D4A5F84120125FADC36A0E792D3AD7E255792CD5241A4C84171F1104090017DA493D0A7790A7BDE6DF326180398E4B0DEADA5C2763825E43E05C388E184678C88CE6422606C017F030366981353DF03A
311
753DBF6370879F79889DD0BF75408724DB53C5B0063AB6568D02DC47AE4627B58D7E367A6000267E7840C23A0940B992DB98ED1C4731B4FB4DCFB6D3EAFB6CAC7646F0335C5031888CD74E2103380260AD47176D703960230370FBBF28813524C17FFFBD6288BB28E4F905ADB4A788B40B4A6201C1878BED224DE9906C4C79
311
EF32EE679B9F5D3B5DFA137327320643909A823F62106CB8F9BFE4BFEAFF0FC7A6393EC7F64A698EFF8ACE31BA05ECE6DAB6DF124118D1D13F892F3D3530602E3F3ED3D59DFB821ECFA3D9AE85B1ADAB9E328DE738BF55D5DFD039445AE76D0194180F57B15BEE5F09C07F952F9A10372BC894CF7DA12CF6507E2A8916E0DF
311
430C519485C55D61EFE209912D8C32866214E121611E22A0B1238DB18E86636A3BFAFD5B4EE02FF1E505F902BDF424D0516907BFC95EF3A76B6B3872769D67E25B548F0DA46E2B93DFDFD5F2B9E9EEE1EE1DCC7FBE6380DFBF38A165CAC73DF912AD76A4690D2B766A3EB4AFA2D05BE543EA20B095FB17AE3F1928D8448204
311
9B659E671A4763CFA567C08824913D37F2F92F841FC244085C1681225C04AD6DE1684831682CE0D6096B56101C0D4FB3A1BD3F11FC1105AECF5660BD3FEEDF162B0D9DEC6DB55AF27FC98050BDDEDFF63ED14B01336053A19DE9AEF5F5D9E9D9F9E19ECDADCD497BCC57681922F327EB41FF681E17C1921B04FBAE371AC69E
311
53F98183E91B84897A5DB164158BD1D12FF6F6BEF0E02847727BF2628F9FD48B6FB11DF6928C868B29590A0606F92140D0C08850DAA7DD8A5FE8A50389F61288AEB743E9C801BB67DBE0A7F64F63BC87770FDF57AA73FE1F5A84F8DD3AADDFC32087FBC0A7D645C327B97D65E7A8BBA76DFD9BCEE1B1CDE3F5F7CE4E6DF401
311
3ECD7CB60BD1239E8A4E9A5722AD9C4FAC8F7FF17B214AF8801950430639A08E3ABD05A0D94E253BD5951C885B0CE750309070555FF21F2EF83FF53F4E15038B8D8A244740A5C9CBC120043DA0B323FB1DA0A4EDA268C05A304619505000BE10415DE898809DB6B66896E60AE347ED3D6DC707CB7D5B5BC374A158EDC343D0
311
EA61C217D4878CBBDC1D85686782C3CF4272E7DCFB5E9EF628F5A95AC1AC0C6848F5771329EF8DF2BB79EFEDEC8DBEC72EB7F245287FD4B31008AB38EA4D52F2BF57167159E3004CD8950E217DDD6F699FC763E9D1A0AECC701F7BD4430A3E030374066938F883C01DE40E7DAFD609345E33570F4CE6BE467FBD7F793B5AF2
311
A9D331D86DBA7BF98067918F9FCDD609A0384B523F4413B574B818C6889FAEFC5E7B8F90CEFD62BC2C85B2478D54DD076635BE434FCADE68B3ECF1C8708E27863DBEC352D87BCC7A92A8E135700CDE65BC114026DE5DB68275E656D2C0D4087293D43BB4C9C14EA83C0D806783B40DD7CD4F19EE9F33801F55A3F1FD600017
311
A6CD5DE607783D5F74E34680E7DAB98D99F6E5B5ABC7F7DF19D8278322F6A97FDB2FADE1539BD945DDF868EE2B8B70D9EDAA45D1BB0A5801198CF1DA891540474745BF0317F8A3703E02510AE94B084221F887FE950272D62D4232781054A87C58D015CD45EBF9B70E60820A2056E9D4D619E8494BBFA68B61EBDD8CF52CCB
311
A124BACD4A4077E8420A7F36FCDAF661E577B792A7E1B7E337C7CF1FDEBB3B49F501F3C7366C1730E793F51FA20A9C3D2E9F18E63DC277449054CEADA36DA0807467D45F8A744E1BDED725A033868703F1392BBE221158220588F30574A0B0893D0515B0B7C404AD0E7F40C11D504C49BD7DA39A85A19CD7357DFC966E5D92
311
272FF06D59CA5A6A1C8AE30E52F1247C1F1D78F81887F9F3E387075B170F9F5EEE4A7F5BFC69DF02FD8795FCFFAB472E7C88D563DA514861B85BD41594A75F5E866BE69471110A9F75C8609C7E6BF6C7C727431EE3E9E3773D2378C25226E82C08104A57ED273FE0921D6990E02B006BD038263BA360355E8DC446A380F0BA
311
35FA9945A80CF60DFD54054202F91897C241C147D59F8E0FC67CD0F2BF377A3463F8BBBABCFBD6833C57E214AC3F5AE9C2FDE88852968F20337972C7E04EE5658223008AE82D93BC37D8DDD900BD6B16EF221F0D4149045D740A8A215D4FC186C658E01994B8CCD317465828704BB630DA2243B3B4ADD3EA554A9740845414
311
8C04A1A0CAAC2E04033C04073851F54380E0BF2DFFA43FAD3D6B574F2E1E5EF6E5F4FEFBD1CA87C161FCBCF5C7AAE2F726F814027BAE10F79BC3D765D61D1803952210A9AA07F8C6BB2105B61145B324F96014EF223D4A9261080239F03FF6F4DD4975C183B887E081F7A467A25EAA0C94028FEB808637768B07400A8235D4
311
EF33143253198900E079E3FACB0C59B00F827A5785A6FFE2FCF0C0E6F1714F11CDE5140D931D707950631F3DE877F300002000494441540ADFB08704E252AADE1BD4E8DF55796A32B9B6F17737C67702E5C638682737286CB0E0A89B624D5BF28222432848C9AB8C07170C97B814FF492A61072407D638006F7C8400860444
311
C01B1930A522788045633DFA9507267A3A42BA05925BAD705CDD3792FA23C1075C6EE768A673919EB6C3FCFE7629B7310AA794CC9C0D14A1FB88F95C845BF22543F57996E0B26C9E4C2ADF187F979F8A55F11B47BC26594C52588518D25E6C2B1CCED231EA1B748F093E5726A21A54C91EF95789041030C20FD5AD68613432
311
E19A4D0DA2505B6BD843516E10BB00AF9AC315EE9FDB39CC1F9EA59CD88F9CD071D470C86C4647FDEDDBB1CDAB81DA94034747A779F4CED497CFF817348F69F52E55490840E48840BA72DB71F3E84F6DA2F4717AA928F153DA6E4C7E8E00363CEC9A2E1C8E65F298FC4A52F087FCDEE5CBA38A80CBE11FF7BC2AFF249203FF
311
AB77A128A001B1987BD334AD9B901890A8C2005B6B248196AD09C0025ED841325B31845032E327C531C839E66DBAB39566B631C2FF0A1DA5A3CC47E665AD8751B47CFE33899DF047C9F3C365E3B11278D49DF939298E09002F6430F9958803309827A7C791048CA070061B7E9A64C557D235F83EE24822E5EAB805F9862F20
311
FC58F483DC0EF02181F572930205107E00E523861895A2811309808F2B6C14B2AA579E893753C155D2F54302007E9FF36AC5FEDBCAD47E182D91A73920CFA5C18E01F8FFF4C3F1FF553BCAD0E58DEF85DD63B91BE38ECE1A9FFC4AD4A1FBA30D462C328C5A0340DFD393D3D3D3C0659195C96990F391EFF4175213BC74C020
311
922D4830FE215E76940962BC0713A3B82784C0CB6623DC40D6E1485BAD454F6892200B225096127FBD82D2B12006BAE2E329C771E25FEBC0DAB3B5395289D56D7A8A89081B34EE06F80F819EFE75C67DEEE95D227E283FE98A7B9F1C97D2D05B4D07A469153C3DA3048EA68FA667A6D90E291C7D7E2D063E4D044964D055F2
311
DBF3E31BB851AE9F78A0A7314F0AD24901F581D74A6929142039C65AF5830D1C809536CDC05E4BA51038F79D713DA930CF18BA3010E385351CF47F74D439BCBC793556A1F99814926AF12835E251C59BEA3C083EC2B2760FEBDF4304C9EB87B35769E1EB24B648542CFA4EBA9EF93CD42F03C08F249A2C98897D8E2225E900
311
77823F4A52171A61219998CED6FA050992B6B0A74A2220ED12123004FB977084208F8E2AFC80F456CB110BCA647A3A0F854085D84FE0052BE31FFE7F925610BAFEC06FC33F9931BF063F39DB3D1BB20EE357F594045F4226131578582CB055A59A073AE0413989D215019B6EB8A21CF154D71164E0D8F4E730C2CD382D098D
311
A5261456A425643686BC8301710F2C50665881399156AA2B4C3191BC555728384800CE10040F746A3D8A80A5F0E500A93456FEC52833BBB45203DACCA37FE1D3EE4B9BF0EC27ED47D89B8266F11EA2DB8B5A8BB93EAEDF0C06B7AD0402B9EAC6E787365535AF19F15158308A9D9785C1BC1C01377F8C6B4D07B50DAD256497
311
64A91DC9812C7B34CA98184084F7C01055466B48058CD44085AF26648520C85C41C67805462D8425680425559F4440F3ABBE1F3F81B1EC72708767DDC8FFB6465796C8FE310FEABE0C9B242A74137EC3E0427091967023299BE5D6D4D0C6D15747DC2AEA4ECC57C72856E827D33CBD319D70FF854369EB841282F84B7CA488
311
1447ACFCB257E252E00FBB3272120A75B99119840858486615636E0E0334031AAA8C08A62E080053A0AAA4158431EC727A084021D41CF5D630C94184F6FE7432E8F5F9A4FCDF3EA7CF136FC2988093F98ED622E38E4976E1BF0CF49D2889E6DF3566719FE1F9B47A2D3BF89C69155DCF24F88C609EE551160F0415900B4C48
311
FB013D8900A9192A700748002924771A3686A0A580FE4009E00ACC090253E280B90AC15048E047020483A038A60ED232831F2CC90498648690D960C48E439F18F4DDBEB0B6F5AC7B7B89F6230243B4FA160A7B9327F3AD5D937C8BFFE5FF8B3A5E64283BEF8EAB9F71159514CFED62DBC880614AA1F7994CCFAE7D8C87057F
311
451733699B8DF87056E1F0654B5021E38097E4E23221B810DE20559AD183A61C2C88A648DB096081E9801CA00BC1DA0124E08DAAC15FD2936905CA8DA1C40E42B13F1764E0C4015EAD7F8BFEC99A310B1B7C0BCC7746D3C0702759C89EAD57122092122D1F857067684A578F1DAB7EAC400841F493A468113282FFE42316CC
311
74C756B1C880FE78795C692813CF4644480EE9B02991BCA257A71861F00666D9410288487618D120D0E80D7773E2B7DD180E100EC98B221C94BFC4FF531A09B986230F1CD08378A8E4D0FDD7D9B1BC75F5C12EAD7FF83F3ED19EB018620303C217A6A35D826E72ABF2D8E2BB1B783F6E48D2E3F360806E1D192085D0221034
311
73A10375B63853EC54F500B5B064DBC20945B88160DCF7E4F83A0200BF6FAEAC88E9F54D22D898E43F378D20B51B5D6B1457000922202800DD401A9266483029C0D6D57ED80D42A0E6E08835F0F3AC73D7FAE6D56185F04FC44472B854EB7D9CBF7134DF3DDC35A9F6B38417DD6F508B37C1A718B0D054124176F7222F62DF
311
B327F34D451799D56216880193254FF782D7DDE26C271BF38C6E422E271CE4AB8823C9510F021126A7A944E00DB4031D013C88EA0746C96D4574069BD5439C4110403B40020C30B07A604F1E41D19C21A93FD9002DFC35F23B1E7B98E95E38387E3603FE7393680410D702FF9ED5A3C5E5CE68B5827D721FA78F3A9A0C08A7
311
9722D9C9B418F46C0057BB1640C70AA4A03D29CECF33987596D53CFB27B32C3BE304C540E14BF8464E080918268D254838C91A01F0FFB99154FD8A9C0495EAA6534A6C464440B4A71E16100E7405088122A35F7A511DC003D002E6C8E7E15F6D1D2FD09014139EC11FDC89394621F77B9F88EB5A583C41E2FEDBC8F8233449
311
4C0BFA97FF3C3A34ADE60385B60E5A30CF036E5E75370BE3B83AE73B3B7DC0BB337DA0045299ED0C66681E4AE223D01B1BC3BD4C921E2005FEB5114739040758189BA8A320067B62A3995E4720055065AC2B4A8006BF8CFCC907C0063EACE41813C5F017065AD46CFDC6FF1BFEE052932CA3478C8E5A6F25DC8503D40F61FC
311
1B047E4DFFE8E84407C81F1AC7B5C79DA358551CD0D13785A9AEB38D6EB68A0A8087FC6543E7471082873CDCE5CBEA1EFC5CC0579469E225428E9A43D6A6000B4219DE52E8DF00A55F4BF5035960661C2DB88AC1F67C2890A93FC420193C8326409E7B595FBBBA9AE1D1511B3F6D65B09AC10A71C2317201A603E88C56CC68
311
C91279E83F5C147787EFE6C675F00941D23EF092920330982DF38C65EDFCA89DA98E8ADDECCD77CB86D85118F3DD9884820B1128010D02F1060F582871CC8FF42024C02239273A1CC3BF71E770DFB7E96081682803188118B50310BD620234F230B12711B063E0F0490FCDA9248B580D3D3DE944A30CFCF2A1E0F6E59E8FBE
311
A289CCCC943785BB8880ADA9C2FD70F6A13F5418444E3A669273C006C4B4EEEC067827539FFBEA9CFF04D84E7F170480037005AAC8829084329899F90B5E013927F8E646514B4824B01D11F72C012CEACD163B6358A4454A4221D06E68A71062520649BF9E9127D0772D6E5EADED52FF216BC2FC513C7D3C5CC4C8AF009811
311
826AE20203B076A2AA66D8D32E317DEE0EFC000FCE16D9E0BEB17C74AB009256C5D8AD1CBABBDA61402612C675FBD72D07E633B1A42F2421208CE01397560811204306617A5141706105C9F4984C459F2D0F6C392FA05BED808512B0B9A8A9FC6CED89640EA347D31F0DF76D3D9E61E800FE9F7601BE4C9614A1C58E6C839F
311
13A12D0EB426DE6386B82369A9E6A7F1F9146EB578A2EF4289AA109B4F6CEFEC0463E0072A05CC9DEDEDFE08407B173B8AA65399C80B2911252E6290C82CC1B8909140C11B7AE161B42B93905045D017E00CED6D27AAA15F2C2179F1E83D411A7020B9408D202381E7E5DEE5A9E7E5CDE3B186433F488AC81554BEC09BC579
311
018ADD1DCB3D9D70F02B14BF9159A4DA376225FE43DA224FED327941705DA582B2FD1BB5DC0540667B650BECDD1D5DDFB0C7F36DEE2B94F6EE2EE4E426F20A1174C31DF153321A24114C4FFF25E505475F6906D4149B21F1BD9D9DF7B059F8E0FD83323CB97991FE80EE131A9003B81C491B218B1D42C0C0D593D9D5480038
311
39DC29A740298B0C23F0CE14BB167BD61989AEF0B985C8FAC8F923A73F31953989F0F6C96CA6C4D0A9A88184BEDBBBDA3BBADE77CD8E2FFEDEEF46184A86671D7DDC51417477BE9F04804F305AC82C2D018A21EA903866A0F959FBD4139916D036635EE03DDB7408BCF0627A03027AD314C09B0A27F0A79490D53839D0DAF1
311
416995CAB24101FA63F75029D57A4CBBA9FB4D120ADB17FB5A999FC9420DFE04FA670430B90FE7F589F7FE8D50A4B5F004CE5F07EB4EA007F8AEAE8E8EF7DB3BE2F81F42166C7246FA9E62D02C8209BA1024414C483498B50229FD923F2414040B2081390AAC353B5283EADA12A30B1080866D746B9ABF5BC107F33C2A015B
311
275480759334B83AB02175EFD0DEC785DFC505E0064F4EBA5A97073A74C5C9FEC97BD25D819E28AEE661FD2732B8BBFB1BF13441B3C1F45E8AC1752BBF80C113DE960E0AC7D9D02C58C80505A19BA0E84B14402601A590A4AE00A825E98C3212342302EE10FC5100681F86834A2804BC409D70270A2091DCE874B16BE0706C
311
974EB3D26EFEDFFCA6C4579AA4DB781708469F055532A7046C6BEB0CF39F3ED2EC4FBCA3D00EA91CA68FD2B87B5C191E0EB2C300F00A1C9881F263571C6CFD83D079D09F176FAD839340CF030F70458F81F09AEE1329505150CA0A00576B56C06D58070B23086F685E44232D9D53DE3FC3731044F286D19F459351863F749F
311
1104198D6E14BBC68E17CAE70D7AFD958E350BEBBC70C9C4DFBA075240DA27D40AD7DB063A097DD3F041EDB3E4B682A7A12A548F3393DB01945547175879989302521EEB1431B08759B632B174E0F700E774FCA1BB83F95029ED1A084288C8893520E49415E00DA080AE8027C34206D35491D050A4C6B080F6A20889A2FF82
311
379AB6234F6710C05F9080ADF002B9C9F9C583AB220F45D618D7E7F7547FB27CED8A8B7A7D24EDA4988B0C1C2A1AFB53FDC61BF3DE50D63C560F0120B0372F0839DDDAF13E583B868717C1CB8CC71D1D7F440CC82184803144196EFD58BBE00B7EE77DE8C015942357FB06FC906A5E2B8882CCF9FFE184B0035A5CF186A962
311
A63F84B3AAEE3D5A2C830008807568B6A9F424086D2095A3E262DBF124350082C4B5DF4704A9D2C93553DE47BD6766B69349610716999FA25854F759CA9792599D3837ACF6247CE8597B0F960FA3EC45B61715050260C5844FCCFEC9666BC71F875B17E3BCB4CB151405D7D08F846B4CB952248B4603CC402B609E90F0044A
311
007FA800EC46D07A51232B00E5683C55D5096E1374DA4FCBBDE2C25A5B8D26008227CA7758033D7D70DF12CAF7F247939F93F1CC63047D63ADA0B7CC8771B234D8095FCDB577B586D1834062035670E204B245EC093FCBE15626C10D210CB38A13F50E10A0D5C0814B0C4B30AA9858516001669002229618F100767AA3D6D2
311
528595FE7A398C2D2300ED0013A0AE60B91644A057327BD3C36BEBF48C91279B45F8BD145494674AFB211A91977CB838DF35DCB3D6D6AA2FB2784B591ED785DFD7DB77747DAC9D2F7674810EFC2895F9ED8007EC7885101679C06F21E4B1C8A6120956F80518D1DAF1717BEBFB5803E20C6F2A11B2E48AFF4AD2810A700546
311
23E341B3D1ACD92DA91150DE631EEB2C28882D092049C0DD38E262A7BD6F98549930C9D44B7C37028AEA9F8C5628A2BEF5704C0DCB2B428181B1BE766F43014498D2E57791E4C8DA6BD2ABF5003F0C40202E2E32EDFB02852D16C30B7F646B98FDF86C7891690043128B0A0DE6B4EA27F08C30CA34C9D0AA0852A5997F8D11
311
A6EE84E040B20472020256F4AFEBBB74E6705A12083B249089218E6452C8E5A69717E904A3F5EF3D5D08EC1F4D4E85086B238CFFC11AB9AE972CB775616C6D1DE04DDF073B4DE3747C41FBAE6072901CAD0237100670C5A00C2C3CE063610ED824826C1F6650700E88C00B62468903A0D71D3A390255AD7040048348C56C46
311
47413C2C2561216E0C469203EF06A5B101AD40D0E207F78B124747DB5B4BBB4E88B1C373C114E0470B345156EDDBCE1B4DBDF81DBC400746B0B54E05F693707B89A5E430982C2AC7D10DFF11D5B102B9505034B35D07E8E5F585757F088B390F2D4C85CF7218E8418BB4F25B885053D07D5A908326809F31D6CC6B77CC9484
311
13B28664484439D118DBAC27DB5AC40C1AD166F25E6A2F0AE82100C0BF220405323E1FF80DFC518CACA8DE1003F3C9FAE9C7B2D60703A0004F8EAEAD2DE0F5485452D15B77B4B67F4C2403B8D8F9C533558ADE058A9E177A1698F75DC0EB4C800F74C0270178C8579C1FACD025F0560844502D2BBC01E620030CB93636C104
311
1636A693949CD80139FD15BE107F905590A292840F8860706D07E2970A2F15E5B13B87C3143CB2930374CC46A6F9B9D7A5CCCC14E11B9E879A49FBE27ADBD6DA82410FBB94FAA8487D61B51F4BE0A03FD08743C31020D6628ED20305A22C2C2FAFA7ED1E7881C438AA5B9035F20759E243C51F34D0D5F02F11403B9E204CC1
311
686C0B6C9000470561519CBE1B0E4FBEAB37A39EE4B84C05F023858779341991F36D9D9F351E7BB3B5ADF00148D9D05784F9AD8B037D48C01BFA83D4247F03BB768BEEF973A14E610090D4B96B1EEC5C5E66928F28EBEB6CF578B067DD83086081579848E60DFC7684044D8174993C39F886043481F6A2B743B18749E52447
311
CD4D230513032D20D20206E536E15BCF7B7D211634F98FF9986287F33F9A94615A5A0A7CACF8DF5DCC1AC6EF9AF1945EB78E0A2FED1DA2ACC00EF983F9A012260BD722EF61C9DBCDD8719703ECF839029010CA0B9F100B1D2842153E01A1A3837AB579516A31982FD2908A09100DAE591016CBCD4B011A2F4DE299E1338CE0
311
65DC4841BF9895D8C81714800CD08F5AD39601BC929B55D291F6CDCEF2AB40DD5D98F4E6F107C47AEE4A09A079C05316F479DAF4C2BAB83221BCC0CE23FE3D3D4C7BC9AB673D89A3677D6020F6E182332028012FA0FBE0B2668FB85485902A8E7FA0BA2105C213E20BC2169211A4BABA7D693C3F1DA961F203694853137073
311
AD5CD25F1C017DE0477626D7BA55B88F83B5EE513C41D814639FD1BF759171F4577D3CAB0C3DFF68B2D3B1F8478C18F67BEBB2598FA76A4545E9E961BACF657E0791D2373030E0EC9FAEDD17BEA7703A738185D08236C407448A4CB504CBF01FF43859D3115488EA01B55078000DF085911805790DE1B41B6F8CB2889C3834
311
FE02AFE07D85143C6C008438A944EA63E047023A7EF37E13B0903AFEA7BBAB9579330FAFDAACD540022980B65A75FBA17D388F1E6576405CCE7032D95BDA420E7DC0EFA320879E5F8B3B04C1D2D9C1114210C19FCC49DC6A855E12010184DB8968109ED016E4683CD552A36B3AFA13BFC2114068935A7E774CD2C7225642B7
311
3325938052D8634ABC18DC9442BF9E0402E85B42F9F3273672DA8E8F1070405D1DC3248487574CD98092B8B956E6AFE1566530B78FAE05B4A0DE51FBAF85DD075C7E11939F80E015A58D1F87E400CFFD2306C4D1D3C634380A201545A92BE01F445800BE12302AB477BD6F62600D211232EB061448A0D2B877BB940D63D059
311
C37E0569A83DE93E214F4BD86209FF6F479C640AFF8AF6D1BFD987D029A94DB7C329B4184D4BB013BF912FB88FEEF913071A8D82B651BC10DB067A7EC52FE1B421883144C00F64FA23A11CF708BF16CA59F18D4C04B8085964B2D8DA4A855187000BE440BC816FFB13374640B0EB1D0998AF38A1AEF503F14302E2811081FC
311
12EA6CD38A63B33035125F40F170C0B0AA45E9FCA38FC6D688D48563B5C4B4B7C359D3C7AE0EFB16ACD5E2FAA47EF8307044B4EBE1C71E84E742D81431FB06B90B600B9C239E277A57C94C427EE10E7826980C0136600D916A06058CBE8604DB4D314FBC014EDAACD0820F14BF75449B70339490FE5A0491221BF95F949DF1
311
235380E969AABDBE2D32EB4403D3FDF17F42F9A0A7C28ED75BE86BDB7C7EC80C76F86B8800F77B305EB88F00A4352E0F8089EF811EA02A3DF08F7DA008F803BE4B4EF5F41E56087099E920708C3D720916444440FDFA013D4E1201414123A09290F5BD7AB729298209C4306D007BB0829FD4EC3A6D7E4F00B67DF38CA0764F
311
832F0448E58439B952CB4F70DF964AFA74CCFDBABBDF273E2FF4F56D3DBFF2A78D42FFF2755DF307066497F44062AADFC0CC546F6DCCFECECFA232E14F408F05477D311B683A35BC245FCF8A5CD2AF20022C21022266905A5BCC8B20235D6FF04019CC04058AC80023662E25F342063165956320BE50370F2A657BACC817DD
311
A3DDD3EFE04028645780A768FE38DBA88BF2EF3ADADFC7FEACA952E5A77568ECF0C971DF32BF1D24F8486B22A649EC81B1B60315CBEFC026091CA45F858D7D04C1B437079431E63E38F880758842E780A9E03791C0FAAFE10012588C3C592FE35461A6047802BA18686887023A422A49599399893103942CF6DA53A8E38782
311
5FA0678B261F139F801E2B17C901D0F5217E07AC2401A87D0480F753FBED44FE949C93A1D042B879FCE499B3D861AEB23F9C1F372F0C24D0B7D6E70FE1AAF60F84BAE642D82F0A9F53E22783915518494FDBC0AFAE7DA282E5050B703570E06319A015E00D693A6BEFFAE493941C3B08C13B96BD20D0115A9565701DC58568
311
A3009DA13E965765C03091F0FF339F7309D44F6E61F837F1B1FF920450EB8FC48F9B40158BE89C81A597CFB0DAF5F5755D3886DC13D4479599B583758CBF35663AA234F133F91D3BCCFCE0A794367F385C59B19431780F1C099131384056616E15A1563B50021D369C593FB292685A68A8B2A50A0A2085CF05434617E05FC2
311
4A6B077B990014421A68401AC4D65788EE25F737EB780D08A6E38F060F2ABD889E1B889C44852C2FF368C1E3E710D73B6589EA83F7417B341ADA1F639A23D15298F087AD0326410E116C3A1B325218433C71AE62C07C1480F1C045629724A076A4BB8D622D24690486727F56108D07046DAB065000678E04C4F8C342DE27F4
311
AC102D854F2D08D59B4ED0E4F697B0FF62F113646BC5B7F3131D4EA8BF8B265EA3F2026E7061B96F6DF3D993276B2180B8E57067587428579460551049049B074CF8B1066C7E14C705F0B39298C0997C17F701097023BAC31081390196801FB0C2A12380042927503D5A01CA127F9841B460310639C674BC8CDF1A32050144
311
8E0068905B07F6E5602F8C1F07786253438CEC51AE61FDB25FF71B09893AC026A9EAE3F30F369F5D5EAEA5801FBAD3C98B38C13EE017B054F81A56F05259DBDA64FE270B1FC4C77200FE276FE814B916E222575ED717A62A92956504605268408CFE13FD61F84252228376060206802B9550F00B9D47E6AF1022538A752CF4
311
FFF1F5931384A9FF8700EDD4FFA2B93FCBFABB3EA6C607FF714B0B8B04EBBE83B52B246092AB018C0D0002FC490849F1E214AE6FC42009D6D86616C835B65DB9862EFC4480C14137603C3089D0A5588FA27E693DD184131BA4E88C35045ACEF1CDE1A82323C20B842F2419604821196EE8185BC834AD44F8E9B7549A329001
311
96E9ECBBE20FFB4706861AACADBBFD9B56A23FFD3AB8BFACC18B1B5AC0ECD7B6AE2E2E9CCD2BE8AF1B1BC3A813B94107E82DE67A42E7CC7D4A6116700B5B2EE3C338A09B840F07C40A64800D7C605AC42B72227C4C7020AB1F20056E26F542717F56534261DE3766AC10A6ED2D006DD03BA9DBA507AE0510A8B385C92363B9
311
154167F1230C40D76AF6F3BE0CA08F8BA2FFBBCEFB09D0986550E0F0EAE2F2780CDF850CB0F88CFC2815FE87BD83909F474F45DD47F1C821DB2107A8817FD45384F57891B65F2543D0C1E20A89B4A8DF806862AC27C60F6A054627FD344250718AC0FA21CDC4E28DBF2650D1B39D8B8A420C348A4F846E2BE824BF8C45E1DB
311
8EEB52F576F47A75FF95F90FCE0FD3A7A08D48D5B9AFBE3EA658E1676FE3372FB57F0AD8D70ED4AEBA3D4C2BE0AAF1C3AD63A6004D12900CFC481A47430C9EACB390038642C8C41B13303166614210592736B8603AD4FAB17189DBB32F3915F0C380795A089A15228460BDE8E52203527D41B5470901B088D84FF8B3FE2BA7
311
F4FD30ACAB3DE0B7E2FF95807AB0010FFDE3A048F7360F9F3FB9380EE537F16F8673131325D3351A3F664022020811A0FE8C019CA17370725CBFF64132025DA1BE2555102212E80A907FB43ED80A991A8AAC183932C19AE17524B06590B6AD286EB99BAD18FF4BD64BAB519202F992A963648ED30E7521F909F090C0213E36
311
7A77D8836BEB6F34D92EDA624183070248351F1A079E5D3E7A9EE81F2CE6678F92E299EE312B6C0572C0A7B5EEE07853612403813152C7125E2022A20C18F855DBAFA399817FC97FB6E1CDCA31D348434ACD0012F0D32A5456B4007E6E92D72B1A4E9971223A42C1042819E4049C0C5801300C0013FA48F8944FBAE71DAFC2
311
7F1826FA2304ECDF3F6C10FF47D5C7E49748DDD687DE8E91C09394EE0682A4F84CFD6067EEDF43E67EA46CB2F4070160439245F00343D03BF25D7E2F26FC400A896DBF19FB8D4D0A66DA669C3D608F9CD048A0533621B25690EE19D5D15248E390F042B12C682511B02BFE3E5700E4C9A9B2107A8F45248FA48234FD23005E
311
D1F4EFE80D1320836F04003BF42856D478D1DCA3ABEEE3C68F9F30C3A16E5C238EA5DE3FF37DACC2F8B7980033F47FAC34421EF0418A045394802CE032D61C70023D788136788613887C0011A4EA316E005718AE191F8D0D841B9C679CD2FC478442D005429166F5A24403B1E6ACF3298F388B6D0BA933D92339D48969A5C1
311
1F09B4FF017A9900A4F887010C474717E10F36468032FF33F4AD610517777104CD920C3CD15FC5F3B3A0C75BBCA3B00F2724863C10BCD4A0E00736C7981F2F72E4B001438B99714FCFAF713A2603BC710376A1715FC602022202E06FDEBBC680A3DF1C4C095A12C50B554FE7623B50374FB2129DDEA4C392C9188077658C87
311
F55FF92FFA507FF03FC8DFD3F31BDAB46DD51AEB03F7E1B38B8B87CFF47EA1479C3EBAD5C6B382C221C0F1B358B39D76D9D3142C4A20935F541E492E0EF081BA41B3620A8E172B584EA1485632E22A8221CEDAC6110AFA4B6D43E2B76A18AB240BB24337721C9321D2C033B2D3E2641A55A400A28403C12D1DADE39AD23FC5
311
FC08C47A64DC3FF6DFF76B5235124022D7E6D6D5F3CB870F9F31C96FE477FAFE54100068A3A87FA5908A2C08011CF31309C10025B089FEF9C510522B8DC07C30AA469841723A10C08E27F00F7FBC181C083F2809EC3B2B328E294AEAD5A071B3A95C81D2DE3F930372D022C9C793535B92FDAD5426E90490C3C81D000017C6
311
494441544698C416520C1C40C71FC204B22448FD9303782FBA67089A1A7D4CE38E89050FEF5F1E078A4DCCFADA058032C34C1CBC2E1202B1F8962B1A8024F0EB7A11F209E96FB369D4B64202FE7BA230AD24C46413536EAE955B341B726C593B5D4630C0BE822480908522B0D85430230352618DCD4F7BA6D568BF43438014
311
80006658EA3EDCBFFA9702B4FDE9022163C43F9B72B58001A23FCE6F0B3FF0E4E1DDFB9801A6FC42FD0132CC1F2224F89933107AD30B6C9131A53818AE944BE25A70810821C38F098411980E46D108F483DC63F49B91B852351604091D60546702F58A3872A1716411B642C7629C267E64E77719F46B0548FD6BFFFC86A38D
311
BFADFCDF700228C124C8664FAA02BFB1F92B09800876FCE4F2D1C3FB4FD0A44E0106A8DB8079751CBF0BD9340066C3D52BC64706467C05B5A54401BE4A1B0132A55EAC1CCCB10D378A3DFEB9812022327745EF2102886A9142C812A1A2C9708027BB55B7006357459F9C2080E0BC34489FC629510F3017B62D5073E2A2C640
311
48A0A42580E413BA9E08274091A398EA80B5BF31C87BF5ECF8F1C5DDFB4F22AAC181F070AAFDDAE5650C4000516440D8806786D874215149E69ABEC43FF0EFC820FEA112B0522003C84BE03FB76623513B6D840820358B084119B0CEC8C00AE888826339A54091F5FCA513AFE147975BB1A86FC50618D9D74502F0C7C8815A
311
A306602FEE3A5E79E0D7DED1B221001118B73182CD439A092FF801105D1AA14E1918EC282F6260869D55108065988BD67F68E5581720A708051F7C8070F582389C682BE53F2AFD85853F2A013D21564028E06E79B7A71E43212180A81541EBC88F451E02385100491AB0C4A3BC5309A95911E66D04C0B448366988ECD204C2
311
FC930F8CEE8FA410EE4C25B58DD1B6EBAD83F6196670F7DE635282C0A56A851AB035831725F0471A10FE52097089C80495804100318405F0DFC2136004B4C40705EC9154315129205EC357930035688F61AC02188250CFA9A980233925F16A117A48CA54DAB6400221976B75D863330942E20EE3B00B08FBB71AA813B0E502
311
FD2B023DF70114E0D7DF2E2EEEDE7B789504200112075478F2FBD6897835C91F0C20782401E801A2F9142700B74805703426023A81CC0BE88B537D0003E0C5181D29EB8D83050964DD2580910A1E7A8138F76253DC01DC2F3824391AD748276C0B0CDF12366625D038603D0003E0266CB42704C8CE7FA7F11B4D59C0BF454A
311
78F8FCF1E50513715D469607031272358F04E0003C90107223A581218F10008B10247CD20D860FF0BF48801040B361808148714764028EAC137E871501EFDD97C89B52107FF1235B0928C562530082573CE137840EFEF82A0BDC602736C595912FBEC69E6A3A26903B3A300C5A098A9E3F1810CDFFBA019D97B4E7A7A07585
311
0F2E92569BD960CA7B8304995FD006FC4213BB1448A6F4BFBB3A9F9FC4962D0A1369129B10073771FEDA38B1737B663A71C088D8848027FC3008DAC4E4397A6F76271DFFFCF77D6BD7F1F67DA51E0E08875A6BAFBD6BD7AE52CC04A0B4A2206F650EC412841A48258258E8662C3838FBE21E25172C2A15A4F78D82DCF68A00
311
5DCF07047C183E1CE47731BBCCB5469D9169E0D588945BEB637E87802A03D88FB82486210D28FB3B858D13DC7CE75F5E6F3B03C1744D30CC58C7C7A256146853A05243060B850072A7010CA47CFBF9A1E24F414037B8781E8E9F219A774B36481CB43E48A79819D638C8760D672FAC19FB9D3FC5EA9158DBD0159C27860409
311
682E8FF2595652FE189D2CC2D7C023E944158355806FC320087CC74116030CC376C559C098B93A041C5DDA48AF33827D2327DC761D19C17CC62780D82A170E6CE7415A5E7FE825E053048F88D2AC2A561CA4D4C60098DA28EF1A01382772484698F60C8DD24BF396EA76260542810A625978C03580A9CAB91D10249BE579B0
311
377A3DD15749A45F24C4D81FF3D7D7996F6A1690288008C0FF6CC186DA9D5FC95BB09B1301004B016E707FDFED306A1BE8FA208828F00BF342186839839F1F6FA338DC5A0200FF383DE92614C03A4508DA18F4D85F9354F7E867AA77A42FF49BBE6757A1A7454448D0BFC3C220714FE43A3D8F1547BE10F0BC5A05985AC3C2
311
8829A06FE24CD062700601F4AF12AF99099B08E7071DC4626A97C920C3FF96E190C9D1FD7CB6163E800D79E5F3F10A9306C02B799E80F1AB380E0571A584C0370A220C3125000B500900D96FEA40409F980E2083E4EDF4D8D2480AE5667222E020BCDAD4EF19682120818FE18EC7FD6AAD67C03F7DF1955E697456F517AC4F
311
24700C30171C67E9168B109A4F60AFA60F98BE30941BF776DBC7C70792A2FBE98AAA97224F8BEA39B47BFD14A8CD03320DA2B676E3AA397E652E30A42CE2987B7DA1EF7F75242413800A04C0270C62A13372400B435ACD84B8B5009208F5AC73EB149FFF3508E21C2201E0338BE07E50EB47E7FF6D97724A601028C5519073
311
E7978EC88834410450E074DD58AD13A4900103A6444A9CB99103229F0EF8C0C78161EBC68137240734CDCFC349807851E0EB46CE864D2E405ED341B71A390CF2DE20CF5193189E1901E866D0230409684B193D17E2928534D04240937D3C84477494FC5E0FE0B448E35AFC19007926C1C6A6E622FDB8A12E30993C6710E070
311
397C4B26304C0AE38218D19F01FFB15BAE1C0E7E74DF75F2406E373C414E848FF8E500EFAF3C1029C9C0ADAB2313A7426CA9B2C1B9E30032C84EF31A09A88A386F136E8C2F1D582EA0459207015F10F1F001F0B1B7DF7222011EA2001F00BFD36BAEE0850928B08C077030FE3806C880EAA74BCE0863A952812E6008B3A891
311
99C1EE918AF96AF583F1A073B0A355B9D861AF1460DCFB3BFC6B7EFDC834B09700CBED3510E48DC7129041C991F06BA5006CA6B5B34EE21501374E8DFC910042036111EC9C7CFA1C05D48A7270F7F835BF04A4194DA4CF76CEC66718C84CD020D04C412AC848F03E3C61A1C8D50D0EA6838A00376054D3DF61A0E393E1F8B0
311
58A6C994093476D601A4A06F0CFD3C0A6BFA910E75CC10400A80FDA93AC9B5EA4303F6C0D188B559086091CC5910137772E14F2376D03181B5CFE74C0EA38440D0AC256D6C4D104CE05302FCC00B60B9CD4D71E08BD40C144A025E60D4C1F45FE846A2105D717EEA84808A5DD90A168E133640311CF05DD870768683F5D2F1
311
800F485AEBE5CABD8FFA3C0BEB33702493AEB551B1EB035EF5C8E5757FA7832141F88E8578A363802B560007AF93D7D470B478C4D00B412D634C9140C4F9275C00DCE8DFE3C7F8C0AFBC5B2CE82E3C3BDF393D4375D50C43CD1C17E3777CD2C170725B7B42B41DF15BFC344DAD089C1E9118522B4A2C60B794E4E8F33081BB
311
7C8CFCEEA0B2015E49D586429C6C78646180B7710E06018A3082243C275F077FBE412C17DE80D3E6B9462C5204C5D980D1DF84A864401C483CD01B143F4A4868087A0F780F37230200A4FBF6AED325114C367C22512750A5C7C3E32D545CE20A0904183BA10015DCAD89864B3E1EE97EBAE8B204266A48E010511838E2FE41
311
3FB116E60880C2D8440AC3880DDA6DF6618C138CF1CB2A09637E18D00F80CB0DC05322E31EADB8081C29410903F06BFCDF5AB46024E4A75828056440503C707856EF0C037623DD4922A400E8A6BD75E4D2800905F18450A00CEE88860C8964C7B3F90F56528BA18F71CFBBBCD2D05797E168FC37DB26DBE0DD2EAEF39686C1
311
8440820013C1444055402A541400DD362A0A402F1FE51246404E098249FEE30708C10CA0B54601053159480C00BAA9B1223A773234FE72FD5C3BD81804D8D196FE3D5315A0C981D88D04FA01DFC185CA93F9120E1F480B08063364A0A318F08DF95056E4C91F1150D31B011200383502E079EE43CC18603AE2F88FD139C802
311
A739F208E88D06DC78267C448C27C4113C19B0F51B0E9C1C021CF8F9167C6B1F2E10E461002910105D1042792D1CA303F469714C018C23D72179E165049C40E801CB96CF334562E5807291D1E0C70FE6CAD91656715F0E5C5E70F8D7F83290549B1BAA6F781D25180EBCA93EC84E72A74081CE3020789B3790E1A9E478E658
311
C099BECFF01E530E80EC5FE31204ACFF70AF8177A03059240CD074978A002A878BF883FEEC81DD684E406CA630ACFDE87292822A11953710F000885D6F68A67ED40CD772B0828359B753F7CE23D9479AB9845771B389D6A77130F8C134EFC83947392029B10E4425440A84AF0E54825228FC1634D369874739C837A9DDC83C
311
20D320C36042610ECDFA750303710224D01202488012CA847424F8D53F78AB6BECE9B3B35A7F32396AC6B7444566327DBB4DF06FD9616744F4D3A397EB3B0A3FBA8D763702883ED742FE5CD24146D8E353ACCF811C806AE09914D8446E93840FF4D6C963FF32BFB6AB015D1D3B0C9A0968776F021F21404B6260CF84A14F35
311
180CE20B5E85BDA2EC91FD5A7DBA7E5705F4F0F97AF26CE18E3BA078138202400A62930FA6CC7882F911A92F33E547E64990B0F27323D73B6222863F86425153FA8009361C675554C25382CE148420C8DCC47A20122806CA178A0918C14CBD33440289078A00EC6070184CA9907FD0A1270478E0B325B67C2193694EDB7DD0
311
F3C238447C8A11485562FB4902134E6AC952FD5320A4F7C780882DA9684285CD81D278C0E8FF8DEC9F45D22DC3C2CA99C2728110888799575B6834BF22B0F01EDE72D7F21B672C40F0A972999E2200B7C91403F9BB3D09C01990819238CBAE5E7510D7D57450507E3DB04AAA0A3C280064E0775380C8C16EEA4834346A04BF
311
0CE847B4B3AF760D06D24BBB267C32E2C9257DE5EB748AD101AF1FD33265E2B674EED8C01A0AC901392211011AC810560F77778E85B13BAFE3E25C95B70919A4862C15928BD8989664AD8638101D009A80F00BDC41AF27602A4BDA0C077E550048E7F1011410F01405045E1C140B4D0E70E0F6E034171C3D6FD12004FCC1FA
311
304312518910356628A4A326EC9ADF5DFFD1B2C0399503F14B4F8E3E0E4E39A06ABCB56A8014687E86E462BDDE5124615ECDB412B7314F62E6E0C76ADEC0F717B360E741960104CF1706CFA18E0605004B01AE007869B095ED92144A807841EFF2811C047889A04901C809062057192688C92346F97F279449F89B113500BA
311
D282D1DA80A55C27EFFE02C8D4F395003F285B617BBF0831F49B055342DDDD414378E8888E92C16789F269A27C9A221FAA4A0DFDDB9F935B2ECC04DC51481558A69301E0460B02665AC4DD30C03D480866C3409400051811876014C0F294C542821AB045011A3E3F09001FF304E3A0BED05CC11A811B865001769507FC01AD
311
C611F400CF68C7B093606E30F3C7E0F00C1D10C31951C1E2D7252181DA00345842A19130715C736EC9ECE686A712FDB31E4D3E50AB336E5666D7B212C0113C4A4406029709B43D0228F3FBAF49921B19CA0C82A2D5BC4A2079809240F37D3E10F9637607C3983F0458508A98B8B4EFC92AC13530180CF55359500080061DF5
311
9B98BB3FEACEE881DC8127F182A885A86FB12B43C590A4380504E32305E3148BBEEB2D2782029765428092545BA5C2C681FC5F8E869C0EE1034A822FF09A12C94084505AA868080303473F8161F7AA0A6610745E280BE4427FB770106F8800EADABA19F453210435BDB2348471B13B65F2FCB554827632C4C44467333E4127
311
095D22092ED492009930413251B5408345065065E415266E20279A40B3F520370BE2050C8360E6BB4601C1673B9BFE007EF5200B6483CD195400A783E6DEA0653515B0FCE8E86D1618FC1EFC15C2E727F24F2A2DAB57326D8D0877D4E298894E7A0C3C7D9CE8A0E2D17AA2020FA1097D6372F2A9F955060FDD467AD0426368
311
C24A8340FD0D6687A76316DEF5179ED9042005A2BF02A5DD810A4DEFA4A8F700EFC50FF4FB8C06410F0303C106ADF8852ACC6A2CA9046E9ED070739339857222CC009E206479886EA26227BF7A341A15C351A8404A6C10080A2140FA4B4E8D9B9A11645899332363FD69887F436A660566964250FD752E787B64BCF8E6C819
311
0DF8EA0C854C062D8A5A1346F810414313E606ECA0AC3A01D6928544029D5F42E202C0CB386F880F7842A31287061F32F3CBE09F2950783394F2F2B23D85386C6F51943E99DD10C8A0000BA9569A14805693274BD0E4F4DC3F28E331EEA91C4F33ABE057889BFB92819187840A08E57A276A8BFCB75B0342668C70C565C805
311
9996D209C2800941A21FB82B2F520BC2E6FE6F1A8827043DE17000DACC8193E78BBB8DF1467978C06F6AFE986123E3A95272CAC122046F4C65C4B88FED2F1CD1D918F7CDBF8903BF1A90057D42F4DC133AF804ACBB58446A0DB78806FC053FA1E45D0AF1112613CC0DD976C5E70AD3282F42725C0D02AC8588DE451B1C01AB
311
F063E7748A3882F0DD484BB78D037F9812240EB88B6034C0AD53E5116D4C6D920C6A89F084E6D0598AD7EB6930CC7B293E27A666E5CDFE9A3FA52FEB3C97976FDAAE9A60008FCA6B33099CF9880D35D419FC687D424378E3099441E110C5B3C6DC311E6653514A67A530D863326C4D8430E0C28024803B5B069B0E60C10EDB
311
6DF087034171DF01F1F3404B27B1056D8C0E56E7CA6056E7798147BE4C2F01CED5987E413AC6A724876DE3F599E0601CE7B9CEF3BEB3671E12DCE8AF9631B8031D3F360B6955DC2342B2A0E4632A00264C0DA002220CFEC3E10D9BADC8904D88DC51928593AA16C91DF6FFF82B3234404C7214D0F8608E0052283EFB2B0563
311
F1D072936C4017706010BCF1B16CDE0C1FA9C777E44E1F5259B0C9BBC8794A82A6C182A3AF56B16921405351FDDC91B5BAAA617860E8D76C97C377FE701A4EB4378FA97C2C8E3CC8950886C6FD93AF70A1F5F676B7ED16CBC56AF5D09110EEB8607CC08A795882358280DDB98AFFE7087C6EB593D62F041CDB4018935238E7
311
3F1098100D0C8769818F777057F64C703C6530E142FDF5C837AE1CF66C94C4887D3A3726AB990DEA248F73B5D32C8E04F6714B1E67C53FC52040252E605B322407CBF8C7F05453462A295ABF4D95592DDD76AC23512E9A2DF964715C80DD752CA8E263AC36F02C3C28A133EB22AC8D099BDEFDE28C3E8FFEE3815D5D00C17C
311
00511058354D62443C1A546280E43572A9C661A34FA5891F8E7570608C8DF21DF51DF9D2A84D4501F41B8CD4F4C9DEB2F901E810C0E4CEB6EC08DFB06341C864CF8D0EEE779A606545E1E64AAF30A4324C20FDD3BD558BD966BA994FA915CD162B1978642AD01694E533EC190368A68234657085B5F88E27A0805E04B8BB6A
311
00A51646EE3C10A50FF007FF410F1963CA69BE2002F0F902E701AEC995FD41F83A3F0C3809A3288A083003A6CC2A20E6D703EE48E3777AC07ADD51EB6101603A9FCF17B3D5928F6D742EE7E4CF38AE2B03C5FB39C81D7B2978FAFE85AF3D2710B0582C970F0FEB0E4D1103B8BE2B4D560CA10002FC8F334C891C07B44FE06B
311
2E3ACE5E1E2D1FC32203110ABF9CA0E8381F68EC3C06701328E5A38278A5FCD944CEA5283DA933DF2A2448BD23F1C5D8BE04CC2DC3B43B3EEC29F8B5FF926D11D3E97EBF7FA1BD1E5E5F5FE6D3D972F548547783146ECD84873F377C5820F7F9FCE5E07378D6CBCB7E036DF7F7104079A05B77C6942D1BA95D47424BFC3DB6
311
411009A42E207871B7EE9B06614BBD20F22F7523FB985F3F7068E37600273A3ED0C1CCC380F6EC4AF01CC1CF95E4848B7BF950AD14C44F10460221E02D21D01DAE800F323704C00035DFE97CB37F797D3D1C0E4FBF35EE1E5E9E0E879FBF3DF6F474780A01FB3DAF01FE0C0798218007C2090A3008BA7682A338F4A8804A06
311
CBFE6A80CEC766F49853F15B2F45FCEA3F8250012841315016E75E797EFEEC4ACA6C79F515CF1738F7C36E2406071051043817C9E8C5888D49D0332E800062FF54FA562BF7446CC0BFDFBF8603D1FEFCC9F7FFB5A7F000430755C2D3F72F2D02A022820897ABDD44594475BDCCA4A10AF34C06B08B4AB58BBFAE30999DC66C
311
7CE903A83CF8EB006EEEAA063430F84B05F0ECF644825F5E95073870E72A0771AB89B080022A0C5A9FAF34C89286257FB7BEA000EC65B59750C68E0815B0D9834B15606328F80709DE09018AC2A7817F83F96DB3D562C10A0A31300230CD4200B87F85808BAF64D04600254047F9C14DE93464009E7F5AABB4FDD6D55142A2
311
C0BF1541FCE19C20C899BF4F76AB54B84CB97F88F48ECC029FD253F0C70DF4816B9AC94BCBD653B1A283C4001A0337955E4AFED3FB790B6B1F5EA0B5514074103A38D84280EE0F5F9BE974EAB2D16AB1EA969684B6E4166CA28264B300474C7308D20013B204A65F82970718D05678B3315D442E1C0A327E2F56556040C005
311
D2FAB1326A68A07507C9E46A3648555A7080F5F50219A00E6222E3E0862CE95B5680930530742F1D041805E69B788161F015944D041182B861A2C17F3AF01CF5BFDF6C343F9171F5B004BF59C016719164B888EA206A02AD05E8464D06B48E4381A0E9345FD171625AC22198F57C003BEA5510F81FF78D31C9B033D0030000
311
000049454E44AE426082504B03041400060808006777765AF3CB91853C7D0000377D00007800000038453739373333342D463741442D344546412D383730432D4534393342343533454244452F5265736F75726365732F37433142313045362D333839412D343341302D383346302D4235453536433035453239335F506F73
311
74323031352F7468756D626E61696C2F302F745F507269736D2D3235365F706E6701377DC88289504E470D0A1A0A0000000D49484452000001000000010008030000006BAC58540000000467414D410000B18F0BFC6105000000017352474200AECE1CE9000001B0504C54458181815E5E5E64646468686860606078787874
311
74748383838585856262626A6A6A3636367070706E6E6E7676767C7C7C3A3A3A3232327272725C5C5C3434347A7A7A3030306666663838383C3C3C2C2C2C3E3E3E6C6C6CFBFBFB2E2E2E5A5A5A7E7E7E4040408787874242422828282A2A2A4646464E4E4E5858584848488B8B8B8F8F8F5454545656565050504444445252
311
522626268989894C4C4C8D8D8D4A4A4A222222242424F9F9F99393932020201A1A1A1414149191919797971E1E1E1C1C1CFDFDFD181818959595F7F7F79999999B9B9B9F9F9FF5F5F5A1A1A19D9D9D121212EFEFEFF1F1F1A3A3A3ABABABDFDFDF161616A5A5A5E9E9E9EBEBEBB3B3B3EDEDEDE3E3E3E5E5E5A7A7A7101010
311
F3F3F3F3F5F3CBCBCBBDBDBDADADADD9D9D9DDDDDDD7D7D7B9B9B9C9C9C7CDCDCDC5C5C5CFCFCFB7B7B7B1B1B1D1D1D1C1C1C1A9A9A9C3C3C3D3D3D3DBDBDBBBBBBBD5D5D50E0E0E727472767876E7E7E7B5B5B5747674E1E1E1787A78C7C7C77A7C7A7072706E706EBFBFBF686A68666866AFAFAF8587853A3C3A6A6C6A87
311
89875C5E5C8183816264627E817E606260FFFFFF8385837C7C7A898B8950504E1FB2DE6300002000494441547801ECBD895B9BC7B5F8AF7DDF90D08664B48116D086163060961A0B0C310663B3C5C5D8F8DA607CBD25013B24A525E92F4B9FF4F9FECBBFCF995762B149E2DCB6B7ED7D3A80F4EA95D0CC3973F6397346A7FB
311
4FFB0F06FE8381FF60E03F18F80761C0FA0FFADEFF7CED7F30F03FC4C07F48F27F88B8FFFCDB7F30F01F0CFCBD3160B55A6DD6B4CDC633177FEF6FFF17FE3E013BDD181C1D9D91D66AB526791A9D181848838B7FE171FFED43FB5E674DD7062746275B3393ADD9C999C949017D8667796CF13731D8A8A5FF6F22C16AB33506
311
B5F99E9C19A54D4C0CAAD6680C0E361A13720B9AE06F6272B4F17F0D07565B6342D1FA24F009D88D06339DB621004404C82FAF6A030303838313E062667470E0FF8E54B0D61AA3103CB0037CA3019440ADD379BDC1A0D96CB1585C1697CB6C3107CDC1A057A7B3A56B4213131048EDFF020EACE9C624620ED29E60D6076A48
311
B96432E8F1C7DD8EB0DD6E3099F4F944406F3299EC7A83C1688CBBFC962FBDD0434D6861B0960653FFCECD9A9E9844D869338F74B37ABD1E8BDFFD47BBC99E48E48BB45CAE9ACBE5CA651EAAD56A1E6C98C246A3DFE3F1823A7865E2DF180556DBC028925D11BEA8385DD2EB71B91D4683291148E4F3F972B15A067A813DD7
311
A4D573FC0A32AAA57CC260F49B45670C4C346AFF9E5460B54DB4506FB032848F82D725837E77DC68B0EB4DFA80DE1EC807F279F050AE968B32FF65A184B2C246818B6AB5943019E31EAFCE36D010E4FDDBB5DAE0646B1255A7A43D4A2D68B6F85D0E87D1E188FFC1E17259E2EE70D8610807F48952A2542A31E9E56A911F41
311
83D0443D57AE57F3FA303848A6070607FECDF4A26D10E247EC0DD45076569D37E9B198FD664BD0EBB5597F1A1C9D196C8C4EA479CF6A765BDC06C802AA300512C8059AE0031CD49BB97AB55CD21BFCE6A46D60F0DFC93CB24E884D87692BF05B75562F723FA8B36105CDCE6F6E9E1CEE3D78B0F7FAD9E1E1EAD2D25C6BA6A1
311
D3792C8886B0216C32180CA803BD3E8F802C0919D04AA5B0C3924C37067E331FFC93A8C6DA98999C51B68EB274C4CA690C4C4CCE6D6EEFED1DBF38DADA7FF3F2E1C39DFD573B3B2F77B79EBEDE3BD96C8DA6AD492F1681DBE576C51D6E87E0017A28158B504233572E05FEE8F7A61BB57F1244BF45FE58AD696C7A8C3D2497
311
48FEB495A799D9F9EDBD075BFB0F1FBE5A5EDF38B8475B5BBB4BDB585F7EF8F2E8786F7B69614693F549AFD78CA2041560C1AECF97441EA0218B7A8325981EF8D7E703F4FEE4A8987B9873B6F4603ADD6A2D2C1D3E78BEF5E6D53B40BF756B71F1A66AF7EFDF5F5CBCB576EF6063F9E13E38589A6F4135D08C55281D2BD1EC
311
F1BB8D067D005D2972118168F058FFD589C03628062F161F08C0921B1D6CCD6FAE3EDF7AF96A7DE3DEADFB007E8376B5DDB8BC7F1324DC3B58DED9DDDA3BF9EFDB0BA3480E111D69D19B7085D9120F1B028962B12AAAA16477981BFFCA6E927500BD3F3A383820F6FE6063A235BFF4ECF1D1CBE58DBB6B8B376FDCBC7AF5CA
311
B9A661E1C68D9BF76FDD3AD878B7B3FFE2F5E1F6E60266A36637F21DE934DAD3E372840379D4234450D59B5CE9C17F5907C106F58B8B3BD098C08A6FB556965E1F3D79B871F716D003EE39E0CF2EB97F0356585BDB78B4F3E4F9E393A5B9D905CC27B020AE930812EC278B3B6C12B3B95C2E964C0E5DE39F26087E51065BD3
311
687E71F670ED07274757B6B75F6FEDBF3A60EEAFDED000FEDD95DFC92F8DD7F2274D08E1E6CDFB8B6B07EBAFF6778F0F9F2DAD2C2C8004694A978A210C19184D188E688544516F6EFC2B5A4542FE62F6E1C94E88CA5B3DDE7DB871B0785F585E41AA203F7B104CA8FB0A07379105F70EDEED6C3DDD5BDD5EB93D3737374B5B
311
989D1537729029F742057AF4620903DAEE4E377EB349F05B34D9FFE4B30313B333CADD6D8CCEB416560E5FECBEDA5843EA9D12FE19E8E7AE343A10364014DCBF750F22387A70B8B4B4727B1E1C48831AC4A2449F7A2D71A3DD644AE8030153DC0A6BFC2B356B63B6A5057A26662617FEFBD983AD9D8D3566FF97C13FA3812B
311
576E283E401FBC7CF27CEFD9E6EDDB50C1BC6A828399994181184FD210B61B0C7A531C41F02F8400EB20DC2FF33F3888C9B304F1BFBB8BB6EFC83D181F9EFFB976460510C1BD83F59DDD235107B757E66E2FCCCF8309D0805C44BAA475412CA4380E253FFF580C88B4FB45897701FBD6092C5FC5FE13930BB79F6DBD5C3E80
311
FA4F795F817F1E01E7AE79AF2D09141F2859B8FCF2BF9E1F6EAF6CCECF09F8AA090A44C2220B9266B3D9E172C7DDD64B68E0E3C77C0180BFED85B8FD62FAD1665A2B27C7BBCB503FB32F0D29A74D7F1B4C0156A841BDBCA00C44148A20C02C5A7FB4BFF5E0F06409265800FCF995151EB84616886940AC14138910A26DF05F
311
4312DA4661FF0666DF606B6EFB706B67594CBE9FD5FB6DC1AFF0707AAD5D80304C43310C1FED1E3DD83B595A59410A0A15ACD040818455E9668075858106B1B5F42534F0B74DE665FFFD6B5445D08BF91FAC0DCE2C6C32FD8FD6C5E86BCFFE7B10FEE24BF917A1819B6060E3D1CBDDE72883CD59A840835FF402D27052560F
311
6616900B73A3B81A1F6B12FD1A109701FE91F7D2ACF10C0E60FB8D2E6CEE3DDF5D3E10B34F214041F4F10FCA1C1004DCC42C148BE0F9DE09604AEBD080F0C4ECEC646B617E6975759B488260E023C7F98FFA98583F0D4CFFDAE8ECE6DED6CEFA419BFCB5E9D41EC5FFD11ABE9038829D973CB79DA3CE1D791727716D6DFDDD
311
9BAD177BDB803C37CBDFBCE20231905AA0601E07EBF5F1F1EB931508EF9F2B07D233023F08185DD87EBDBBB3BE76EB227C0A30CCA1DF4B5B5C5CC4EA3F6DF71771886902B46AEA4AFBC4DABD8D573B4F1F3CDB44FC2FB41616840C4410A0186184F9CDA5C3E3AD274F9E1E2FB506FEA936619AB897387EB87D18FE62F7038F
311
36AB4C35BFC02740DF52EDDE9A0442EEDDBBBBD6BEE05A7B478204EDD6FE28418257BB47C7AB2B2B9800B3A0605E1881A66CA3951310B0F3EAE1FED355F8EF9F4703C43E80BFD69858B87DF87A77199F77F1DC7C0211D008C40707071BEBD296B5F6EAD1F2BB77CBEF36D6373636788FC0907C6AADD3E4057EC1A347FB2F1E
311
2FADCCE1198A5B805D280898BB3D37BFB97272F27AEBCDF2BBE59DFDC3D63F6F1DD54AF4A2511B80FC6F1FBE78F388F95FFCBD226A54990AF4BC7AF972FFC993275B5BBBBBBB4FB68EB8D83A3A3AE2716BEBC9D6FEFE9B3784C81E3E0429EF96D7099449538F1B0760E6DDF2AB37FFF56275E9B62CADB0ACBA00EB83032517
311
E7892E1EBF59E673EBAF9ECF7CAC2AF87BCB41EB288BD8B5F4C0E8E4CAEAF37D8C3F10206DED60E3E1D6F367B75B0D8BC568300488FEBB3D56B4D7ECDCE6CAE6D2CAE6E6F6F6C9EAE1A104485F1CBDD87AB2BBBBFF7267E7D5231AB810DA587EC7D5C3576F9E1C3D5E5D9A9F01D1A36414C0078202D10A4BDBF0C02B892D1E
311
BC7A3A33F84F5105D64162FB04AF465B2BCF047E6167D15F2F9F9FB474F662B350C8642A954AB690E531938965327583C193B4A575123399C466C6C403138F1F3F7FFE00343C79296D476BAF765EEEECBED9DD3A3A3ED99C93200BAB082454C008220EE7E757964E90B9EF0EA4CF83E7AD8F8F92FD0F0C829FF9172B310FC0
311
27E3E1F6E1D3978F087722B997774F66CD89722693C996AB0193DD6E37C6E37147985560533E574FA552D172DE648A13FBF65B3CD8B2B88E732B4B4BCF2087D7C74F8F5EBC80597677B776C187B4A3A3E3C32502851262C7CD9C9C0405A212D08A9B8F5FEC3EC2E810EFE118BBF0EF4DDFBFFA7D0DECBF1AF26F669EF97FF5
311
EEE060FDE1D6E18CAB9A65A6AB010077592C660F2BFEACF913DFF57888F91BED81623D15CBE48A89BC296030381C661DB90013B3B32BB0C5EADEB3C3D70F1E3C78FEF4E9D1D3A74F5F483B7EFC6C7BA585A6958CA2C1D14945055802B7E79656D103E272DFFCFDE2C6D2C4C0F7BF3AE28FFFC0C760334DE817BF6470667EE9
311
39CEEFFAA39DBDDB3A13549F4BD81D7E0B1E1BB90EF2C783A0C0CB0FC9106FFD0E7BA25E4965322C7694F38180C161B10493B6C6E8E802ACBD7972B2BA473B7CFCF801BF7BAF0F57F1081660725B4D87B8257584B525A8001278F6FA6807A71BB57363F1E1D2C4FFB218B001BF30406B76FB0131EF9D27ABA3E652B6504E18
311
E27E8F000CB45F0465DA2D7E9AC5E2F18013F586D9E2FA5322978AA6B29942BD9E2BB1FC69F407BD58B5032D8209C885A5936D10F1ECE4E4E4D9C9365ED0EC64C346E2885527E933A370C2ECECDCC23C62F0C9F2BD35426E376E2C6EE1187CFC0CFFED9F64ED0BAA1C68E0FF3C38DA7FF95F4B938666B652B4BB616CC0E4CF
311
6371F9DD6EC79FECF600CBBF7A9106C6B8C5CF9BD004383054B3A9480A4AC836CBF544C0EE70F98341E89C6C0ACDF25DDADCC4F25BDABC3DD71A1D1D487B5929D19136220147C9299B9DBB7DF2FABF76D6EF29CFE3C6DAF1C4C0DF0ED6477F83756006FEAF8900DC7B7EF4F464D455CE34AB76B7CCFD9740FFD6E5321AFF12
311
C8D70B954A2AEA43264652BE4AA1502D050C6E3F82E1AF41B3FF4FC5AC2FEA8B81844AA6582FEAC361B79FF5D31A933C3143381451C74423FAC4DB94A028AC94B47E031588438851B0F4ECC193E5BBB7EE2B87E360E97FD329B04E12A40401A3B7B71F1F9FB43C896C361F067CF397CCBEE5EBB8D1942F6701AD920F90F4E3
311
329B09E038ECA56A3D1AAB348BFA3FBA3FFF5292A38C898ACFE9F4F97CD14C214B3E8429EC7079CC1EB24230AE713224610E4CA36EADC9BF0A3759A00288401305ADDBDB785FEFB4D0D3D59B0F3F4A177E8C78FB753AB011FE63D17F60746EE9193ADF54CFB6671FA0BE7618EDA56626962A9B1C165D5A568775447074F2AB
311
F3F81D816AB692C9E98D163342D1E2C857223E670414602B14726402388C2E3F6F911D444A847899B25A08F9B35C1A77BB11AEC207039247373BB774F8FCE5FADDC51BB2EA70F5E6D164EDD786FE5BC097CFFECCE7B10058AB4003CC6E6E6E4E58729966C0C1C844D7F9E3F6402116AB940D9E9FE0910FB25E253FCC62C8A5
311
BEAD140D710F82D2122EC722916E67C4190507D9267A41E8C0EF4926755EABEE1BB208052A726BFC6E924BE2FECF2D220A500883A338857B5B0FF1BFB5E0E3DAF6C4A572F067A0F835649DBD7FEE0BB4CB0161005BAD41F47FE17B53B61920A34B81EF8A1B4A99683467306B71BBB3EFB8789534878BA9682EE0401A98FD86
311
66B4CBD915E98E4453A96CB68E6EB41BDC6E8FCB92F498C9AB20B302912AA9552450A8243A73322954303AB8C0B2EB1B0940A9E0FBD557F3FF3BEB45E9D119529ED22401CC4E58F295A65E0813C90EF8F94CC457B5584905BC08B1BCBA78CB6B096753F580E30B73D0E3C8A7BABB9DCE4824224AA1D0AC622B223ADCCA5A44
311
7DFA5DA4D5614EA249581230BABF0631C809965E450ABC22FEAE91C0FDA3D15326B8D8DB87A3F91BEED80880D66CB6F4C4EC44CD9DCB548D7E8B58387E37B3DF152D7910601F50FEA5DD25FDC566CEEE82E1FDF642C4D9D5E5A4C13E953A4972284E72445C244DBADC9251E970848D6172294D7683D1818D893E600AF0C29E
311
620D620AA868E3DDCDC17F20E01D200626914AB4D1D1B421570820CD44EF7F6D0C149CCE9C65B035FA7163B0D60607BEB7040AA530FADFE3C8C5404137BF91281612C98224D0C10A86B8D1118FFF600C3B54DE909EC541F2EB8C71B7070CD8D233B39BAF9F3CBA770B12100CDCDC99FCC733416D664652176A8D74D2D46C06
311
E216541FC2DD5E8FF5561CE9D9F9858F3349AD0324C15A6D4937B9A10E30E80A54221040B7331489C4A229C9132C2512624141F9E24AA904B2443E51CC274C263119CCDE1F31476E3F7BFA661D312824F0BB2BB79EFDC38D01EBCC0CC1683820ED0D6473069724387BFCC64033E44C784789D67C1411A2E889A39324AEF35A
311
12CDBADEEFFDD262AF6313080974397DB10C5653595090205F8C34E2809ECC4A019F4CC2622981751187F374C9C1C995BD2DD621D422DCEF7E7775A7F51BECC18F23D50EE5B79F6B300069FFB69A39512893BE07F55BFCE152ACABE01E98255CD3BA5413BDF7253A6C1922793FA114CDFEB8A99E29C6F92263392528E8EEEE
311
8A44C4786C921755CC17217A7E491C4C544B65AD714FBC4D17C9C48D859317BBEB1A0FB0F6786BF51FEC17DB589221DF396DF5E70B450386FF97E4F0D8EBDDBD65EF041EDAFCC2C760D53A2039449202E4C51492D049AC60B4783DF162260A1F743BBB23988710411346A8E6CBA4049034588259AAF572B349C21419D57850
311
B85D49DDC4ED55484056E2E0014860F43790C0FBF3F211AFF18148DA4DA7CD8966298CD96AFEC2EFD017424EBD75066F766E6EF223104022C544DB4822E9C194CFC6107C8580FF2BB3BB948DF922DDDDDD21EC22672A93CD1648972535084AC84956390983A44E2220AA456564BB2DDE81C1CD076F36C4211004FCEEE6E147
311
F1E047807AE9476AA83EDBF7E42DE99B25B17EBEF460CC66FA5371E4B1C4AA664FF5F0A5FFAEDD1C981CAD614849EAF4E76E43318BB7E4C30428B982C178A2908A46C1002DE2139558A0A92C417900FE260EB438D1E40A054C3F602B24D393DB5BAFEEDD57C61024B07E660BBC3F868F989CF7FFE5F4B5F6BF44811B62D707
311
FFD22C0AFC9E2FFCC67CAA3FEBC62894D5DB85990FFBF8E00E49B42A779CCC790B966353C07746BA53CD1C1870E3406678ADAC029F8F101A28A8D7015B72E99B856C335B28549A4D0CC61CFB0AECF8DFC9D1DB2F840494290009BC7E4F117C308053A02EBBF8E54F0FB420009DD763A8970DB8785F9AFD8E52AC2FE36A68F3
311
3FF7112218E52D9164D939F0A5C7114E6453103DCDE70CA50AE2369ACA8558D4A72C02142228C8D20A0581B9522F34B3A96C456E64A10B88C06E70986D33272FCEA4C09577AD8F53C49781FF2BF74405A2B882E11C061CD63FF45F8AF665DDAC8A4BA4F2520278EF2B31DFF024C91EFF5EE77D1B47FEC562315F342A28883A
311
BBB36EB3D9AD2FD6B3510481F807E22803315400D008C542364580A18270E055BD2E06A3C11DB4CE1FEEAEAF9D4A81D5F748E0BD21FCE2CBCB09A073572420087054EB81B8047EFCF192AFBFE0694CAA40EDDCECAF3BE4D84F346DEF84C76D4F3433D1181CF0AD3802DD91EE50C5680EBA4CC55C050F91862010C3508BAEA7
311
809C80AB6A59210C9404182002E919FC6F0C62A50A118357F75B7F03067E093DAC83D448D2712572E2FE04BFF4BB03BEE1ECDB4115A956B95CBF6A03C86630E65F76CE981D86443DC3FCD3801503C08901907278C140295788FAC42090BB600049C0CA0218484130990C18A1551005A883843EECD7CDAC1E2DDFD312D23007
311
B727FE31AB85B5591660BC7E5333E140009A3DEE44AA2FF387066B5634C9E723EBFF971BC18DF6FC073DF84E04C863D1A84F222260007801B812F79ADD76E249E806318A0818C108299FA84A899E81019E042760002D89DF640FFBD3737B2FD7D7C42380046E6CB15ED9A1DA5F1ED06F7A170950B326715B3403C0E3B2577A
311
BADD03A380AEC09F9CF935E163955D706C1894D4D7B82151CE123B50EC0F9CA2F842BDB4AC1BD7C81E28175229A1091C240844E983A8821D09092AD40D118E6229E9DD66DBCAF18E4446C416B8B23CD960A8BF09B88FF9707A61229DF4C64B44BF084F9A5D867A6FAF498202AAB1FBF9572D1042791880D87F508F017D974A
311
7DEB63F61100CC7E6FA82B14EA09F5440A2ECC4343A0D8CC40025D1A06A2CE682C02BBC4840784268410628A0810040993C33BB1FD0263409CC2DF5D59DC5B820B3E06A6CB3F7339EEAC33B89A220054F8CB627114BBFA033F0AFC92D32BC9CDBFC20156B5794CF8DFEC37EA4B10B9D0BFB07EB7C01E62FE7B8406BAAA16AF
311
C240415C83EE2E610327C6820F0A806084636019A8403080BD8C3280067E5C387C8226504EE1D537CF7656FFEEA9333536B5782D867A5E2C20B3C51188F4D6BDD0FF29FCBF1207B0B2BA89FC478B785C7FD21773CC3FE4CFAFD0BEB49EDEDEFE9EBE91FE5E67C212F44303554503BC8D684050FA2238492A6E04D928C9F0AD
311
928E5804C57CD852FB6F9880D890C405EE6D1F1C2CFD2C062E9BE0CBEE5D240F54C080D50C031808DA8ABD8200C40068CFBE64F85FC60167DFCB52B2EC8295E8A6C38EAA97E5021C5F67A8172AA7F5F5007DCFD0D050FF506FC68E8AC548AA1662E8021529C23B22762CF32F8A41E90DE487A61F709CAB09986069EBD1BDFB
311
5A60E4C5FEFDF5DB1F2C159D8DE6226CBFFE8AFF4CCF8EFEE4C54C0BC4819FD4F57AA8CB4E7E544B950190CCFE5F1181ACE7B0E78BF446C81FC0E06E26BC7F6868786A64ACAFAF6F841FD546FAC6467A2A0842360C25908431251D850B98F65004139108325C2166025C0127C8DA52AEA88FDB661F630EA9D8D0D587DB8B37
311
1EB62E8F0E7D141A4E3F747A318892B3184B250981600115BBFAF24805D548DF90BDB1BF600458D32CF6C89EB7AF5C0E532ED605C053C36353E3E363D3E3E3D7AF8FDF191B1F1F9F9A1E1EEB1B1B032543BE9285C53387D2869188462232F39003E6A1884CC50A5082A202092517C396C6DC8397078446E081B5ED57376E6E
311
FD2C137C38E5A7706A6F5D78A9BD6086BDFE44D144080C196EF24D652D9442000502BE6CF399F8F05B4FEF20FF64237CD018C8A5BAFA87FBBABA4251BCBC622115E982F57BA6A740C6F83550313E3C32363DD697D19BD964EB30E5ABF8CA60A03B24AA020C083FA0192103694205621D602457F50EEBE8D2D1A37B8B1221BE
311
FFF4F5FDAB8B7BA762E90240A7C32252FD736FB43F73F6366E90CEF2A7624249406C81A12E3B5B03057AE65EDACF39A1F215B6095289D26653C6D7DBD3D353740FB4C8749A9D48BAEC752C3E5FB407ED373432323C761D14F0333D16CA3ACC5F7CCE0EF33C56B1227905BD528B104148AC2685048D060824D78B26B76DE170
311
77195DC832D1ABD99D1B57D737953D7406C539D02FBBFC850F5A475B69AF2BC1EAAF38C1F18073A49EA4FCC9284D80170CFCFC7FE3FF4EA4BDA64C6F7F6F4F71746F6BFFC9D3BDFF9EF098CA159F0FAD27C28F3632D4070E86A7C7EF5CBF7E6DDC57F27FE5F93A1EB617F18EC51A9016EA0E299581D650AF05059A7AC433C8
311
250CDEC6FCF3971BB7244B7563E1F0E0EAD5E5D1BF973D6423D86D311603AC5D7ADE5AC29521A7BBA1C05708207F6562F49C19781117C03FA833547A7B53C167FBEF3696B7F66AAE72C1D7DDDBDBD7DFDFDFD7C7AF346880C7A1A191E1A9F13BD7C69B091103D88B2554019A005341E63FE40C75F5082E140E3451281681D0
311
4020EE9D5825710A26B8B2B63AF1F4FE959BCF2F15CD17C7F7FE92CD65B4A11B586878DD0191004200D5101210D035E825E38976FAADA717DA37C1FFBA70BDDB177CFDF060EDE0D1D3196336D4D3D3CFBC431080D18B050438DCEBE1565F8F2061787ABAAF6CC4DD76C5118415C2036D5B8199EF8610BA7B2102510F9080D2
311
0698445956561DB6993D980063E0FE51637EFDC6955B271DA7E0C2A82EBC3803F8E76F5B27276D1E632960440578FCF6D470CC8359A3285F014F02D399E579F16BD28303EE5C77CCF6F4EEE2DAFAD67F5BEA4E3841ECBDAE6E5FAAA27646E754C4876860971883200725313256095042020C9848A889623128A21744F1CFDA
311
FC87C44AC42ED02CE32C0BAB26FFE0DC839D0DD9A5F672E2A7D55B5788919EA3CC33507FEB557A61D0EBD797340270977AFA4C69F4BA3405BFD43BF9997E6C8D6429164B1FDDBBBFF870F5AF555FA8BFA737D4ED8B656501D01066F94F9A5B1A390545FC633110B010FABACA7F345BDEFA4935D02C427116841314B908C9F4
311
2A4FA9AD0B7C7C65A11C307A174E0810FEFEC68D770BD6C64B28E14187047E2BCC173E3F389BF61813893F21013C1E436638EB11F8015EC21BDA3EC1CBAD00AB355C883576D76E2EBE5B3544985EA6DE97ADEA59E1943439CB17E43C90F8E02183E82D976C1B3704881276C110BDCD8074874D6C52BA105F111928902BC701
311
4C4044CA4F109B2812157AAAEADDB6D683FD771803F796ACAE93B52B570E16CE68F3024CBFE505168FCEAF470290FCE57197FAFBF53FC9EE287C5B698284C6452BE0940B5C856C639FFCF18DE7EE18C40DF49972224C3C1F902D1E970B316F3084590535B2E2C992A7E0C21FD7170BD807CEA2C9E387098CE8C2148481F803
311
68E19E5E5805C1A198428C020401DA2006068A0E2FC6C0C3BBB76E2C3EAF193DFB37AFDCD89ABC7C6E7E0501A720C8E7D2AD89AFE2127DF37BBEB0FC0909E01798819C040E69F2F4E1F7E1F6E833A6A7B76EDCB8F7C25F604EBB2299FA7761D2A8A4888CE34FFA523557CAE6545003F22D63CDE98DC6AF050D2E87BE9C7116
311
8A6E3E4A72210849B1748AFC176F51A1401E95225034D09684191255FCBA85C72C94DCBFFFA4E1AAB636AE5CB9B5F4B733C140ABF67938AF67551A922CF50E25AC0AE80EF8922D77D97A80A7EE6BBDBB79636D6B30DFCBE4470A7903A91FA4CD19ED65C29B02B32941CD0803CBFE806E372512B92ABE2DA25630142827F424
311
07586002CC21152665FE455BF0A010002F40058A04400134502994ED1EDBD2D1CBF5C59B8F16742513AAF0CAABFF19099C9FD10938C09437B93F6738E1CA70242EA14DC03E6D2C749EFFBC76EDA8E45FAF5DBDB1BC92EBEAEF0D4533E24630B96E53512DFD920DE4274B542A6CC85223FBE5759ECF5D06638205415269E593
311
0EBB2C19C204FA92C4066002091A080E047E4D1A6ABA90C5349A2F952DEBE33A98E0D5BD9BEF566CA69C67FDCA95FB8F3F700B3F1CEC0777CEB3807572D06C4CE88D10AFC515E81D2A92AFF85E3B17866DFF67321C33EEDFBCBA78E48F32D40829536EE6352E09C33953C96ED649692DF2FF541D31927EF849830EF6C77AFC
311
A66A91200FC4E2B6ABB5E7B82190434BA2FE015A21000CF02B02513511033462E860C03231FF7A77E3FEC152CDD3FCEE3524F070F66754D40750FFCC8DDA42DA629711C101F1DC70C8410E8824C9F12BA5CF688D3333A8FD1DE6406AF6DDD5AB6B2709AC1D672C8706258894278487AEB2E8D85FB8B030F9419D30EAA95140
311
AB66F51860FBBCC11FB4BBA49A067E610963000C84B083C454E8E14114C2A939A41010F15552B984D13CB1F9FCE1AD83BDB4AE9AB3BEBB7265F1F072BFF867C0FDF0F6E064D215D04B0AEC171E6364AC105460B7815748F820081BCC97B7EF5DBDB9BE9983F9A3CD046CED72999AF56CC9E4D791F7D75A986B75CCF436C99C
311
A3399060B584C90D70C4098D2005208162DB22164B083BB25F90D01183C20648027E61825CC06D9D5DDDBFB7F6B8E10D14128F85047EB335746E3058CA33A3664720404E067391EF1FD2931CA16A03090D083190307911C55673A9B47BF3C6FDFD64A6A7D719238D00594E7E72255848000020004944415460336FF74B3920
311
88BFF501CD9C473CEB67048FB08CEC76093F111C61A9A0420489A68C45719F440AF05A41AF3D8824240FD3E069AC1C6FDC3DAE59ED95A675F9541168507560EB3C9FEFF7F26B5BABF6D640523772C963CC0E77BB191CECDAFE930B1070E15F83D530CEE8DA0B03438C648B61BFC5652F559A7593DBEC4DA765FE5B172A405C
311
3616ABB596F61AAA7A968A60022A0714F18B951314C27B840484086001CD1A92F957D15330805B989C5CDDB9B735982CDA3379A4C08D9D7332EAC2487FFE851A93263B6A2DABCBCE0294880053D770998C6681DFA650C0234C3038703E09CE53343CB971E3602947943B92D5633E8573ACEF258C1E3399C008BFF90BCB9797
311
81AF06662584F23640085E4981623D16C5F8151210044003E8164D082000840444234662A41799DCE9B9DD83DD516B96CD0B5EA4C0DA6FB205DE1FD0C44C30AE4704B0FDC15FEAEB3721AD6DFF1F694282079A5080B665A7FD8FDEBC61EBE68D83051CE0EE588E450497BD90CD15F1A4C8686173C4E4DC87D6E9FB7DB667C6
311
D61870FFD14321199102241F8B35441367127741D3841A0F280C4004444E33A46E7826F6D6F75BB65C2E9F0908091CFD52C0EE22197C389409946080AA6EB0403C3BE6B4FCA46A606AD06B8F8280D3FF4BEA735B8B37EE2DD57B91FE124376E7095A92D1E2F204C90D9A6019E9E34D336B3A68200BCF63F903067193CC6A3C
311
0210A02228A20CDA424091805087F8C8D1662EE0B76E3EDC9AB50542FA4A36B9417CE417C5E0E9D82FA2A2FDCA3A93F61B48E777E3ADD843E3393319123F499A14C077A8E0DCA6AD64B8BC75FFC6DA52BD2B14C9140DA4CD1733F542D164777D4D7A271B4C5A0B9798CD177B3E3FA0A49D344229A8646727928A0F32F102BB
311
D203C80040563A50A264284952CC48DC3758669FECCFDADC63F55CCABE75F3CAE2B38F47FAD958B471A41101263D08409107FA87F23F8200F2BB80FD1B8D0F30E3CEEDDB73941F2CDE58DBCBF5877CA92A89DFF666D657A9E6C3C20010C0E82FC27F99DB12376862D06862B7515433062566205200A358893EC18012028A04
311
7CD966C2553BDE5F497B8662FF2F969BBB77F5EA9B5FD43A6730ABF0D0F909D0E96AA3C9B83EF08332CCCA63BD0E29012D0460B57DF34D8706CE84ACA5B4BA7673ED4115F11F2B875DEE04191015D49FCAE8B2D5100033E77BBB2C1C7531526B351B10025F1218B0977299A8C445245CA05020B1050D03D8C14A0A8852703A
311
C529322F3D5DB27A7B7B49DC773FBC71F560FE54519D82777AA14624AFD49D8BB775BAC109B351FF5D38FE35965C6A3863D1D908268301C505204278E11401DEC4CABD1BB75EE47B7B23B1DC0F6E378E6C2A5BC8EB71763F170260EFE305B3F4FDCE2E2247BD4AEA5D6C434111600CB1C9064B100EE81F9268A20881330408
311
0F28B5E08C567279E3E683CDB4D5399E29F8CA27F7AFDE7F7DCE21F8D95E2F7D63A2E11119E8C69809F44CE575BAEFBFFF5E012FF6BB34EB37B5D390B0C1FBEEFEADE781DE9EEE14CAC8952FB0F647529F010622B7170DB03078098C97DF6A8FC6EA0ACB062C4C01160B594E24260205482455E80012101920AE9046026219
311
38A3CDAA71F2F94ACD9AF9A4379729E8DE1122638DE012F8CEDD92F7CFBDEC0CCA3A5343069AB0033FF717FB464C49F531C507C0AFA1A0D661304BE2F9E2E26E98D86DB41288BB03F58C8FF84F3EE088BBDE06D9EA32337B39039CF5DBB96A3FF3040F482E3ED6A03D91CB2A6B30040D00FF109680AC2C6AF0CBA22132102D
311
41BE75A69EF8EBE15C5A57F8F43A6BD0A607F7E1815F95BDC202AADFCE20140EAC334A068A16741746BA8CEC5F101660FAE54F5040DE685BC47AF3B3078BCB696257D166DEE166E38C33E6ACE7123F4872B797F4E8D9F7F3082F74A5F5D7C17CE7D91A34918ECF1EAB7898AC09E513125804018A0434292804C0D22134A078
311
A01BEFAB69D96EA5D3856B7762595F76F2E0EAADD573E6FA87604A6F678339BB221A34EA759BF4B080EB6B476C3AE667CB8B204A6BDF48657C9481C602C9B0EBE1E2BDA5688F33CA2E82B83E1323F12B96CB7F07FF7CC126A0C1D159F9E019A99DEFA703EF25CF7637084008A007582581D391020A7C650B290A90F5112DBB
311
503040C279256758994D5BAB9F5DF39523BE3FEFDCBCBFD5D6D55AA71FD935A3494F041D684110E03285C69AEC56E1661B031A15B08147A3004BF5C1BD5B5B7AFA4FE5EC717D3D9BE9210816C8B3779CDC7608605208E07400E7C7A0AE2F8AFF534C58DD8E2F41802C1797EA24130320A6406FFF904841718864A958E50F20
311
064447D09CBEACBE01C4894F3EED6329BABA7AEBE6AB4B9288CF0FA1D35FE71ECFEAB2810C3411BD218A9B1F19C97F05020405BAEF59F29338865845696400E9A3F9C6F2AD4769676F249A0DC4EDB94C069D152DEA89A49054AE6C8056E7DB3BBD9D3EFF0CF0F2BED562625389D842612D2ED2250BAA6A3D0904F428212804
311
A02840430EC1D74AC9C66A7CE0DAB56BE4D4146636EEBF9BBCD416BA38A2F62B9E4EEF37063C463D14F087AFDDF5A95038C82E26ED5D8D0914116832201C3FBEBB719BC42961004795644E6CF35CF92FE13F92009AC40B9859185500C9C36F69C980E52B48E073C284DA4AA1284264A0F208A10771007CBE6F25D94E090151
311
8E9168C1CB080DD73FFDA437E5F4195FFEFE605B6A919D01F6FE084E213E7D43BBD3485BC2820036EE64A77C46AF9792A78A064E0501C250B480A77C7BF9DE8B00C84F35F5E1522523A97E3176491205171D7826023FECEAB4CFF317DAC7E491B8901721408C90CC3ABE1516D0A4A0F080F8C3AC0D916E05069425A0544324
311
63648761FCCEA79FF6C79CDD89D7B76E1D0F9CDA42E7BB39BD56FDBD3736703861450BAACDF0C6E8982FCE2E70618264FBDF1419E86C6264982C4F0E7692DDBD2CD154C37A76D01748ECCA16D923FF35FBA2F8CC44EBE336537446743616A3430AACAA8542524B9D84067189650DB10F5B10B5276BC49230232944D842BC2B
311
8A28ECD2E9DCD73EFBF40EB1B44A6D63717FE29C1EA093B3EFEFF478EEF9141BD6419DCB1EF84EB480BD67AA405DE820FBF88404E05A3E258F9C9C60D59973F3AF9657523D2C7B41004556EA3224BE67AB011428FBA55195330B4228A7CC7ED1EE970E55A7671F687F3D4F6EA3ECC46753A62191AB48EA188640BF2C26C305
311
4201923D44535240920DB110D97953329A6DE6A94F3FF9C4190DF9C2BBB75E2D748CC1D33168106BFD76FA57C3E8DC6273DE20690C94BB37BAE3899EE11C1A39A9F6326A1F6F7FEE271060D7BF58DEB21300CC544A6CA128149BACF3A59A0493FD6C96D67D334042D5792B58A1EF1CCA4F2FCFBDD1FE7AABDF640E7E253C60
311
20BD8864FA6E0151D6D6355B1060B5AC39D2AE889A4100A21F2375BD59179CFE5484407724F7F8607D452B5B7C0ADC6997EAE25CBFDA1BDAE758DC74B3FFDD148EC74B7DC3791C332101E1811FE563EDFF6A5883D5DAFE9B5604E1936A9AECA502DB5A30DC7D754AE4B3A28C1B509B989DD330AF7DF1CF0CA3330FEAA3ED6F
311
B75AEC9EAF080DB2A2220860A998908018C3E2108810400D0A052812102B4121A0BB50B4E8BC23D73EFB6C28D2D59D9D59DFD0A4A006DDA58FEF8D091AE5CE8037AECF07F43F381CE5E19E84078DEC451026933F9E7E3AA9FBBE6135EA9FBD3C32767591B253A6E8658E6AD0F801B1B25EDCC0A00E1D303AAB29C10F312DCC
311
2000F3C78F7CEF39F690FBC1120E21A9597884AC11F97C62EF31FB2203986A0C01EC0085019575281123320EBB6255C78FC9BECF3EFD740CC91031EF6C9C742C56E9EF520CB4EF5F78334D3C8C1D4AAC5E66C77B0CEC59E5D79BFC319954151D1419FCA81B489683CF7757307C62B1EC77A652A91828179B296796D53E1654
311
55518099858B0BA86763B8D0DF3919A08D513042D218C9B9B23B310F63495C48C097A442F40042000A90D4594840A4A030083888D55D50C067D73EBDD3DB15F2995EBC7B40A59533F49FF5DAB952B87F0F31565DFAABB89C826032DA33E3BD6136319BBD5F6A72802DDD49FE746C6DAF99730B5B2FC21040CC573791069BC7
311
716992E8CF16718C2074408D4D159A237836BB9D8ECFF529B7CEDD6E5F5AFFE246F8AAC820FE508C743199E5913E6C4158208437C4BAA0C24054D268440AF6F777C58A6E9D79EA93CF3EB9D64F9CA47CF2EA85541D3BF7ED67FD9EBB79EE521B8A2DE8D097D89F143644A6BBEC7E9607D9288D18504DA79142D26AB79C6CCD
311
A77A9CE4B1971379567D29855D60A18AA4224E06609BAFC4024FD70F3B709D8DA073C53B1F8C009A30E010620BB29ACEEA02A24E142129A5F000332DA6600701588398029274DADF13CD39749EE14F3EF9ECD32178A6527BB935CA62C38576495F9DFE3B23495A838EEFA865AC0FEB9DE3CE306B23442760024D0EC0088208
311
AFA56E7BFDC0181202C8B2B649911C7D807D2F993A3514B00293D47F99989550C8698FED8B33AAEBDCB830C0F6E7AD86EF3C8A02FE10D6CB46020C3EB53A04058821207A506D2648A53473983779C3D73482804F69C32CAB463C4F8F666A9A29A4F5753A96769767DCA16EF0B6106BD2CAAA1024AD370542D33ECAE3C00341
311
0FE077884064A2B96458395E28F492D32D2BD485665956BA2BDF56AA94D5E003041029377566069D81AD75753694B3ABF6A8E4C9AA0BCBEA805A1E90548128C9444A0D4001B040AF040424959C26D421E92588C8DEEE4A5C6719430D7E360D5F74DB579FCFD9588EA38B4B7B39D7E185CBB4399EE0908B800104C43087DE7A
311
B005A809D469521DC85F4E3E3B743943B2AD833C8D66339130E5136C072A49F9106FF27B590E996D5DF8DEF32F644C32286D6C4A29745EA88F59E3458C29850013DB088402088DABEC6289892867A08D00769E22044447F6479A0EAB67EC934F3FF9F4BA84899AF3C72BE2B569ADF3AC9041E7A7AFDB43697F4C5E798C790E
311
81C9EBAB3D5319227B7ECB5BF3975214496100471D04188BA38FE7723DDDE479B134E3A3360415B0F15CB37907316D55F1020474F6149EEB8B6EDAAF2EDE3CBDAFDDB6BAD95489EC9174199689D5FA880A8A891014432012F95636D26814802D2CF1A27E67C5A133DE81003EBD3642A4A832F978DEDAB1054FE1938B8B4338
311
7BA5AEAC6447E539FE261FA8F68D158C2E17769D940212B8E50F372D68CEDBE74E8211DCE0083A1917B88219C07E984836416631BE935A105B782F1A76DAF1B9C1D0A5D63F8F108276CD24B8EA5A6054E94132053AA9E69A10400DA07E350C2004A0005860A8AF3BE3B6BAAF7DF2E9679F7DD24F14C56739B9AD9C9673FD75
311
7A78EFB94D10F2C40AA5279CA7AC7FB1541F9ACE12155035D0980D00D71A13D3B4CC2D890EF449B8B2B7BF3BCB56E702C534B2F93815A290818A0526DEB36F34E4D387D6DF29F0A78077460A02727FA44BB54458420FB2B756AC3D71873086351650085052106F40520D87BAB271ABE31A14F0C92723A4147699E6160047F5
311
DAC16CA707F5DCB9D9E1466E72AB91F63838EA85EDCBD9E1F12C951B2001BF59F68C8936104498CDF1A26E6E348BFF159151F5F784624D89DF763B0B01D95EA75100C1000568BB1BAD6BD5577B14E7DF387F2DE370E5C26A8D9474A1045B4DA000E50E89100401620B8B10D478002B092908024259B7D5308E08F8E4FA08FE
311
5357A231CA426EBBB7F39D9EEB4D9B0B05B9DCE56523FD369C67EB6E2E57191E6A86E58824C9EF43179C35BD7E60DEE3C30D70E2A30D0DF7F74572EC7E25340C02888549BD13898668F1C0B30168FD767AEF3CB7A951BDE4417EAD567FD620F5662CEE380B64D914C6B036C90A015A4444368FB0098768813204900EA182DF
311
66F8F45308E0D3915EFC874292A5BC9AFAFED3CE14909D07AD6BBAD3C6A83D356A66F6376741406A64AC40F93B07C99D92CD2738901F8695734FCC84BB43BE68574FDFF0C8C8506FB499652DBFA7BBA0F65779150BB4C34167F0BF77A5BA3BD7B55C76FE74EE8A09752229845040567693296740F480B0C029058001D183C2
311
1F4350C05B9B1E02A05DEF8A74F5A6CCC1B40D43A0DDC97BFD9F7BA97DA0FD3110602CE1DC170ABEB1A9823DCC315992E329F07BCC6FC53236C7ABE6D17435D4050790EA3D3234D6D795C9FA48677466134692AB1509B0BD50538367DFDEE135EE7490AE8D427DA4438C8207AB3B1560573132C02DBB0DC5DC1143A08F9080
311
78C41A021405600888378010ECEB0D55CDB62AE1005030DCD3DDDD1331E9BC82804E6FAA5F6D3867FDCA4DED55FB716000255790CDCBBEB1B12CD9BD88010D03A0E00B4501E15272C21C632DC449C6FBF0F0D4D4B033C3D688A1DE6EC90DF260C389373C3A7B496D85765FA7C09EEFBB730D72ACC6548242652204C389FF27
311
1181884C720F1CA0284045444ED58092908887EE84F79B8A8880CFAE8D1320A1C689DB6CD556474EBFFB14D6D391C89DCEDBC27DB5341450CF162A19E7D058C5CE39580E85012A042A59000BE8F5B65ABC1B25D8D53F32323236353DD4E58C8947D2954D846587911CB1559B991D957956DFDD06B8D369FB9ED6B5BCB87886
311
0C9F26E5F00F0A01CA19C0161653504800354008949898D841942D3D3505E18E8829F97DB7500091E15E899616D967AE8252D2D3CFB7CE70E4592A189A1DA8B46C25E51C9E4EE9296314060324780B1B2846F0948C691B8B01BE48A86F646C6C6C6A78B84B52FA581F2F4876AD580D2080B24B1D42D7E057FD28D7F07C8FE7
311
D07F3A44ABCD9429499539C502556CE1484409FA7654B0230304011423C010102DD0E333EABC5D08005860BC5FFCA754C2A36B2FE376860284AAF7765FDAB5B88CEDBBB2EA158CE7290A9889768F8DC7A4889194F31273401AEAC06CA9BAAD3A44808F8D00ECF6981A1F1B61771BAF4211951E272490647D65F25C4C1CD2D2
311
7AB09EB7774E813F7D53CD0114A1C7B5B57CA18420CB63526142C585450D8A3F2CE536342D20142032404CC154DC6A19F9E41A14F0E9785F37FF512145EF3D875846710A6D07E36737B8AA35A86A21E5717DA1E1291FA1A1BF18FE24B59DDCB25AFC5624A1AB64B199B1027CCE1EA4D2F4D4F4C808DDF9BA7AA986A4D78ACC
311
A9A0F064C71992EA21D2D4ECF3DC4605506B57A7773A173A5B18930A27848262A20625302C925EDC61F17A2425A08D0029470102C453E86DBAAC8E29A0070520C0170AC5BE8BEB346780AECEF7D6E9570D4B46D176476400B501AF3B91CDA462911E1040E996006200730004F8592F460918F31EAF3BC662144A1019383E35
311
D58F4620464D553932FE1112F8433A6A3E1113BDD893EAAF3DDBF4C59B1DC2D046A2214708B258C98370D686D84E209620A1CF360F882588ABE7135B382386804200CEC0506FD19C0E6309630B5E1BEF4371F6F8CA9CD0742A5F2EE94B46D09996CE1024289A2F205F223DD363CE3207812207C2620FF8450CC09876BD5767
311
728200413BBB21A7D8F9194965E5F4CCBCC982BBA00208249A6801910BC817103B53A190230F724386D219021F29674AD49E150A30E46101A933030F4002507AC70EE858424A0D9246D59D30DB4AD7A100F4E0B52110D0EFCCDA93C880B32F563D9CCD80F6527AD786A1BD262C1EA06045AABB7F6C3C42F11AA26354F2820B
311
C41E2273CE1C3004BD260AFF2097FA86D001635308E00C9B42C22CA730F7D41CC16D4A720C895A9B6B7F3D5FAE4DC1B9E174E6E4DC2D35069B997A9B6CD722DB16535842426C23135B0709D00E099DC900E52B8B3794B27F656B5EBB761D0EF8E47A0F05BAFA432936D60970A714AEBEFEEC81B7A46FDED65020AF519C7E3D
311
6B3CA948FFD078A85995739EF452EC8F9C074800EBA4E4400C20F1B04D64AFD3D8F0F450C85937B22C6336A277A0295652C0C3604BC504DB9DD08F9AE74EEFD271BB59B5C851FB0E9F4AFB0B9584ECB3E0C0524992C848DA34713F85004501C81C094488338025286B23FD3D38C3D6EC7554E0B54FAE5D1F520888E9BDE758
311
40835675AAF5A50DA8732D6F70CDA28FFF2F4D024ECE9EE1F19094702A95582AD4CA1D5AA88969C1E3B3E470C96132D10228C221E291961AA702582D3A8EDC63C738B103A943DBA12E0D52A50154378A2A4E3B960B66407B2DEFDB8C6529DA080780802A5B49D131C839F1F8545C1CAF0304C002882AE483F286FA4375BF55
311
D77DE79A1282D7D9AD12EA0F45BF03011AE2CFBEFD5C47DC94A997BEDBEF73D1B079A89417CB387B47A6FBD9A44C0527168A9435805882BF4B2E73B80002F0C2A1802976FE0E8752A560EB646F89140D397D6D001A48EAA8C42CB44517DA979F76A2DD14484F150397EAEDF647D9676917B3CBC5E98B244DCB2E3A4DD38103
311
1515556B635A89158205829D1E67DE620DF6B0095588605C64745FAF130A6843A6BA530F176E9CBE688F91A7019B399C03BDBE9E91F1BE4C1D0C50D90C06179F000EF05A4A6E8F218B3186E9A358607A6CA4379AB06C7202C6EAE4CC0207E5703A20FE80ADD152E911F2D567D0B511A2DDD0265EAEF990108810027FE17AC1
311
04BF515B929C69D61CA92320304A380004848400544D11A505140242BD317BD016671FEE1DB664630A77FBBAFB7B227A8460FBEBD528A497D3A67AD55EA9EEE5817BB59AD951E6EB63C880A1A814FCA48ED9779489FE3308F078921E3D92294660525C90A1213860B82F1429DA96B676769E6F6E1E3EE020CD01A98B6D8307
311
34781450AA274D24CB98DA73CD5DD5B93CC95DF56CD3370BA41C2303D52642B29E580284CD95332819D36487C202A82A31055592404FA8E9F07E535522E0DA9D3BD77BA080FEFED8FB5A80EF3FD7DA107746D01E4BAD168C57A3910CAEDEF870248B1420E82D751E9182C880A427F1B9D198E9A1F4956881E1E16141802F90
311
DCDE5F5E7EF9FAD98BADADE7875A4917CE211125AC3AD59EB54B05A8BAA1B02058577D6BEF8A66B6679A3815D4281757A0C9D61172E510F4D49B504B63A485B153824DF4802F76802409444A7E9181D7A7AFA309EF8C0B029817138690FADA8BDA5EDD12842B6C688FED39A1B02F9B868B52C6A77768FA3A1440F926110352
311
DB546A695056C865B0677A35044094A0A0B73BA54F2E6DADAFEF1C9D1CED3CDAD95A9A49FFF823872DCF74148CEAA88D8BF6B5F44FD7F2DBC180361CABCD9DC8141DE27DC9C99BAC8E121475B2650801206600DEB0E60D56D0D6D4D7D1B224627AB335D935C57EFCEBD7EE7CA221A0DF67D26932E01CC1D149BB4FED496141
311
61A93D201B86402216C9C4424353E3918C54359318A960803ACF5E9DD9C0AEFA0ADE966201DCC1919E7E672A1F5CD95AE7AC89BDA3E5838D574F97E4AC5CF4C0371DE8045CD595F6A4185321407BAD614210C0A7A8B3D82CB25B0111801D942B54520223B1478500952020ABC352694B2C4159220F75D78DC19FE2FD529301
311
0AB836D5138102FAA276ABA4CDB77B56F83DFF40AF6A7C0A7CA52DF8248640F2737D8A787F1773DB2D15BCA85B438D474E8F802DFF9AB4185C067D147B5C8925715061C94AD1DF7AF1EA2E278DC831201B3B8792A0644D4F34A473F5ADAA63D5A35CA92ED5AD8B0F9284A5B3C4AB293DFCF6B5ECA30B506D4FA2C2A273A441
311
09B23AEC232CCE16FA0C46A2C8806E5FC995B49AA6EE5097621C2D30455936D6537D06ABE60DCA18DA78388F6B358EF6F0E4898FF0D8B07AEC5932FF9C443B7AA50238E1A13A85D0492027F5C56A0EBB7E2849381CAE4408B02CDBD5EBCBE4E2837B3B1B7797B79EBE3AB875EFD583B919EA279125233B65046C5AE7493D6B
311
0FA05B50D17E473E23AFFC2E94004118F658B34C5917BF84B0B8C6028A036471140AC06747414000E44B664C96A4B529F549A0813BD7A6245A31D4938AFFD48907B4FBE0E99C38683B02F29EF25B14B5E8289E136E4AF5A2FEE1E91E242DD5FCEA4DE2E47AFB9FDC1EAFCD6B74DB4DB2AD17C903598200F60964CA86E4CAFE
311
FAC1FACBE3371C83B2B1B5A4EAFDD626D8642E78D5E0541856A97602ABD205EABD36EEB5275BD0ECA888126823A05041D0416E98C2AAA1059533882B94CDF09ECA148AD439BAE32BDF34E53840C1B5F19150341AEAEB2FB8D39226A4F5CBD38526A3921BF2A869276D3228938D1AF0B149BF87221F51540DB5FC9A52C9CF64
311
707B408F319E28F9884CB737FF3334A7AF8C1FBC4269ABBB0F9FEEBEE318989D0794E1D248A0DD7D67AAA5CF7312A03D3AEED2BB1A40DAE2B553BE16E71302084B9E1C4B63420188006507817AF22354F54D90A06480335A72419BDDD3D3180294A3F884100D42BC37674913125360CA637B0204E8F64F1B0732266585A851
311
A66B5E573ED6CDAA07669E137B538880C23D09F286CC249191139E1719A02180E8442486F76E364F1CEEDC3D78B48528B8756FF9789373C56DB601AC4201AC0DFEE9B342BCE8487103046EF519C9C6B482E1324B6C6E45002A289E22675E091C5C61EC400907284398529B084185818CDDC2923DB538A6A6284C7307675022
311
B638C85AD56F85590D0FAA3BEDB28D724187FA53776588D40FD26748FEEA22DE17C2DF000308428E8909FBCDB59941B75F5F8D628C30F5521223C49695AA3D699D9CD9DE5A3E58DF7AF164FDDEADF527DB94A326BEA43617494F6D38A527ED872BC140BBA98F8809604D9B5D0556D981DF1597A2322A24AACC0005BF7080CA
311
91420B342B6A7510A3A80C07E88A63D7A7C7B103682320A0A7AF3BEF1D90859176370A0DED17724B085184AEDC97D1A8499097EC64B51748417712EF200B309589A10A72E53C21DF64BAB5E0F93A518C890CA0013F7540336547BAB53239BFF7726363FFF8F59B83B58D977B2DB6D5C8E61ACE0C9039567FAA23D0C22BF955
311
7F0A1F322CF59A04DC60205BB6FF41C9407652D629C186AE27EA87C8150290ED019222847E6266C410F07D9B0DB8BCBAA0E2005103E37786BA64D126624F5215BEDD95F4DD6E5ACF3CCAA8D4537B10DA0BEB000590EAC015E91F9EEA97D0132C802A2CB10FCA3CD05AB1F813D59406BF60C0F96D2C577235E6B73767575E3C
311
7CF7F0985A8F0720E0B6F44D9E801804C262AAA91EDAE073DD199B360C3523549ECF65D87187EFEDC60E2C5254555B1B45E74883F414078812C866E14F982056365A8256471F55AA342138DD43DA7E5F5FCCAE53DBFC3B40AA919C8E43EE76429472A98D47069AAE7DE92E4ADDFB9EA1E97E093D49E5262181B0313931BF64
311
B1E8AB5976356BADDB194DE5AA96C6ED677B2BF3CF9E3C7CB5B5BDB78F4DF8606E420A32CB092AEAAB5577426574402292EA5C3023AFB829FDCAE75853703473FAB87802EEB83150A5A42AE110F1F83504C88E112D452A9BA9333269A46AE37E172945030308014CA305BBFBFB499838DBDEA6752C5DD28DF6A3FAE73C1019
311
85EABEF39986D79FF791FD11A2BC8D44FB9420A4869DDDE84FDF5E4D5B4CB92C3A000450DD094A8915AA61DBCADEF1E1ED9507BB2FB74E365FBDE1C9270000200049444154736AD8F315FA86C3389743AD4E09B7C9F7B721956B3521CA0754DDABB19187526233B05A9225221A60655436216846474F7F484A0AE10BCB5135
311
A9A63081C444729C5AA44B46894E49812E2C219400F5CB7A732E96C745D77F2F004A6B77A946222390A610AF49046EF169B1052DA64C17481C199E26D68BCAA1C6A9E881B87974E9B0C191210582E0C08F4DCE60C88F35585B7B2F5E2FB5968E9F3C3D9C9FDFDB7AF2789E7810DF4EA50405AC02BF2D68641C6A28EA428D40
311
7B29C537C38542C2E1FA5AB4A06C9CC3E141029020A29AA44543008800541342500EB092CC2C76E8B9FBA7A6418010C1B5617257427D4ECE7E1057A0DD571B03DA4B6EB7B1A1BA975772216299910E9025526047A6B3674A8C6A55D194428ED5BCDBDBD83E9EA3B218755F047E8682464A15CAFA606BF5E9F3EDD6E4D2EBA7
311
AFE7D30BDBC7274443D4423959FCDA976BA4A60C23D50FB7A533198AEA9E9B2C667BD976A997C538940025160BD8816C8D912C183040AE180440D959E26102B9D8C2D96C39EC675743694CE0BF8E25705D82E2442C7DA6A0ECECD03A50BD2898D59D0E524EC99FD1A9E1C8B37580D078D929960015CF7CDFCA2A548A43B208
311
8B78274F8E37BD0E76F5A28C64FE990CDE221CDE587AFD7A7B5237B3B4FA78DE66E6605A9BCE2F49E3220739354C2156F546372A6941012F83D1902E88201CF7953155495077851034E1B03C21F14ED00F1900FCA203B4FC2856EFB00431530B2C230693E6E894C6014202ECE1A1844FC58112687FBF90B8608297F22C975C
311
F1AC38536D84529F90F7D812426034E0C39AEC22EADD8DC72D18C8D68B81787276F5E99ECE4D66BC8840A646F2F5E4C031876EFE646F750EE3677E69C662E4C021CB9F0D863FF8098C507CA0714EC9D28588FBCEC0643C827469BAA4CE522ED48D7F56CB5014D72B352B145AC2EC44DB08F80A7E44400C1785E308440F64B3
311
450E3DF026ED2C6310A1860C70067A7D506FA8CCBA9020802FD64057F0ABBE14D6D54D850705B57C4EFDF2D4D0790C94D08FA208A743A440D3638C9A3D542DA26ED30B9BA55AA0EE8F5A9F11B794C061226C6E700651CBF6D55F75B3836C3A32998CF95CCE24CC69B551724110DDEE41EB975E94BCD16ECBCCE8D8971134B0
311
E7CCE8FA82781822006D23D5F7E1006097221A204056C5A48250265B973AF4F50207D7C8F14555601F1E1F977A8DC840E68EC5E1B7D606473A68C06A58502FE486346DFAA5677E946652CF3241E974907A60CC7D68647A5816FE3804A452A806E2C189A5E3E3090F15B223C20330003639DEB2DE60F1DA66660674E6307592
311
FD767DB55CE7700C2AF1E03F620ED550880ACD426CDA284E51A2A6880124CDC960B0C8E60B89074B3080452196280501E41E00BD68007103442DC9315514E6916005D60967393959A5450A8A08C00C8AB15A9D320425494C034AA656F52BC0F327DCC83D6D38C21D42953212D560DBA02BEF430F600D8FF422E7450F343104
311
BC03F3274F47CDA62C99E19A0EC050CE964B264E914ADA1A358B43CF4110C0CFB100590A6197F5F84F88811ABBEDA41BBE5E1021DDC9B3A27D2E041932246F42AC6029A64448DC6D2A15D83628192034F43F4D7384914854D3E3FBA5D436128020BC7D6898E82414800818EF477C39BB72F1241A48A055806910F3D89901FA
311
141C74C6229F9481A9465E85C790EA727E1BE91B9BC6D845EC022735013EB74E6E3F58F0860BE5945282EA0DC225F849048B74560266012288F5BA54C417315DD43B3C49C1C080980558461AB4DA9804EB320A410D15B8835E43BD90A7EC004B70A204F51455C315C60A00FE76292D21007104997F8E20209187624584EABF
311
2A0C0FE1B9400338C4532203BB2284489427A050DD9E78E9101CA826571AB4EA4A0D45DE50AF1A36B3A3297970FD63D37D31FC3D390686923D0E2F62FE24E82A44B352F113CC701FD2906A091EB83869A1547CBD522D48CC325360A6AAFA387B993856B0A14E6A6877A0D0205DC908D4BD015D5017E744113DC1D0B7A04082
311
41AC0ACAD630E65F4DBF18C1E2076A318A665DCA3321982D5F7ABD8E10E12B6800148C5F1F63237B249462FF88161307A64EB70A38F5A0665EA15F76C34A9347351972991E60F98B5D0712179BC2DA9553C1B08603C6E000C7A5263DF94C36254A502AE1737E62091BD19CE4BFD33AFF1F8BB932A40BCA9829821655B27DA0
311
810136F5B5B3F755770AF64ECF9CB296260EC2511A100CEBCB620753552F47D49BA83F56A7227F25744400405D8AFAABC4A9D4C1555E923AF1DC8407A6B003C95FEBEE6E1A253D4466594DAAF01C7D0ADCDA696E8213F0AF868069AE9A764BFD438D9AD29206D40D0F7465440BD06DB964B00C2EAC3E9E30DBA9018D704206
311
4AACA01C201E9294250596C52CECA0C37E27C91F62E578886C3900978A45684B73D292B09C1A885CA88991500491500BA1D07251CA3690880402480F130E20188219A42140752842476AAC53649D050BEA35B114EBEE1D1E1A66A95EB4A02602BA235A7E8CEA43E8EC27FA1074A826F286D6061A9468BCCF0DC62682891201
311
568BA32E3C807AED93F2CE84BDEACDBCDE6F6B2D3D9EF11AB1C3C5089259E658C9BC3DEE977D62D4DA4BDB2CA66A813305D9D30EB52A1969779B7F148388126C244BA859E15124B07407777C43F9694B395BCFB3264E76013250B6CD12EFD09420F0AB5DF3CA09120B10E14799FD2AEBB60E6C802FCDF91ED6E8B003A6D082
311
77C6D8CAEF735608126208B79B824AE65F83916741BABC1088056E198F3C6A13C4218FE9A03F4FD23D7A60780C3C50E33A53A043A36EF0F6C982D7958BD531512147A6B85E2CD9FF2C056306382176B4A17319CA8568B497424FE24B23B0A82CF0055C40F6643A485D2134626760696B32692370EB35537AA090A00011CBCF
311
D4AFF2BBC254998690D811A294805880F09C2A2BADD62A009FD50A501B0C7EF1754416A8A6C6245F8760086650E4DB5C5C4A182998382409EE54D00A06DA3FF2BA3D0C385740978957B71001F06CF2F370965DA1620BF543028445880A058C5FA4276E2F05BF48149AB8A9E291489D6B8ABD43010D4ED2656D7450F735BB1C
311
24920D05B1B33F5368C2A9C205E8028204130D6265690954A03721806F7418320E447A890551C9C7F604A5081B9100D67D648BBC7C11B9BF7242A30A518AF2E31CA23C514A32724828657F9FA2FF71B0303EDE8719144925701095D815C0805B835C9BF9360E144E344B40885111823C2BEAE0A5D95D240DC2D74B0A40375D
311
33D7F52A758683B5D6ACCE1B46C48B1BA0C2856881B84B95CC99996CB13A6C7D6B2FCBB67795CE968A56A06D83CB9344192025A8CB6733EB0626441CA01AE4080BAFDFC084560D5F832595904C615129352FCBE22841BE48E61F648A3922B119EDDCA500BAC7FC95F7ADDFD787BD36323CC44AF5344A90D1FA9A768F575C41
311
015E4C0C7916A1D3C6854281CA4B10FB44B02324A0FC77A102FE85D8B0D7628AF5767FDB3D34263EB132859A45BBDDA59B58C0D8AB660AEC96E0B444444095F3635D6FA5681887E32ECCB626D21E538EE3229839EA0A0AEA72794E46093206B4012890C29C52948E7051D0FCD6EA0988FE33B9F01E5956971C618E23420462
311
052A2B48C280A272E127E49F2C54C9693324B07186277B8C03B24629097B24AB8C5F1FEE4130A5F252C44B11B4002DD02924F07C8605C18A002E44801A900F4000DA3DAE6B3A8FB1293CD08B3FC06A7106F38384114C3B0EA0347FA9CF60E88841C26C54F57A8783A09442C0DC1C6503D37E3B35219D622E6395C57025B188
311
700E95778814A0261B2579D87FEB72C9E113B94289634CC831968810C7915161938367D4A207F61606603B0C288B3475C43F27F0E9A5C681ECD1B5B82BA42BA2ADF105A6D083436CE68E66F57080E6090A980A090AF436F80A4E81B68302450D90A830A69449E1275D7B8B29208906435343A2F199482C6F5C951F0766BC41
311
079E3A5ABE499DCC2269544637061F270AC1021CC0324959EA1F08E688C380AE60E60AB207252E995F32CB40CAA933EC0B24259CADDAA420D8DDCA90C42350DBC621004241E819015FFB12997F6AAACB897479E0E7483EAA5EB3B3CAAFEFA754BF4A594509DC99EEEF8EB19D9F5381581795A6585B80D728414840A1449B6F
311
A59510799D8FB6FF43DD18085AC2997EF221413062107F10EA138D17B48EEA489754FC88B9CFC13F0662582040EA86B5E404B2050EA7081A2929119509E42C9D4C335B666B1DC751ABB453BFE70F926D014150ABA0CE39D446969C403AB634F9451E555555F243E52816BE41D99C5895B2522DEBB4814480C3AD593C8200CC
311
AE68DF70DF3049EBA20621801E2751EC00EC840ED0C00676015F01DE815ED0C06C032FA24171BD420177442B3216DEC51F705735121819EEC224610A9A90B2F16D7270D41C34C801605975F85389BD55168AC60C4E2220A10010C0F1F1498AF3B3AC234B77E23396393E511F9662AA7129A84B0C2399F4B025880D5A266350
311
E905D491DCB4C40392184443030813417FCA0150F0CB998CC01FE0E45BF61672F44FFFD0F0D018810B757EC13849019514516273123DA340D466570840E1419B7F610502969A94507A12ED2C7320FFA410C0634D8A6A936DA44880351839DF845D9290806EC2627697318EB9213BEC20467CC1C1414E9F687108A11CC3D79A
311
184C5B0C89228BBBEC26138FA16AD7C7C338FA446FD4EE436ACD96F29C29C82A1846D420C77148F410CF962A629A0A90655F2DF2A8D9FF4D0AF142FEC00F0BA863BFCD6643773F12400981A991A9718E32C066CD132322B0A781AC685E03586659694285057961FD467B07A86519437D56AE396294479D3F5EEEEE7192143D
311
CD5A1376593683FB65E2B833C497599F8AC99E7178DB8E3A66ABEC424B205FB8BDB9C2418CB3B39C31A83393E4532A73649A1C9DC6462C6A0BB0E625A69E5B0F76C83EB2BB82498E341F15BDC01C2003FC46A2CE18C1908ED281EA5456E17FA94F4ABA12DC2F1C2067BF22409BACCF6B12605894E090ACD4E6EC96E0976A5A
311
358815A52BD8341A50A4A08C43795F3880791777404904E109759FFD2666973D457DE06E840C4BE0D83DD96CAE1C3039D81BF6B9399E4309621A04283E69B60DCECDAD6C6E2E2DF17B7B9B8BCD4D4EE36C51793269E1005D36D6728662918C3BBBDE6EB29BF47AE692A3E388674B56F5E8E40C06943A725B178C1309CB66B1
311
3C801F0CA8B01BAB20ED4C1532D6FEF283C1C41E6D110016BB8F0C851195B40E1B5C9F660771269B707F810810280055185D41DC7600B8A1B18306A5802D7F223194BDA06E0BEF0852929CAE060910181A1B76923F9B2510A5B8C06141CC9AA89AC6B1D124115ABC54CD5B39D97BF0E0F5E3BD077B7B7B87877BCF4E4E4E96
311
B6A1868559CEA3E1E879CE9A9199D38E13C5A030917A4ED5A2D6FCFCFC02A2637206B3C066F37EC1B11C9218266EA0341100B23053C7FA9313592575D96894628558238E0C6913725685B4A9A93B6CDA887132ECE72047C06A832A4FAAA9D76D7C0021B06AB32D824F1A4F4A232894281C501C328614E8EE2155204A81886C
311
25C79CB34EECF23BCCEE7AA690AB06124483289B3BBFF4F8F956BBBD787AFC94DFA3ADAD175B2F9E3E7FB0B7BD3033339886641D0ED22CC26E8406FB7938B58CB4BAA5CD15911993722AAF55F7B943E220B24B4863008980C8D21CEA0FF90FFC6A170FF923E6BFE233E6C983218158440086E0F8747F2F594D789F1EB370C0
311
D964AB2BF51AB04083340117A52F1C204D5E2B8D9086F7418E50842DFD234E2A871B38253ECEBE18FC019225D06726A39F088809F5562EE98D7FF6EB06276F6F3FFEAFFD9DE557B41DAD3D7CF4E8D1BB77CBEFDEEDEC3C393ADE3BD99C9B10EB0FF31713B886BAB8BDB9B9B27AB2BA0ACBCC51769663E99266875E8EA064CD
311
5B31000EB7841C44D8C23F015214987E92F75D962FD8C10C03F4B36985ECB9A1694262D3E3C3E8C002C7CF90CBA5E057B026D5967F25DF0050C1AEA14220D4A69D0BAEC0853CF2C4F9C8EA0D6E7FE1860442241E93362ACB511C8128632157020CB873AC8B8A451EB40DCE1216DF7AB3BC717070A0FD6D1C6CDCBB776FED16
311
6DEDEEFAA39DFD272F5E03EBD2D2DCE6CAF6E6EDCDEDD5BDBDC78F9F3F3F3EDE3B8453160667E08020E53B5810272542CE64120750AC28DC2DCC1F495865FF0ABBB85839347FF5D55754FD66130D3C000B8814B833DD178A65EBFA38049054907E2F13ADFD59935C75C007274201CCB2802B14C093029A578224ED1A5A6095
311
305EE68C0FF28287A622E2FA410350238108D94161CAA488FC1297B70DB656B65F6FED2C1FDCBB2720DF5AD4DAFDFBF76FDEBFBFF8FB5B6BF736D65FBDD9DFDA02DE070F1E1CBFDE7BFE5CE398A3A3E720601EA5D1B0617A99721C3289006C8B000800FA175DC3FE6CC95896BD1B2E2C48AFD7EFE6EC2374806CDC22956378
311
0A37A09B8A2E61726C150108945AEB00DE7ED69E04F2F6C40B02BEE910832804E540CBBB699BCB15CE502DB6BB0763030DC3687048AAD540D8E12789A19881041C0E64C0C41CAB623BEF0EEE2E2EDEBFD96E37DAEDEA8D1BF76F2EAEDDBD7BF71DFCB1BBBFBFFFE6CD93FD370F696FF677B78EF75637E7319F618030024085
311
4114FCF87F1800443F495293CD3B3F846523671B7E345437EC2F56D0085BF74409F6847C95BA9E3D1B966447D2755070F69C64F905734B9C43A1730DCA9FB4AB34DA1FB2E71DD1218A2A6A1C325FEAEA8704FAFB5972ACA4D84F050950340403D86D71347D2C641883BA81C9B9DB7B8A02E458F01B72F04DBB710690B41B37
311
6EDE5C8419D636D6373636D6D797D7D7E5F1E19B27470F56B76F2F8C52ED81F27179A200A200311F95FEC380625556C43FBB162000B57787946DAFF9F37046760A71501539E444C3A6AF8F911E5E21A864F663A774265D09002026F2D2BE145C8003E85C8128442FA06A929F7B4A040A6950E65844235BD83925060C806C89
311
47883D5840FB4BD13498809551360C7316F0C2D2E1D1CB871B07B73800AE8D003907EEAC7193EADBF71587DCBA857CB87770F0EED5FEEED1EBD5A5150E2FAC055D7AE057AB818AFF39915CF43FDE16D60FE20FFA579E84DAC5EC8F57BB54550D91006880E1A969F202B37593CB63F93AD8D1F90229A00AB8D210047229B7F8
311
55CCAF5480D0BAA207F54A61031A202C063AD249B72B918209BA7A8670B5B3A8994C131F90908C5E1FB790559BCD1BDCE6F4E0ECE6EA8B270FDF2904C8A1D01F368D246E2214100B8B2062ED60FD9170C0C9FC1C39F65E77B82A3EA0C40165DD5956807036386213D341C11F57F42F7B53399A2D411E2089932201C6C688DB
311
8D8FF477470B100031755965D44055D026352C7033A960D7E01760850C44EA0907689A50BB527691A21054B33F1E2F87FABBC88E1F1A23670A16402B73507A89536330072AD1A6E18F4A0FAE3ED87AF96A8383E1E5F02FAD7120A81C0A2AAD7D4798E3E60D918C8B8BF70E9677B68E5F3F5B5A594000702629C53844008A09
311
200850F25F9C7FB56947F6ACB85DE202FEF5AF1CFF9982FB87D84422221033607A8A8D83852A65DDCDFE2F65D38A60401EE409C8E587675502850BDE11807964F67916EE5736211E04808B04B0E960013091D6B14E9DA142079B56C646C428A36E1E62401944D451D693231576076DF0C0DED113F400A7402AF801BD03FC19
311
0A3471803C8017D6EE6E2CBFD97A8E81B0305333BBC2FA1C8712CA42808A7FAA80B2281CB6EC08F9FF51D85F36EDA000CCFE708ABD236CA5965F6CC0E1E9EB237D5D294EC79590FA8F0A56019D0BD65CE5595D2BC0B9C54F12D0351C68730E0E344610E035735098001EA8A559A5C9477AE4ACA7FEA9904A1913EF06D704D9
311
F4276424F554590EAFCDCC9F3CDEDA7F75770D21D021010DF236FC82119A928837EE2FDEBA77F06E67F7C5EB93A58551F8DF48A10089012804C8514ACCBF64E822FE7E60BBC69F95F893A8B1328173D4CD194103B28D4802A2C3D7878742D46F40025A5C64CC097C3CA8A69EB9D5468800AF21408480CC7F9B01D4D42B4920
311
AE814604DC23CDC94ABA564E0A38B1483DD2A5529421022D893C1FB738CA31299CC026A9DB87CF77DF2CCB59B01A0D5C20010D7AA512DA1AE160F9E1FED1F1E1C96D8EF6F4EBF36512C2C40254791702BF44DB987EC22D22FCB51DCC04900999B9CB44EB8787D101E208B228323EDD47091139D780A37CAC14BDD260D440E5
311
11884181D4B650BFB2A709E085D8D5FC83022E04111DB8E55D6E2103B96333FF391E8851ACABBB373434E4AB14904DC4C2642705C7A3B85DE166AC69309AD3B5C9F967C7BB220544130A1B9C27009106DAFCA3136FDE4700BC7BF8726B6F758974322F1B44D91A9425A0AF857F38454945FFF289EF64033BF32F1B37D9B628
311
3BF238B903FF14FDD73F2CC130B6AC8C5D67D34694E30C3CD45E42050029200AB4EA4F9EB45772A5D3EEA989874E1406440C2896104C082EC41590268A806B97D1587692A8CF46B9A19148454BCD90E3E19B1C4A4F39F16C847362BCBA5A6BE9F5D1BE604054A190BBA040FDA9173C28FA170100FCAF64FE97E6466D7E5780
311
831609B26A6170E41F0B4A20B8BD5FCD21BB75FEF0B50A234914D8AFF741F87D803FC28A206B42D377A6FAFB39D4C7F13908F00321F30BA802B6D47FE20608510420375593002CF0F1D0E600C50A420F9A5920B681C802A10BAEBCB8F40592D488CFF68F84D8AA924A5141932DD6A8A93CC5B34C19B2658D9EA06D66E5F029
311
C6C0DDB5FB60A0A30A1422DA1C70038B48F1FFFABAD0FFEA36077BBAC2AC2867394F82D03F0A40D2113036D8AF87A72D9BD7A58685883F2500821CD69E41F441F7887F2C202C415683A8E14082B5C50C01B0618BC6D6CD5389AFAA6081037001F4EDDB6AF2751A069426541C00C480CDA53208A17FA01712303B8CA6141820
311
41BA6FAC8BC54F5274E4B790E574037654EA2B6402182DC9C6C2E6E3A7CA1AE0B82D91F89D99D7269F1B6DF98F63B07B74FCEC366717B30C5A950DD2ED08803A440C0123EC4FB459497F7286D4A655EF5741B3EB2FD1118C3F20571E104ED0D8F5B1A15E5F9385F52FC82DC3E4D39A8E274501948293C2A89045FB4FBD8413
311
3A4D0221820A8DFE957DA404C0F732FF18C5820797311E88F60B0DB0679E09C222A44101044AF3F1AF5D810C514FBB3BD9682DED1D6FED2F6FDCBD854F00155C6822FDEE2FE2182DBF7AB3F5626F6961C68A494FE010F809818B0120EB3F2C2360FDE1FCFC20ECCFFC4BD214F21F80CC9FDB6343235358FF6A3958D030767D
311
8AEA1154EFC006749334AD2A3EC983C80BF95153CE93DCD3E65FE803C61098938A07140278A5C8424C2369CC3EF4AF74A18D1273616CCF3E29EACB4A6C370BFFA90264E0AB44B3F81FD0802995AA9748221A985CD93E7CFA04B7680D7D48139A6F3765FEC0FD1B8F1E3E397A7D4246BDD963B01751FF6A03A8447F7C511F68
311
15EF2F00F92BDF4FC1AF568DC5000CA738B717A8550C44B300803F94E2680B4C2087EBC7A0600055A900161C48D3C097AA80AC3E29BC201398F44E13692048906705FBA9441444283A301B8D8666884A255D5DFDA272591681022A10432A55FECB1F5DEE00EBE704B8D951303BB774BCF572797DE30069280E71BB89F1B7B6
311
7680F67B29D26F7E42F705C7CC1673920A26934F4286C48F912B049DDAA11F8E2554D38FFDFF95C00FFF8FB112CE5E3D80174A181B9F1EA68C0D479B78CCFE3F3834F0DBF08204D840E0550F6C6B172B4AD00147080290091D149C7BD6665E21443022E4001DE83C46A329264C20AE71AF4FEDD92383832851369BB33BE082
311
4AB45224C911DF7872E9D9F3ADFD87CBEBFF7F53E7FEDBC875DD71BEA498D45BD4922B892097D18B424889AA2C099668ACA045BC48D7482A3B4DEBFD214D0B244E6AB871631779AC1F1BC4300CFFD27FB99FCFF7526E46E27066381CDEF33EF7DC73CFFD9F5FFCFCDD5F00F7BBF83DEFFEFCDDF7DFFFD73FD11FFEF8CBDF7E
311
F0CE5B6FFC9960E904EE97FC46C0D5FEC02FFB3B63DDAE9F13B6D57EF67FD658C2BBB18DD9271B10EFDF1D87B7374FCF76A8A79A65C1BA9B15FA096C01F5095F0A2BC00E118500CF914A614115F1A4B07E011E50C3048AC1F7D210A90005C6C956EAADC163E76E8B01EAA891448CBB62B2F2DEEE51ADB7DC6B23C917D38113
311
6BDE7ECE14D28F7F1D1C1023727BFFFD7FF913A2FFDF1FFEE693BFBEF7931FBDB1B6FCD5687A8EF173CA07CE2FFE8FE1AF433A7F8376A43F5D9FA83FB26648045AEC21FF74FB4C036018041CB076F3FDE515F58BA86166C99965320D0110C00999AF8105A8FDB0E9427A5DE48899B8C8B843F241E93C41F33943CC0562EE1A
311
801FE5E0078FC87F9B6CA10618AB3F3017911AAA108F896B8C199D3338B6DC64D639A92BC4CD41C13BEFFDEC779FFCE6D7FF497CF0F7BFFAF7DFFFD3AFFEE3BF3EFCF02F1FFDF69FFFFA9C24FEC55EA33DFA5F823F509FF949E9FDE1FC14E7B7C1445DC49F2716F6D7FD79C5184075FB06EADF252394E23DD7372E5C7C75D6
311
D99BB03AF21F9967BB486E8160C22D101D1CC0006EE0819728A134A27572B95E29E650460007EE73203A80DFFEB4EFBEE5DFB7CF8946B3929E353CD084CC25A1E5DB745A4FCD5C6375B515169819AED383275A60D6DC9BCF9E7DF0BB4F3EF9E5971F7DF4F1C77FF9F297787DFF46BF87249A5EB73A60BC44EE77F823DA2FCE
311
3FA13FA5DF9E7F943FC60FF78F76D3FFF96A04FC2444B36AB56900E683DCCFEE9F5EED6C4F8D826D7EDD5A5C03FE39BC011CCE0103A22252111494433840A0D9308E8113AD202272ECCECC55F74FCA897B3AAC28C28D3352B61F3F261A090760B477899AC3C4BB870D263AB50643661C328849EE68CB5ADF94167DCE78E907
311
EFFDECA7CF9F3D83F46B0C0A351811C38D82F9E17C57944EBA11BD6C8799F0FD29DE0436F57D02FEC2DAAB572C617FD441E06F6FAF6FAEC9096711F34C0EB8BEDA5F3F6A30D4B8D8AB5382F0514A985092594E376E80E2A42A9B1820F5CA338EA8590D7A0096EDEFF6002890BCE6DB93BC3F91F645389E600BEBD563964FA6
311
860EF1B83EEDCEF08D6C30A4BA2C54EB355822CDE8316BA08DDB5D6C1321DA5714F5E2C71657A889D2184CECF6603E1DFD664BDFD73C4CA6E611F86F365F13F7B4E7A3FA83FA51DC8F966BC794F470360013226E59AB1B11202B96425E4BC7868117BF68F5163258C6EF29FD6CC02CEB780C0E44837F0A05A3F2109E135AC5
311
2D2202C87DE395EDE13438705704E151BD566F1C327FD1692BFDEB3EB4A7A493315CB6CEE937AF8993D627BB68339040D88414CA71755425A0D160346C32188DA7D30B1280C190C91FE9F994D0B70B91324BDFC08F850A22FC81FF91DEDFC2A7F50B17E946FE670C825F8B0504E0E6FAF20C0FA8B5B9BAF945BDFB3DD0D0DF
311
32A8822D4EA06DE4A26B00001B0149444154BB47103FB4F7102C8000B585869271EAA20F48752CD00370BA4F9E7AC84BD3C0B6F0BADBFD666831233070B08FE15682D1054BBB1D7031B6DBD26B9C931F046D4D0D411CC8E97110F588E151743ED08330145FFCBE443E511B8EFB3AE41FDB17F83F2DDCAFDD262EDBDEBEBCD5
311
E629FC4E8AB94111CC5E5E5F9D6DED8D884C925455CF4A8D02AC2624302E9B53F023F0CA0A41C2C30EEC545417FC179D198FA18279D443E00F9CCC3B544F820050002ED00AABCD6677B40B069CC3DFBFEC673A07A930050FD6554678EB93E112551E101018434BC9A89A937B64168D87290319F865BE09F93CF811117E951F
311
BCFFC0FC7F1480470BAF56376BC7FBE47F02F6DDED3D7F6C1CCFEEA8E0D42116C310D566AB9E35C22D7425FD8B1000DD2AB800FA520CD00CCC00CD051296B80DEF3A26432CF3C70657B007D83953003E5BFA173200678BDD6E77447794724654B1DF278968DD4A624BB033FA7CFDA26105C256772C6B98DBBBCDEC1578815D
311
DC3D3D1E3F11675CD5EF778459E17F18F5585E96FA8B9F491C1AB6D8AB6E9FBD08C0772FA8904179809BD92DB572F0073B14B627C90894F7286024F442B8B0BAA6E661CFF1DA2AC280CCFB5904C38B5EA858152B57BD20837011748073A8EF262AD8437991F0C0136BCBC4E727F48B908275B253CEFA80C334162BBB08D9DE
311
B8AB06EB358E76932395CBFA392248BACB2D4C7C5A6236027923C9F933EA6FD5BAA2FA58E1CAF64B7FA477B37EB2E12C08CA02647F337B3A7352C4EC8E599DFC184B3AA37718AF0750420582C93783008B1F4AF5EC7998E2E1530BBC72000196E80618E25110130CD05F006EB6E040C0BFE707C5606DB956AB0D9402F4C0B0
311
4F1D317248CCE3E8C0F6D496A19E565D35D6AB912B08A8949AF0D3D01DC0F98BCAFC5BF483418F58BE79C8DFC5A811E9CFD210A5FFABE6F11913A1980E0802620200FD864A4137575707BB63E49F3A1B356AC0C3F9D802998037FE6182C00E423615837CC0BE909A9B2AFC0E377ABB685256C44FB823E8671A42D1A4658985
311
B043760B3DD64D1E0CA9E7C2B4E1F50EF359993F683257A132EBBD90C2AB2223D9EF584BEF7551809CA018CCF784F309AAD1E7C73018F24784437DA001FAD5CF0A914CA0BBE8C0F5D8BBD40598DDBDB8C7F7F3E4F6F2F2009DCBED9FF6EAF54D185D38C831C52300199BC029B5039C600552E1022F3C9DA30AF0F3F54D4CC8
311
2690F33DEE2B5F4FCDBC7C27E8289E146C004BB87BB2DA629872B0C7AA2F1DD4F93AD3D99845D87185F064B5F63BEB17DF11C760FC788555951DE9F13674407C6782491848B23D8DF8A4CF37879E8962F47A0AF36BAD1737BB27FDCB9B7BC09DDDBC80EAE801AB43582E8F7ED0C1F614F85986836409017A04124248A01252
311
A79D0017394902A73B0436D8BC4DBEAF581E303D0DB0C0CD1C830ABEEC86D4F015C44B5C793F7F454B06079FF5A05AF570470CA0D42976EDEAE8220146B0C809DD5316288837DBAB574F8E0F99E1E606E8667A992D83DA73B43B3EFF3CE255C0FFB3CA0F415D6E8D77AFEF9176890FE48AFDEC8E3241F03F1181FE29D148C8
311
DEAA13094B438542EA4B4751202EC123474186508443BC06462A844F9C9DC78B7225C2EF4AC1F383148E2BD8E029A2240FA2598E4BB3FFAAD66CB40FFB54B66299C561E7CA699DC0EFDC2EA637210E9D5DAAAB810232E22805D3188CF50400FD68CC402F23BD8C75E2F3E8F4CCFB3CB88CD24754CBA2CBADC9EE19BC7E03ED
311
213EBC0F0266D48701FE7BB2C2E800915AEE5A4C8CCBA58128438745230A3C2B3CCFFE11FC8D2478013CB8E3255698D6B8E8F44CC69AE4558D2F2F0EF3E707CC5CE30EE5440ECA03E11CD90814B4D0DB8D6312545C6668C8A09121631070C082F1788ACCF0EAEF328F84954AF4E979E104B749EF157240C7DD57EDF556BEF8
311
82DF2B3F9166A9A401EBDBC9FAFE3D1BC2EFDE1279948A0C0E5ECEC889DD386E53D18CE7BE666D589265246920C4F849313270B8223FCB17F9542A72E4B2C6626CA1A2C7A2AA026A599037C02700418B733938C9E7F2837CC20341BAC844C3B49A78B7475B18838D2572A776ACA68210F0628E6B9F622FEC97C8A2D62D8882
311
13C13D04F6EB7A923C4278B16CBBD4C2364CEA13D96F5F6C31D6E1F4176741DE48FF1BF43EA880096E2E9F9E2D5D34BE0632D46CADB5F84ACEE5EB8A710497434E0A3E7832CFC6F1E15D1C8181553A4DDC0702CA46FBD2F9E8D53D571B67BF8C04CB9EB2858CB1483228ADE5372498CB7F20C1D531493A079DDD537262F719
311
AC136EFE0F881DA7D26F7FE968D0FCD6DCD015506B4DCAC261E0D5A780D6397568B34D6475AD95EE68AFA3B387B3030E6E64FA48FE4BF5DFCB17C481CE965CDB7775157FCBCA3EA1B0A45607C0F0BE3CE471451F84F2F297BC5F8481834AC06EF5C2889009E220B1BD95387222659923AE18979282051192516D011A98D504
311
434F5404D4D93F3F1F52B5C55A3716BAE01DF5803EE0D2F6497BDEC105A3A2F2F3489702E6BF2DB5A134593919EF6DD0D991F8D7AA7F459EEA80373356D0B256246180EBFDEDB1C57B1757EADD668FE256806EDAB56D8213181B93D47304785574841DBCC891BC160E68C5FA2A8AFCF3D68237A115EF6C5CE0AFD72B081009
311
DC0400BEA2394005132449DA3CEFA0081E0FCFA97541D4581D48A90B8B5D58F5284BC5B21AA735197BACC2270E9812096FC90AA8983015B54AE9CE76BF9BEEEEECEBF4F8BAA3148A320FDC54088CF29BE1FD5E5FF777295E8C065F697DFB2DC900C02C4762C356C957061B9B0B180760E5B202066A140C7C43EE15017981F2
311
4A0F6005107881993FC0E70D0125FECB21A75EF134A939DCB52C93C81D4A33FB3A2B3291F3B9AE47403D83F1E13693DC815D29B0EC194241160F03D8F88C7B54E0A8519A939F2DDA67A5F579F80AD1C04C8C9864C30435A27CFCC1F8FAFC1A401070CFB231FEFD6176FBF4FA6CEB822C6978871F27F80885E11D68CF8E93B0
311
52082D6631EBC25BCE4192FCCF1FF3B314984A010DB0F973036876B451E81990EAD69393D7A5A26ABD55EBAAB7EBA834DF1497600E1E40154E87509B04AD6356895DA2E6172870956039A04FD8841C06321928FEBE74CA70379E5FB3D6F0B7FC1996686A332CB2C460279C6F77179D7FFF42777F761BCD5FCAE45A2D9848D0
311
F5CEEEB4F9059A842263947512904023A051823A757312437AB536E007471C46D6E6DF585CACE0410839CDA8D7E8E316D8315065EB32284D5DED2EF554717C4182E4F33F0252304680AC8B716B33B24B89E11D42E583C6E07C28E1BFDFA8860E0F308C031AAEBCDAA100EBEEE1E9F1DE31A58B190CEE30E06C96DB35820FE5
311
4B771FA71FD71FC157F1512376F6F2E58C24A0CBAD43C98F10D19EE8BF800F68CB8A02ACAFE707CD851A5CA81FFC5335781D95CB8E230CC862456607052DC092D4BC041D706B356804F820408B0DF8E53C7B2EE7C6DC4CFCAA610270B5313905EC0ED5E59B2BE30BB8002320070030B14316084A61F82C95C490EE15E7E636
311
1C3C4D6E03E0DF31CAE16807A95E7A7ED17EF17B5F8003D95FEEBFDE5F3F617E22F0D066F2930552E5272320DD451A802F0A806B303D83A580CC05A066C75D4188DF040140E236871C50CA3F204171C98ECBE2CB3778D50BBE79CE3B1B4640CFA6C9286675304513ECF7B727A3DA62F57C9DD26F1D0BA092C202124863035E
311
20F712D718D924B18FEC065C7A4A5313EC71BA1B51CE3B43BE187B3400BA1FCA63FDB17D68C55BA6F10F475F01022A03A250D9160D8A2C000C265AC816A42D38E14D2C49F407250B82F468C48386D86F6C56107D1840AAB7DC09596006B266B35A18400917C4067E3B2BD1060B9EB6B9B95A6579AD01B3F7CC01C7C91BE117
311
9E1D6C9D9230B450B7D4948A415D402E27C389A434C2EBDC416ACB65168D82A4AC17E01017111E227D06F9E8F7CDF0FEE07CDC00ED3E1270C7F0C7EDE5018177725319FD7A5D63293C218A030B9C9A13694A2041C8F917311A2BCEFD8E94970BBCD1AB1C6D2E57A2F5001CE0437B7774CEC00413B29892C56981591CE0C692
311
E99FB79C35AAF46588EF8EC623169A62120B318DF694CA2DFB07EBA7AC11545939A110955E01D6E08A52986C3002E3FAFB04F2950D00BFA21CAB637C6CE87EE35CE17E4D5E71FA947E7A0384C2F71FA3FC6937C6B2DBD0BD2CEEEBE6CAAA8923E04280015BA73B00870100532529D0829CF7F8B6BD8200C9AFB283A3516673
311
EE86CE3040017D0E2B6F303B511B391E74C8F7101DEA8F98BF3CB587C3380713594647DBAC8CD92750BDCC7062FDE8F10E6CA02984F145052B477342769BFF6E057CE90FF85A3D24013320E06C98BF196AE146D7B7DDED41C6E5D735DA86214EBF854A4B24CEC445B3F69CAEA68C9149299CE07278CDBFF00A37F33DCEF8C7
311
12A303346D9101740A4800EE6FE78CDE961784564400F0400E6083E5033A6774E988724F585F88798C14FE1890CDCC6A4B17DB90BDBF7E3CE9FDE0476F6E8EF6D62D008433D0017231808F840EC02E90E3757D7D80F2074434E03555E09ECE70FE5EBCA4FF771F1460121805BC25F239B1B212CD4635412B9C763980029F85
311
0FE8CEE116799C5D3E1223F137B85A7A3780CD1178CA7DBDE58ACABC8E00440F4608B8A07E93F35508C87A688EFCCBFE6ECE5773CA9EB00E46933161FEA3A373D6A3383E6412C188F04E7B704E2DCBB3FEC6DE60798D89A10BE7A7591252E147FB1761C0EE810E1091694E7038AA5F50EF5F30D6A5CE4FE75FCD777373B5B3
311
CB7C5D7B12F80E34533F0CC795AC31BD533462F800C74CDA4B5C36896E37747E9AB7005E72CDF884FF0ABA2F16504D183E50F1B3097CA3D1FEAE30439420B63EE0536A5FD8DBCEDC53FE99F2050608FB5BD98FA4DE2938E01304017EDF20756CE1CD676FBDB15A3D6529029C2337981F55E84C3786F6A1BC437CF87F09F761
311
0522FDF8C018451DC2A7675BC3295394EC48D6691A21066A4DEBBAC48B75084D6860093A3162C4DE0C3BAFE5141C7803C9AEF6C7FC908D03EE4309E203B003F80279D947090609D536739322F3C25F70A0EE1BC104EDF684C0060A704AB918129CA9704BFEE0F96460B803411832BF60BFBF753C5A6198F89D670BD573166C
311
102D1A01EDA146312A1023984D3708051047C0551BD89EEE2F1D4E6A8654805ABEC45B292C0BD7CEDD76F421D1B7F8F43AD9BC7454838CBCB518D45F71C88E1E8F807BD18E8E0800789C404540BF4743A8999703D034B17339E25C9E80F8409F0D3E77630A9FABB221034800F389A81AB18752C426F039150436A03903E88D
311
EE0F7FFC937F7CFE6396323DDF63540034600BC402B90E6E3728007D0087BEC1107E93DD01F29E768FDA35E885E8D3424860F014F70C3500FC20831DAE1C43316243279D5D7A35ECD271C16B15622E8649D2D5F5C8BB5A15C8AF0A04B73E4CCFAF60416B00E4351401A20FDE053A3B9D01A81F003501930953DFC668411625
311
22C9D7A190ADDD21EEBE931B07E323D668305EB27E7AD27CF5F63326D23D7FE7870B355486D9B08A447CC52B7B8E075B1BDB241D0E0F970ED219BE22ED6FECDAC7B4B7DEF557992A8DBF026D945C3A13286EBB2C3D24983B384C3745548819C106212088777A7C261B81083BFBEEE5143A43D9C87A10110F8A4046900D8A1E
311
84253405EEBEA77D644139400B0CA6132A5910EE7355160A403338B0439707F1E0C3116B436C6FE11AEC53DEF0B8565B646EE1073F65CE1073A7FEE1C9EA66370F26E57CD0AD63736AA35D162BBAA24778D55FDA238800A5BEAE23F9ED06BA9519B7B826C6E1204DC8255B4034A0978BEDB2891036E85DBA39409FBE6C0F2C
311
7100E8BDAE1F154E11018900C0087803AA82B2D103E2694A035880F3830D8F828262FF10739D40E0C712E0072005644D0DD759DA05D23E661ECD648428F0E914B6B706F93E792543B2D96B6B6FBDCD14C1B79861CA3CB13729B3F6068E6C7D74CAF40F95A275CA2959D5AC492DF51198CE6C01D533ADC049AF56C542AD4AB3
311
E15B98574478E8AEDB84A0109E1720016D0D4E902F3882153CF23A3C81151015B2BF57B8CBAF07070A83DA008C8373858086A0030A17B057C8E1812A7EE018A1870952D72B356F2CFEE9D25B0EF891E9DEE68E930B2A0998DC8E4B4C82D1F0FC747CC41A9548C9C9DE0923CBF4A3F088D08C07FDA5217390A8E3DEC5E4D7BE
311
D3E450B784843907D8A5055C0083A21179131B94FDB7AB6AAFB511CEC8299A113ACB0EBEE46FBA4FE18AE80D1409BD5A4262E10AF9401E2AF640090816843FCA00D8DDEC0D2087EC74FC4101A0610EB1856C9434C016923449B63BCBFBA0E198C3BC77CA640F50C03DAC61EA6C60CA23A314D20FA0678068EC5FED6016BDFB
311
80F500F6A84683BB49CB69053FF18D8696455E34BDBA1FEC144C94136D81482A6A7C58C9E53760015E2809FBB36E3E0758E838790684014C86C8471545022690F4252E904FE4886617F0ED71DB2712D5B001AE006F801E3650C9690ADA4CFF66930B4ECE8F98204D257CEA0D1FD0F9A1ABB3C1149EF323CB92AB10B098E313
311
E6843A3AEE5859BFC3080AE3C7E6863123394B99F06B0ABAD08E260C210C48AFF0B7AAECA4028E808DA9B29C4B9853AEB47DD106702DEDB6C56C604AC741D186848A0C60F94190E2694539005C4C4979533BB0450CA212F21C7D40E8AE029005A00464209341AEF00C1C40A509633DF4092EE65CF0780BB78F41ADDBAB2DAA
311
8C50971B4D81B4A013D4196002FFD1811250C205BD272D6C580B5C814D3EA683418E0D5E071FF2CB8376DD8648506334C0522CA2B02912D21E04483A6E100FEC3CF0A3F916E0F9484E68344180EE021CA17A40334408D404B28EB764C703EC0983702C71A84F43E91D00BA4E11C7104875D7767EF849910486CB4C29A6CAF3
311
EC962CC66D72AAA933409F4196C674664330F82249616A53C026710A8572021EE125F2499894EC0DED919DEFB05EE897B6D9BCC2E8C23A3F04765CFB22C07C2E2AC497F7CD1184D470943BBA3542624507C800184CB5A36E953202FFAB4BF9A22FB10BA385D7E439A9658B94014E804079801368FF1430F50A287ACE9208D8
311
347BF5F79754B925ADF6823E031527C884940D7CE1469D9FC00C019BE238CC1A35019D8C1A6CAB13D346635900A653EC2582CC6ED3A07F80534FC1052A6B1AEA0E18819A3D0D663727A36830FBF881BC8A8032A07700D4107E2E08808F92C08CA80C608DA0801FE5E1B0BD4F04F2A20D6817B828BA008B001E98DD0C2F000E
311
D5D4A888BD4E2DCC7D66B41AD6BBB922CBD812BCA484EC994777C1F0B818416AC8BA7673D87CB847BE18972F183E4EAD304751E13347131176FF699D3414C45C40130A3AD0F24ECB04BB5CF0F3C2095CF17EB1106AFA5629B02307719B7037C305EA05810737AA06050369531C78067B1F955F895A403C685D9BD06EFA895A
311
06D8413156CAAD7A8BCFA773030E58067176778D57C420BA2954264A992B46B2258B223DA66AA1796316A1B34E03A8410F30670AA58121890A94A4D83D1A519CA130668C811FF0698CA4E2AAD61641708EF8D162F82D3E0114B4037E57C391215D641821A8E04D4D806320D8021F5CE02DF08BA081BFB0130F92DD7C92A80E
311
4BF0EB72A97A4C52291068F1298C7D78BEC722418F09095C5F33BAF10736A25C74F3EE8872262C82F9C7601C1831DE310193CD52DE24CDC205888225C334A63CD72D70418820830654E3B2075239347CC2BB9F8004DFB91C8C7064B3E7686A362AFAC5013DAE32B80019452F14F2A3240B2A4404FFB11F410496C516C08CDA
311
4A9EEBEFF8787E5F443406DF4431A0C02613F5994E22734DAEAE88FA13E8F9FBCDD8CF9D810F83E63B3BE4D9984C6189AE0B0A15904531E51F55A9ACF9741F0FF00625F35F4DEC46C6CFCFF329929E5B4491240FF89E280134B50849B559A19735DFEC28C43FF64041F02F08910B801DE52843808FB09FF0F33CC077EF9FEC
311
E5EF89187F13B28413D0E05A3E2246F496600567E1B344A1394EAC0F0D37C8102FE108B2BFE91CE20F5135D2B4538B86A23149A18AC644B3205AA080120A5219F8D907071A29AFE517A1BAE1AB726EDBA4391FD9226EE73AADF40836AE94D800B1A4C407E4007A1173E8610E2D822621BA12E1C04B1001D8E0E22A00AB6800
311
25802F0A408658E6380708681C87E88411D68F4449B030DC35890437818110E3FF0C77BB2408C51F1004A2C85954196D2802F62C552006C821C51AA85EB4BBE85B640D5023EC9AA48026730419B4C24BF42024463E0BAA2492F2A06D0315956543488EF1210B610521365C928081DD04ED036A01C86322C041F84059E06AD1
311
893C14E07D72A097170A2EECB8E1B7E92B65D3031A8FF10C3102145762266AC68C40844121FA028E229278867348F7C09903AE6AA02B8914E853C779F071FAA48A1A814AD100468A6C0876813D381121D1575CE403694F2BBD81A672A9B24CE0CC88519104FAC842FC106B93F0D9E696D253420FB28058C8500276B2C0CEE3
311
55AD4136F210CC88065D7554671812458E89A49A8E21344248761EFFA6474CE7897FC794373AFB1DB20885DF9452FAD7D44EA6CC203E14D813036D6D2D61591502CE21DC0FE83E1E6324A78B0983D71C165EE0588510F350C0E604DC810F94E072500016124C94091CF95533E65825294BC011984A1150C756961EB49D5012
311
C741291E89E64514C8FD0D9C55D122E4F082E8A03DFEA63A217E339454B1011BBCE08413D6B077C33466DA20359C872C9C80CEB8C01D485E115230D5932EAC04D32304181AB85C88C1009888F47B405BD41252DDABF164B9CA89B8104FC28F0E4004D8081E13341419B082A133C366C23C970B3000F045378082202223E891
311
06A374C2ABCF2DE78BE5A022B0CB1FFE1AFB7069A3011B40C6C974C04C41BD46E3A9CEC2359CC21C34669F3029139F48E9379F0CEA1FD9DBC6122A01449D7990CF0209BE427F81062CFEE40449EC2EB007FBE17D9BA1F6B33179AB91245564803D8830844C8C79AE1259DB618E05080F2A6A092500BE1C60C4C52DD2A03A40
311
3FEAA2AA5BE47C7180275D7E57D3137240A7F0ACAE02C5302770757A3DF41F4E2E74FE8F481EA45A1250933BCDBC512ED16BA2628D71053A11F12EA8A4A23DE44910DE170641E86530490B12FE9FFB698978F083420AEF8048B2089D213335E481E8424658348BE2C430243B4D2239C80A0248C02628035A0251A262E43FA6
311
010CB8F163801A048B0A24435C6B1FE4063C7939D2E6D1BB21CA21396105CCC3F484F1255CFF788F632A6BD20FB027A0FDA30F2DE51359A1EBF540739EC3D6AC0E8446A1CF93E7904B603E1574210554DEDDA57DCA2A8240B340002367217CF61EF92F2F30034C81885208E05A861631BA6808C503EADB95084EDC17370950
311
358B20A344146A94CF0B1A34C8851EB63CA64C4E501E4006234C060CEC1102EF603C1D30CFA2A8BD874F72372AC0AF4A529F2270BC048DB74838508B13055E42E793BCC90361CFD23B52382B8CA732662616187373E38C5DC1824709A3830E83A8CA04AA307C905D81BD7005F0C3139A4605229D07879CC446610019B0D62C
311
E36E36CE0643B930333E33CA8DC26A2040A71FC6980F3AE84F1375A2DB0CD8C02EBC88B7DDC24181302A4DA728E4F673A9CEB9D0CED951FF4F754C63D20A8204A152F3FF00C79ED8398E2F0A8F0000000049454E44AE426082504B03041400060808006777765A28BB58AF800100009E0500003D0000003845373937333334
311
2D463741442D344546412D383730432D4534393342343533454244452F536368656D61732F436F6D6D6F6E536368656D612E786D6CBD544D4FC23018BEFB2B96DE15493C78601010A34B880709DEDFB52FD0D8B54BD70DF6EFED3AC0B12E6442E2716BFB3CEFF3D18E26FB440405EA8C2B1992E1C323095052C5B8DC842437
311
EBFB673219DF8DA659866649B798C078B48AE6410122242F2A4994AC7F93815DF85C049C8564CA0A901499DD886B2EB9B1E02448F358701A9235880C49A0119892A20C89D1B9FD768815CAD268CB5E0355B40B1E47F3E37A2020464BED06AA57CE8FCC20C3C3446D46761A2632A8C1283D07031EFF2AE7CCB1BFEEE916E406
311
DFAC8E36FFD99A9D60A6944090EEDC3B670C7DC13DE86B6B2C5C240D6E503BB85ACD579D513F1B9F9A69DC9CC22AFA80C426D40AF0B21EA168559156B6276F0F726A6BFF04DCD513A87A62CAD41FB24FCB2858B3952E3D852084DA25B9303C15687973CC8E8AAE11DF2836C38C6A9E765E8C1BA1BFB1DC29CDFE518C8B5A76
311
55A4ED7E77291ABEB80DBD82EC866ADE1B8D05AF9E35CF09D7A061F38A986D9EC412B8F0F65E5D81534D9B231D1E5A8FE577A241F3A5FD01504B03041400060808006777765A1004A04F380500005C1700003E00000038453739373333342D463741442D344546412D383730432D4534393342343533454244452F53636865
311
6D61732F47656E65726963536368656D612E786D6CED585B6FDB36147EDFAF20F41EC7F69A2005E214768278069665709ABE0A3445D9DCA80B44CA89F7EB7B0E2FBAC4B2A32643D10E33505411A9C373BEF39D1B2F3F3D27926C79A144964E82D16018109EB22C12E97A12943A3EB9083E5DFD7239558AEB07B6E109BDBA7C
311
5CDC902D959360CE535E0866DF07A7579733AAB85D5AF234E2C51DD5B081CA7A87DEE56E47E2D6689E735AD0947194500A22A249308DB6F82682A3782C52A141BD80E4E54A0A3609622A150F48C16994A57237097451C2DF462738529D3AC5FCFFB5B401988BC78824973CE1A9A628D91CB968BDBAC335B9A4BB379C6ABF5D
311
2474CD7B9F773F7F78C349F055EF13FE2CF856F0A7379CE2BEBCCE6456F8E316A9E66B5E18E4AC77BF5812F5937FDEF0F5BFE3E3C785576D96659253EB54863A87AB5D98ADFEE24C3B8E38FE48BAE2C062631799EDC8BDDD833C6E88585B9287340B23AEA990CA49B1A473421E81F856D06D9125E45E6F001C4F7F85D6DECA
311
8C6A835753A250DA50DF92F743409CBC3BFA4C6EFCE2618D302A0CEDDB264D93950002937BC66489A18D0A345DD650415124BE376A745EA9F0E016108E328D14C979C1302CD6BC0A4191B2C2C49112FFC0DB51401288D6A44C26C1B87A160AB6A11E5BD862514BE8B3DB750607BABFF6F781D6A74EED6EA7AC28FB3BA68C87
311
AC94B2138A99DB41AE7147A71F56659287340123812054CAEC8965690A74E111C5BCA7260158B0963EC50C07E38FEDDFC5C5C70AB6A915F446D44E46C321E46087E23E221E2BC0DA6EB440EE6F44E80CE5AE2E2D2F31AD7AB71B8B139AF730773909401FE0D8DC3FCCFCC3D438DC1176062076C3CB4A9D953ACC72CA84867C
311
DA0361E0910F4EF3B109A07D332211C72556825745A215835F47678059E337068E3ACB0E2EA2B507175B0818FD1082EB4D26186F85BAD33464988F1420E1B9E43D522F8452A450106B04F01362BFF1B2BF5059B60F687C9F663A54396722163C7231012E7480FE916910E6572B6D8F4A54CBF92C5CD324A163C8508058D3F1
311
6A399B13B348C6830FB5FD47257A1B8D2CF08253EE776B3A72D782D895363D96020B6C18D3C86359B3C6D45E728B4B9D716893D091E4D533045F495D2EFEF633FF5A660A520A5790765FE52E12F0AC82685E7FFA0398D65528850A132894DDE9F837B1DE48F8A74D487795A482C7122A6DAE377BDC5DC212A465ECD8B03E7E
311
2E208EC88DD9DA89456CFBC477FB798C74389668AB1A75C820AB7568FCBE0B5F94DC9AFF0D038D9F77E49D45B8278FC7177D0DDCE732FA0BCDDB42720FA90E87115FF76375C5696F368AF83103F6A5911FFF03561EE06AD10ABE933AA9DEC398588888137017449E09C377051FCAEED1E8BC3BFA9CB27DA2CFDBF533459F37
311
4FC0C4FDECCBF3E06CDC6874E0710421EEAA6CEDBFEE60EB913607436C3F5BBF713F6F42253B9A4A0FD64C08416FA986EB02254B1846D82E7CE2584EBE31E340E9A8247483F07D5B84AE3A5AE0D4C5B202EE585468BA84105B1F5EC00C16FADB133FB7399F390FCF245CBF9027A137FD26D1D651058D44D9B331A93985CAC2
311
046CB4ED9E0314977128A42C13DB06879A273052525D16BE833B8706BD1269FA69F2B9B109BB55D30D37679986D85848B86F026CF21E74809100180B0D280C36F6015A7DFBD06AEB6F8D503BDCD7DD6DABBBEF54E1FF5EDF0E3AD53C03509B5B816FE9F51BC8026F44DAB82BA989F200C4220B24166C3037854094FD46C564
311
8D9C42F8B07E53687D824917FED3CE56F3FBA68BE3C6853FCD64F4A00BB85831B1243346654A134805AF5CF39A9DFE22C9906A6EAFE8303A5F4AC4FBE637489CB62EA59B9D529255F326CCC28ECB77F812A7D6E63DF957504B03041400060808006777765A8A56E75334020000A30600004200000038453739373333342D46
311
3741442D344546412D383730432D4534393342343533454244452F536368656D61732F507269736D436F6D6D6F6E536368656D612E786D6CB5555D6FDA30147DDFAFB0FC3E5A5035ED8150015D11DA8AA6F4437B8B2ECE4DB0E6D8C8765AF8F773EC7C4009AC7B184FC6F63DE7DC734F92F1EDAE10E415B5E14A467438B8A6
311
042553299779444B9B7DFE4A6F279FC65363D03EB20D1630193F2FEFC82B8888FED4DC147355144A86337A3519CFC060387E7FB2941673D484A7110DF75F023125DB722D388B6806C220251A215552EC236A75E9FE7BB62F15FA210677789A2B9D142A4551DF720D0858A353F700D53108F2B4DF62553B5742057653EA0C18
311
2620D6982A4A4008F5C69494C82CA650356B226A9C0922B0C7CE1B4FB06816B36631F58B9AD35378AE8DE20C7DABC76409AB5498ADA3AF15771B895436315B643CE398B68D04DDA1C475E1915F409401FE7CB977ADF363A52CE9C02B3FCE239978314B72280A18DDD4325DFF7593269E2D883F24A3C14DD76DAF26C12582AE
311
31462DC68FB0ED545C051993F1A3D5CEF03ECB4A2D6B80B6FE395E55C4F742813D2E91DC28ABD576FF81B146B4B367DA153AE03E31ED85E4BCA01833D4EE093A1E3D2BAD2A2D25D625D1651A77B6D46EFC7F8D5D44DB869705E43EC53DCA02FC0555C1E2239F649A25959CDAD826A4D5769EEF5ADAD5DD3D3D4DCAE1ED35B2
311
DF05C866429DA1B36FF3EF0FD3959FD3FBA81D02783A9FD52E628BC5AF6ABC6D36FA6D954A17E01EFCFF646B80BF60EB69FAB4B260DDABF443B3EDAC8A9BB2FEE435A8FF28A5CC37128DF99896C1E8FAF8371C76E3885583754E607D7E41E1616EDFC0B2CDC95BDF67C08FFDF073F307504B03041400060808006777765A70
311
5234CAB1010000180400004100000038453739373333342D463741442D344546412D383730432D4534393342343533454244452F536368656D61732F507269736D4D6574616C536368656D612E786D6C9D534D6BE33010BDEFAF10BA6FBC1B0ADD839D92642104B6657149AF662A8F53813E8C24B7DB7FBF23C98E9B423FE8
311
4DD6F8BD7933EFA9BCFAA7157B44E7A53515FFB9F8C1191A615B698E151F42F7FD17BF5A7D2BD7DE63B8150FA861551EF6BFD923A88AFF75D2EB6B0CA0728917AB72031E5F54B7566B6BE67278EEC7B286804E8282BE4770600446B8D4BD428D264020454CB615DF9F5DEDD0104C70D60FF74A8A8A77A03C72E6105A6BD473
311
C5831BE83B09BC86E08B596531821734746CB637018FE852972CF12E6FE273EC97916390094E3BC14E1A19557F0EFD5ADB2CF3B09F04DE064746A406CA0A5006348DF6C1E4E9CFF335448BA2D8D77CD18D2FF0ADCF2CDB5A65F30E75ECD374942150CA3E096B0C8A802DC4F4F88A7B1A46656F6A0A5B3269371D36D3619D0E
311
0AEE91225663A788638AC7F6C14A81692153B346C4FEBE070A50767DBE688C0D8DEF51C84E62CBD9489A1567C8AACC9C77A0864CFC363C658AA61B696E6C603339ADF71D265FEF36CD11B486E5C52893E61F897CBDD9B15464CBC54534EA1D26250DBD97916379E2F893AF095B64F099DBA7650D8EE299E638210FF54D6C59
311
BC7CE3FF01504B03041400060808006777765AF702076DC3010000E60400004500000038453739373333342D463741442D344546412D383730432D4534393342343533454244452F536368656D61732F52656E6465724D6174657269616C536368656D612E786D6CA554CB4EC33010BCF31596EFF405481C9AA2A64851255E
311
4A816BB438DBD4926347B15BE0EFF1236982021512B925E39D9D9D59677EF3510A72C05A7325233A1D4D2841C954CE6511D1BDD99E5FD39BC5D97CA9359A0DDB61098BF9CBFA961C4044344599637D0F066B0E22C074BC98C7A0319C58A9B254B2435ED23BC2F388AECB4A6089D280B18D139496815152EDDF046711DD82D0
311
48498D902B293E236AEABD7DF74D5D839F69EE1D9F48E1F3BF448FC9E6BF144F351E38BEFF9D662D0D16587B77825FAF2195BF515C395B563BC5197A0AE68DCF363BA831CF7C7C8D7F0DA23D42898037B451BA833673DA92BC82D87F636ACFFB0CEC96F4EA30EF9A0FEAB85D91CAED89348D80E9B178DDC3ACFC71D06F2528
311
A182138DD8672E4DC6DC57CF91467432BA985E4DBE3DB399079353607C0A5CDA0B70D4E65A122FA41BAEEF6C272908D315B076451BD55EB0FF9E092E11ACF8C6B5306028F9D5F15EB95426D31532BEE5D6EC700FBA0C1E94211D7ADC8341143D429D2671564059C2EC72108B4EE3847890CC4697DDF8A708DB01FD7AD8209A
311
41EFC2DCFD7063A504821C7869545188D6C16DF801342CCE6B276363DC8EFA4AFD0E86ED0677C3B77747C7FD3FD617504B03041400060808006777765A4FC9371176000000BA0000004700000038453739373333342D463741442D344546412D383730432D4534393342343533454244452F4173736574446174612F417373
311
65745461626C654F66436F6E74656E74732E62696E536160603077367432347035D335B6B074D435317634D0B5307633D075327535357336307535B2341602AACB4D2C492DCA4CCC492C28484D2C4ACC4B4E050A82012F90744FCD03CA26072767A4E626EA02058831363E20BFB8C4C8C0D014BBF94C40635880580088038A
311
328B737D534B127320560000504B03041400060808006777765AC55C663656000000680000004100000038453739373333342D463741442D344546412D383730432D4534393342343533454244452F4173736574446174612F53747265616D56657273696F6E5461626C655D8CBD0A80300C06F73E4B29FE6CDD8A2E82A083
311
B8B7F209014925C9FBA3AEAEC7DD2555D896CB85E51C2A1BD834F6A1F56EC4494C4695278364ABB24ABD2146F88CCEBB89D5321FF8F3F43D672A3B44DF3CB6A1710F504B03041400060808006777765AAB451A40350100009E0400003600000038453739373333342D463741442D344546412D383730432D45343933423435
311
33454244452F4173736574446174612F636E782E786D6CCD94314FC3301085FF4A64893171125A092AC71582A51348540C6C57E7D25A75ECC8BE20F8F7D86D0650115387ACA7EFEE9E9FFC4EAC3F7B937DA00FDAD9865545C932B4CAB5DAEE1B365297DFB16C2D85778E7E602CB3D063C3529949B1F76E1CA6528B1D8C2655
311
8DB6C7A9F81002D21676069FBB4767092D0596290321342CA803F650C048AEC5702C5A2028AAC26370A357182791EE719AA43C0261CB645DD6CBBCBCCDEB7A5B2D56CBFB55B578173C9152EC9C3313AFE332EF869BBA54E7BD4C968227408AD1EB894AAF61F22F95C54E5BC1232945201F5D993AE86B881D300C462BA0681E
311
778A90F20821F4829F61297872E197174FD869AB53CB264A0372FE250A444F1A67E8C97F6AAFEFCDC60602AB70CE8E5C6ABCBE0FAFA75FF4768EE52937F34BCBA5C62BE4849F4E498C4DBA2CF21B504B03041400060808006777765AB87B0C83E8000000600100006700000038453739373333342D463741442D344546412D
311
383730432D4534393342343533454244452F5265736F75726365732F37433142313045362D333839412D343341302D383346302D4235453536433035453239332F7468756D626E61696C2F302F636E782E786D6C4D90C16EC32010447FC542EAD1C67613A98DD6E42772EAA5A278E3A26016C152357F1F6839E434ABD9A7D5
311
CEC0F97777DD0FC664C92F621A46D1A137B45ABF2D22F3B57F13DD594124E2274C745EEFB8886A0B055BA41C9AB5E25567575D67FDAD991B7A8CD67C06BF89CE389DD22292F9C65D0F3A33AD986EC3AA590FD31031518E06CB01B63BB60326A2665C859AC7F9D88FAFFD3C5FA6C3E9F87E9A0E1F202BA9E08BC835DE7AC648
311
E1651E0D95D1977F4690155090A36D540D21D4D37320CB5241E258F23788EFA1403A04678DE6529324C3C87D8150EF20FF6105B2E62DF25746D1DA8D7A00504B03041400060808006777765AA233C2345D000000800000006500000038453739373333342D463741442D344546412D383730432D4534393342343533454244
311
452F5265736F75726365732F37433142313045362D333839412D343341302D383346302D4235453536433035453239332F7468756D626E61696C2F636E782E786D6C4D8B490E80201004BF42E6EE76F3C0F216234B883063108CCF170C074F95AE5473F5C4C06E932E4F28601967600677D21E9D8092EDB002539227A2FCCB
311
80E1168D80A6417297A89C5D6963B7129A0D1E8F2EE73AA7B62BBEB8B27DE50B504B03041400060808006777765ABE89762363000000880000005B00000038453739373333342D463741442D344546412D383730432D4534393342343533454244452F5265736F75726365732F37433142313045362D333839412D34334130
311
2D383346302D4235453536433035453239332F636E782E786D6C4DCC3B0E80201004D0AB90EDFD75167CCE820A4A845D83603CBE602CAC26799919AEEEE0D965E2E908050C6D0FCCE04C8BC355404EB6198129C92351FAD580A10E464065907C8D948F8F166375F655BDC3FDC3B4E530A176BE7057BDC43B2A593FE403504B
311
03041400060808006777765A6186CFA3ED000000680100007000000038453739373333342D463741442D344546412D383730432D4534393342343533454244452F5265736F75726365732F37433142313045362D333839412D343341302D383346302D4235453536433035453239335F506F7374323031352F7468756D626E
311
61696C2F302F636E782E786D6C5DD0C14EC4201006E05769483CB6B4B835BAA1EC2B78F0E465837476250B0C81C1E8DB0BCAC1781AF2E7CB64F8E5E9D3BBE10352B61836B64C331B2018DC6DB86EACD0657C64C349C984487F181B82F6B0B1163325AF094BECD10E175D5C4B9D0DB71ED2F939D9EC47B13E9C63B8B2C1389D
311
F3C6B27907AF275D0877C8B769D7A4A7654A90B124037509590F7D8949A00976A6C42CD671BE1F8578590EC7F5E9B81C5E256F52C93744D7BD0D0409E39D980DD667A837CD9237A06449B6ABF611A6FE1D2879054A664AB5870EE92B56A86374D668AA75713404345604DA4BFE8B95E4EDDF75FC945267EB487D03504B0304
311
1400060808006777765AA233C2345D000000800000006E00000038453739373333342D463741442D344546412D383730432D4534393342343533454244452F5265736F75726365732F37433142313045362D333839412D343341302D383346302D4235453536433035453239335F506F7374323031352F7468756D626E6169
311
6C2F636E782E786D6C4D8B490E80201004BF42E6EE76F3C0F216234B883063108CCF170C074F95AE5473F5C4C06E932E4F28601967600677D21E9D8092EDB002539227A2FCCB80E1168D80A6417297A89C5D6963B7129A0D1E8F2EE73AA7B62BBEB8B27DE50B504B03041400060808006777765ABE89762363000000880000
311
006400000038453739373333342D463741442D344546412D383730432D4534393342343533454244452F5265736F75726365732F37433142313045362D333839412D343341302D383346302D4235453536433035453239335F506F7374323031352F636E782E786D6C4DCC3B0E80201004D0AB90EDFD75167CCE820A4A845D
311
83603CBE602CAC26799919AEEEE0D965E2E908050C6D0FCCE04C8BC355404EB6198129C92351FAD580A10E464065907C8D948F8F166375F655BDC3FDC3B4E530A176BE7057BDC43B2A593FE403504B03041400060808006777765A1504CA3C8D000000E50000003600000038453739373333342D463741442D344546412D38
311
3730432D4534393342343533454244452F5265736F75726365732F636E782E786D6C958ED10E822018465F85FDF72448986E825367D7BD4173898E85D0105B8F9F34B7BAEDF6EC3B675F59BD66839ECA2FDA5901F44000297B7383B69380358C380754C9D23B177E66806C3F2B0111832C27EFD6C78E0635F6AB89D4687BDF
311
E1A9A50D255D86595ED4F8C86A82737626B8E11DCF5AC2BBB4609B9144E56FF17A714B4809E5DF42F279B405E341F906504B03041400060808006777765AADA17B96260100004D0500003400000038453739373333342D463741442D344546412D383730432D4534393342343533454244452F536368656D61732F636E782E
311
786D6CCD94BD4EC33014465F25B2C4985F5A092AC71D18982A21606233CE6D6BD5F68DAE1D046F8F1D32A4828D0CD9ECAB23EB3B9F65F3FDA735D90790D7E85A561715CBC029ECB43BB56C08C7FC8E657BC10931CC30963969A16569CC043F110EFD34EAE0280793A646BBCB347C406BD1BDA83358C93265A4F72DF3E3B690
311
43C00EFCA5E86490455D10781C48413C21680BD3098A4006E89868AA669B57B779D3BCD69BDDF67E576FDE789948C1DF11CDC46B1780B0BF692A8571E962A08A9709107C203D51C9828979BA22F6C1CB4808EE03C51626327CF591947D6FB4922196558EE00F23789964AF941FC10169B556E7AB788B493F91F6765EE7FA2E
311
FB57C465E50F10A459EBA58FEEB3848BA93F83EB800EF185925EAFFE5F29FF574139FE7CF1F9A78F507C03504B03041400060808006777765AE3603EBE7A000000C20000002C00000038453739373333342D463741442D344546412D383730432D4534393342343533454244452F636E782E786D6C6DCD410EC2201085E1AB
311
90D9DBEACE05D09878023D01A1D34A8419C380F1F82DA68B9AB8FDFEC93C3D7C52546FCC12980C9CBA232824CF63A0D9402DD3E10C6AB03A3397DD192872090D3406ABE7CCF5B5D18893ABB1690CF4DCF02282E5EA8A5BB96FFE536F285CB347F95BEFFE81C9ED5AFF9D5B1FB575BB00504B03041400060808006777765AD2
311
CCBA3B7E000000A300000007000000636E782E786D6C4D8C4D0AC3201805AF22DFDE36458B06D4901F738FD09820355A6C2C397EB564D1D583E1CD88E6D81CFA98F8B6C14BB85D2A40C63FC26CFD2A21ED0BE6801A256208FBDF0D909F3623A16050628D21BD4E349B654AAE5067FDF3845CB39A1142F1C8DA01533DB698B3
311
AAC79AD6A4A377A2BB4167E35A943CBF5EDE92575F504B03041400060808006777765A1E7A0675A400000032010000130000005B436F6E74656E745F54797065735D2E786D6C95904B0EC2300C44AF1279DFBAB0400835ED02B8011708C16D239A8F121795DB93D22D20B1B467DE8CE5BA9DED281E1493F14EC2A6AC4090D3
311
FE665C2F61E2AED883689BFAF20C9444F6BA2461600E07C4A407B22A953E90CB4AE7A3559CC7D86350FAAE7AC26D55ED507BC7E4B8E025039AFA449D9A4616E739AFD7DE8C8338AEBEA54A820A61345A713E0B17153F7257E37E705E3371913892B25F02FEA0F1FD83E605504B03041400060808006777765A3DEE336E6400
311
0000790000001B0000006175746F6465736B2D64657369676E2D7061636B6167652E786D6C35CBC10E83200C00D05F21DCA56CA76D41FC96062B120735B69A7DBE268BB7777961F8D5AF396893C2ADB70FE7ADA196782C2DF776D7A97B5933C430F15651E5469C55D70F80A4992A3ADC954792C525AE70A1E4D6AD9816CC04
311
4FEFDF01FE3FDE907802504B03041400060808006777765AD7450C92F7000000960100003700000038453739373333342D463741442D344546412D383730432D4534393342343533454244452F4173736574446174612F636F72652E786D6C8550CB6EC32010FC156BEFD8806DD58D3051ACF0073DF5860C715162B07854FD
311
FC42EC4AEDA9A75DCDCECCEE0E3B7FAD8FEA53FB609C1D81D4182A6D67A78C5D4648F18606A8CE9C79E7E22F1A5456AE7A840203678B77693BA0D9D9A86D41AD53FA0065083A42353F723342983FF42A6B996266847BBDC9F92E175D937AE77196925187D4A8EC666E467BE082E0B6EF4987C4805F5047268A062130126212
311
2DA1ADB85E26D6143167D1AC3FDB67AF65D40A38C5B447B84594BE91EED4BF9E48F7CE9AC2E42C449F7F3E9696EF805FCAD55719256BF6E91FD7B4A9FF5D93B1B1A587EBAE08C0493EF239E0AC2929E5F28C30D79228FF06504B03041400060808006777765AA4B752D0F20000008E0100006800000038453739373333342D
311
463741442D344546412D383730432D4534393342343533454244452F5265736F75726365732F37433142313045362D333839412D343341302D383346302D4235453536433035453239332F7468756D626E61696C2F302F636F72652E786D6C8550CB6EC32010FC156BEFD8806DD58D3051ADF2073DF58680A42831583CAA7E
311
7E2176A5F6D4D3AE66676677879DBFD67BF36942B4DECD405A0C8D71CA6BEBAE33E47441133467CE82F7E9170D1A275733438581B36BF0793B20E55D32AEA2CE6B7380324693A051F7D2CC10D58759652B732A8C786B37A96EF26A5AD2EE3CCE72B6FA905A5DDCECC59A005C10DC8F23199098F0131AC842D1240446422CA2
311
27B417AF2F0BEBAA98B364D79FED2A18998C064E311D11EE11A56F64388DCF2732BCB3AE32398B29949F8FA5F53BE098753BFAC72D6FFA7FB76C5DEAE9E1B62B2270528E7B0C38EB6A3AA53CA22BB526C9BF01504B03041400060808006777765AB78B3D90F8000000960100006600000038453739373333342D463741442D
311
344546412D383730432D4534393342343533454244452F5265736F75726365732F37433142313045362D333839412D343341302D383346302D4235453536433035453239332F7468756D626E61696C2F636F72652E786D6C8550CB6EC32010FC156BEFD8806D358D3051ADF2073DF5463171506CB07854FDFC42EC4AEDA9A7
311
5DCDCECCEE0EBB7CAD4BF5A97D30CE0E406A0C95B6CA4DC6CE03A4784527A82E9C79E7E22F1A5456AE7A80020367B377693B20E56CD4B6A0D64DFA0065083A42A596DC0C10D44DAFB296296646B8D79B547739EB9AD43B8FB394CC7448CD94DDCCD5680F5C10DCF63DE99038E127D49191A293101809318A96D056BCBE8CAC
311
2962CEA2597FB62BAF65D413708A698F708B287D23DDB97F3E93EE9D3585C959883EFF7C2C2DDF018FB7B47E586916D6ECD33FAE699BFE774DC6C6961EAEBB220027F9C8C780B3A6A494CB23C25C4BA2FC1B504B03041400060808006777765AC9A17A4D0D010000B10100005C00000038453739373333342D463741442D34
311
4546412D383730432D4534393342343533454244452F5265736F75726365732F37433142313045362D333839412D343341302D383346302D4235453536433035453239332F636F72652E786D6C8590CD6EC32010845FC5DA3B363F2671224C14A7F4097AEA0DD9244589213250F5F10B892BB5A79E160D337CEC88C3D77CAB
311
3ECD12AC773D901A4365DCE827EB2E3DA478461D54072916EFE32F1B544ECFA68722831497C5A7FB2A8DDE45E38AEAFC64565187602254E32D1F7A08E3879975AD53CC8E70ADEF7ABCEA8BA949FDF44991929DD6A89DF26BF66CCD025211CC38272D521DDEA2960C14754A61A4D4A018A14CBD1C07D194B014D1CE3FF47131
311
3A9A0924C59423CC10A56FA4DDF3DD9EB4EFA2294E29425CF2CE2BB46C07727B2203C16A8358B73BA2961D31EAD82B4603577C73C25CD11D13CD33F80798EED3FFC0645D6474053E130124C9FF7F5C48D19402F378B49B67295B7E03504B03041400060808006777765AA4B752D0F20000008E010000710000003845373937
311
3333342D463741442D344546412D383730432D4534393342343533454244452F5265736F75726365732F37433142313045362D333839412D343341302D383346302D4235453536433035453239335F506F7374323031352F7468756D626E61696C2F302F636F72652E786D6C8550CB6EC32010FC156BEFD8806DD58D3051AD
311
F2073DF58680A42831583CAA7E7E2176A5F6D4D3AE66676677879DBFD67BF36942B4DECD405A0C8D71CA6BEBAE33E47441133467CE82F7E9170D1A275733438581B36BF0793B20E55D32AEA2CE6B7380324693A051F7D2CC10D58759652B732A8C786B37A96EF26A5AD2EE3CCE72B6FA905A5DDCECC59A005C10DC8F231990
311
98F0131AC842D1240446422CA227B417AF2F0BEBAA98B364D79FED2A18998C064E311D11EE11A56F64388DCF2732BCB3AE32398B29949F8FA5F53BE098753BFAC72D6FFA7FB76C5DEAE9E1B62B2270528E7B0C38EB6A3AA53CA22BB526C9BF01504B03041400060808006777765AB78B3D90F8000000960100006F00000038
311
453739373333342D463741442D344546412D383730432D4534393342343533454244452F5265736F75726365732F37433142313045362D333839412D343341302D383346302D4235453536433035453239335F506F7374323031352F7468756D626E61696C2F636F72652E786D6C8550CB6EC32010FC156BEFD8806D358D30
311
51ADF2073DF5463171506CB07854FDFC42EC4AEDA9A75DCDCECCEE0EBB7CAD4BF5A97D30CE0E406A0C95B6CA4DC6CE03A4784527A82E9C79E7E22F1A5456AE7A80020367B377693B20E56CD4B6A0D64DFA0065083A42A596DC0C10D44DAFB296296646B8D79B547739EB9AD43B8FB394CC7448CD94DDCCD5680F5C10DCF63D
311
E99038E127D49191A293101809318A96D056BCBE8CAC2962CEA2597FB62BAF65D413708A698F708B287D23DDB97F3E93EE9D3585C959883EFF7C2C2DDF018FB7B47E586916D6ECD33FAE699BFE774DC6C6961EAEBB220027F9C8C780B3A6A494CB23C25C4BA2FC1B504B03041400060808006777765AF56B982114010000BA
311
0100006500000038453739373333342D463741442D344546412D383730432D4534393342343533454244452F5265736F75726365732F37433142313045362D333839412D343341302D383346302D4235453536433035453239335F506F7374323031352F636F72652E786D6C8550CB6EC32010FC158B3B360F93D811268A53
311
7AEEA1A75E2A6413172506CB40D5CF2F24AED49E7ADAD5ECCC8E66F8F16BBE159F7AF5C6D90EE0128142DBC18DC64E1D88E1021B501C055F9D0BBF68A0B06AD61DC830107C5A5D5C36687036689B51EB46BD81CA7B1D4031DCD2D2013F7CE859952A86C4F0D77251C3554DBAC4E58327788C66DCA4664CDFCCC5E815088911
311
650CD75036680F6BDC13D84889A094BDA49850F974EA7995C5820733FFB80FAB56418F40104418441412F28AEB036B0FB87EE355660AEEC39A326FA6391D10FB33EE31923B489BF6046B7A42B0A1CF08F64CB2DD1931495AFAFEE27C2008335E3D3EFC718ECBF8BF73343650B2393F141E089C82DC0F8257B9C934EE35A799
311
5B17DF504B03041400060808006777765A43196BCFF8000000960100003700000038453739373333342D463741442D344546412D383730432D4534393342343533454244452F5265736F75726365732F636F72652E786D6C8550CB6E833010FC15B4770336A0D2C8386A54FF40D5536F96D9102BC18EFCA8FAF9B50395DA53
311
4FBB9A9D99DD1D7EFC5A6FD527FA609C9D80D62D5468B59B8D5D2648F14C46A88E827BE7E22F1A5456AD38418141F0C5BB74DF21ED6C445B50EB66DC41150246A8F42D3713047DC155D52AC5CC08D7FAAEF4552D58D37AE3099E929977A999B39B391BF420246DBB61A03D9163FB447A7A626494B225529E644759275F5F4E
311
BC2962C1A3597FB66B8F2AE20C82B56C206D47187BA7FD61783ED0FE8337852978883EFFBC2F2DDF8178C3E092D71878B34DFFB8A6FBFCBF6B3236766C77DD140104CD473E06823725A55C1E11E65A1215DF504B03041400060808006777765A126BDB0DF6000000940100003500000038453739373333342D463741442D34
311
4546412D383730432D4534393342343533454244452F536368656D61732F636F72652E786D6C8550CB6EC32010FC156BEFD8806D358D3051ADF205EDA9378489831283C5A3EAE7176C576A4F3DED6A76667677D8E56B79549FDA07E3EC00A4C65069ABDC64EC3C408A577482EAC299772EFEA24165E5A207283070367B97D6
311
0352CE466D0B6ADDA40F5086A02354EA919B0182BAE945D632C5CC08F77A95EA2E675D937AE7719692990EA999B29BB91AED810B82DBBE271D1227FC843A3252741202232146D112DA8AD797913545CC5934CBCF76E5B58C7A024E31ED116E11A5EFA43BF7CF67D27DB0A630390BD1E79F8FA5E53BE06FDB9D8135FBEC8F67
311
5AA7FF3D93B1B1A587E7AE08C0493E711B70D6948C72D902CCB5E4C9BF01504B03041400060808006777765A33FF3AB203010000D80100002D00000038453739373333342D463741442D344546412D383730432D4534393342343533454244452F636F72652E786D6C95914D6EC3201085AF62CD1EFF61CB4E848992C63941
311
57DD51983828315880AB1EBFB876D576D7AE408FEFCDF066D8E17D7C246FE8BCB6A68322CD214123ADD266E8600E57D24272E0CC591B7E6090183162078B0C9C0DCECED326496B029A453556E1260AEF3140221FF1D28197371C452AE610097F4F2721EF62C0B448578EB3A0C72FAB7428022AE0655ED624A7A42C9F8B6A5F
311
EFF645F5C2B285E46CD626D0726B86E32BAAC44E2146025E5396ADCF119BB5DA20ADE227F555A303DEF6CDAEA1B42297E67826557F3992B6C99F485FEDE8A9AA697F3AF7B1483473E6838BA3D98A2C43F8AB7D35FE8A364FEA9FD15687075E7C87CA963973967D2E219ECB4EF807504B03041400060808006777765AF5C9C2
311
4D05010000B201000008000000636F72652E786D6C8D50C16E842014FC15F2EE28A0A676836C6ACA1FF4D41B15D625AB600437EDDF17569BB4B79E1E9999F766187EFE9C2774376BB0DE75400B02C8B8C16BEBC60EB678C12DA0B3E0ABF7F1970C9053B3E920C320F8B8FA6D39A0C1BB685C469DD7E600550826021AA6F4E8
311
200C5733AB426D3129C2AD58D47053A32968B1EB048F76FE591D56A3A2D12018610D261566EC8DD6A7E6F944EB775E66A5E0DB66F561657572B7176B56109292AA69688D654B9E704D7B865B290996B2971565957C7DE9799997050F714D7F3E8EA49C110575CFBEBCDC29C13FBC9F0E410AA59177D31708C2CB4CFC09BD2D
311
FA1FA1AD8B153B0EEE1B01044D811E4432CE0DA6F1A837CDDCB6F806504B010214001400060808006777765AAE2994A06F010000B80200004F000000000000000000000000000000000038453739373333342D463741442D344546412D383730432D4534393342343533454244452F4173736574446174612F446566696E69
311
74696F6E4974657261746F7250726F706572746965732E62696E504B010214001400060808006777765A4EBD8038E0010000C80300004500000000000000000000000000DC01000038453739373333342D463741442D344546412D383730432D4534393342343533454244452F4173736574446174612F496E7374616E6365
311
50726F706572746965732E62696E504B010214001400060808006777765AB5A795FFE3790000DE7900006B000000000000000000000000001F04000038453739373333342D463741442D344546412D383730432D4534393342343533454244452F5265736F75726365732F37433142313045362D333839412D343341302D38
311
3346302D4235453536433035453239332F7468756D626E61696C2F302F67656E657269635F706E67504B010214001400060808006777765AF3CB91853C7D0000377D000078000000000000000000000000008B7E000038453739373333342D463741442D344546412D383730432D4534393342343533454244452F5265736F
311
75726365732F37433142313045362D333839412D343341302D383346302D4235453536433035453239335F506F7374323031352F7468756D626E61696C2F302F745F507269736D2D3235365F706E67504B010214001400060808006777765A28BB58AF800100009E0500003D000000000000000000000000005DFC00003845
311
3739373333342D463741442D344546412D383730432D4534393342343533454244452F536368656D61732F436F6D6D6F6E536368656D612E786D6C504B010214001400060808006777765A1004A04F380500005C1700003E0000000000000000000000000038FE000038453739373333342D463741442D344546412D383730
311
432D4534393342343533454244452F536368656D61732F47656E65726963536368656D612E786D6C504B010214001400060808006777765A8A56E75334020000A30600004200000000000000000000000000CC03010038453739373333342D463741442D344546412D383730432D4534393342343533454244452F53636865
311
6D61732F507269736D436F6D6D6F6E536368656D612E786D6C504B010214001400060808006777765A705234CAB10100001804000041000000000000000000000000006006010038453739373333342D463741442D344546412D383730432D4534393342343533454244452F536368656D61732F507269736D4D6574616C53
311
6368656D612E786D6C504B010214001400060808006777765AF702076DC3010000E604000045000000000000000000000000007008010038453739373333342D463741442D344546412D383730432D4534393342343533454244452F536368656D61732F52656E6465724D6174657269616C536368656D612E786D6C504B01
311
0214001400060808006777765A4FC9371176000000BA0000004700000000000000000000000000960A010038453739373333342D463741442D344546412D383730432D4534393342343533454244452F4173736574446174612F41737365745461626C654F66436F6E74656E74732E62696E504B0102140014000608080067
311
77765AC55C663656000000680000004100000000000000000000000000710B010038453739373333342D463741442D344546412D383730432D4534393342343533454244452F4173736574446174612F53747265616D56657273696F6E5461626C65504B010214001400060808006777765AAB451A40350100009E04000036
311
00000000000000000000000000260C010038453739373333342D463741442D344546412D383730432D4534393342343533454244452F4173736574446174612F636E782E786D6C504B010214001400060808006777765AB87B0C83E8000000600100006700000000000000000000000000AF0D010038453739373333342D46
311
3741442D344546412D383730432D4534393342343533454244452F5265736F75726365732F37433142313045362D333839412D343341302D383346302D4235453536433035453239332F7468756D626E61696C2F302F636E782E786D6C504B010214001400060808006777765AA233C2345D00000080000000650000000000
311
00000000000000001C0F010038453739373333342D463741442D344546412D383730432D4534393342343533454244452F5265736F75726365732F37433142313045362D333839412D343341302D383346302D4235453536433035453239332F7468756D626E61696C2F636E782E786D6C504B010214001400060808006777
311
765ABE89762363000000880000005B00000000000000000000000000FC0F010038453739373333342D463741442D344546412D383730432D4534393342343533454244452F5265736F75726365732F37433142313045362D333839412D343341302D383346302D4235453536433035453239332F636E782E786D6C504B0102
311
14001400060808006777765A6186CFA3ED000000680100007000000000000000000000000000D810010038453739373333342D463741442D344546412D383730432D4534393342343533454244452F5265736F75726365732F37433142313045362D333839412D343341302D383346302D4235453536433035453239335F50
311
6F7374323031352F7468756D626E61696C2F302F636E782E786D6C504B010214001400060808006777765AA233C2345D000000800000006E000000000000000000000000005312010038453739373333342D463741442D344546412D383730432D4534393342343533454244452F5265736F75726365732F37433142313045
311
362D333839412D343341302D383346302D4235453536433035453239335F506F7374323031352F7468756D626E61696C2F636E782E786D6C504B010214001400060808006777765ABE897623630000008800000064000000000000000000000000003C13010038453739373333342D463741442D344546412D383730432D45
311
34393342343533454244452F5265736F75726365732F37433142313045362D333839412D343341302D383346302D4235453536433035453239335F506F7374323031352F636E782E786D6C504B010214001400060808006777765A1504CA3C8D000000E5000000360000000000000000000000000021140100384537393733
311
33342D463741442D344546412D383730432D4534393342343533454244452F5265736F75726365732F636E782E786D6C504B010214001400060808006777765AADA17B96260100004D05000034000000000000000000000000000215010038453739373333342D463741442D344546412D383730432D453439334234353345
311
4244452F536368656D61732F636E782E786D6C504B010214001400060808006777765AE3603EBE7A000000C20000002C000000000000000000000000007A16010038453739373333342D463741442D344546412D383730432D4534393342343533454244452F636E782E786D6C504B010214001400060808006777765AD2CC
311
BA3B7E000000A300000007000000000000000000000000003E170100636E782E786D6C504B010214001400060808006777765A1E7A0675A4000000320100001300000000000000000000000000E11701005B436F6E74656E745F54797065735D2E786D6C504B010214001400060808006777765A3DEE336E64000000790000
311
001B00000000000000000000000000B61801006175746F6465736B2D64657369676E2D7061636B6167652E786D6C504B010214001400060808006777765AD7450C92F70000009601000037000000000000000000000000005319010038453739373333342D463741442D344546412D383730432D4534393342343533454244
311
452F4173736574446174612F636F72652E786D6C504B010214001400060808006777765AA4B752D0F20000008E01000068000000000000000000000000009F1A010038453739373333342D463741442D344546412D383730432D4534393342343533454244452F5265736F75726365732F37433142313045362D333839412D
311
343341302D383346302D4235453536433035453239332F7468756D626E61696C2F302F636F72652E786D6C504B010214001400060808006777765AB78B3D90F8000000960100006600000000000000000000000000171C010038453739373333342D463741442D344546412D383730432D4534393342343533454244452F52
311
65736F75726365732F37433142313045362D333839412D343341302D383346302D4235453536433035453239332F7468756D626E61696C2F636F72652E786D6C504B010214001400060808006777765AC9A17A4D0D010000B10100005C00000000000000000000000000931D010038453739373333342D463741442D344546
311
412D383730432D4534393342343533454244452F5265736F75726365732F37433142313045362D333839412D343341302D383346302D4235453536433035453239332F636F72652E786D6C504B010214001400060808006777765AA4B752D0F20000008E01000071000000000000000000000000001A1F0100384537393733
311
33342D463741442D344546412D383730432D4534393342343533454244452F5265736F75726365732F37433142313045362D333839412D343341302D383346302D4235453536433035453239335F506F7374323031352F7468756D626E61696C2F302F636F72652E786D6C504B010214001400060808006777765AB78B3D90
311
F8000000960100006F000000000000000000000000009B20010038453739373333342D463741442D344546412D383730432D4534393342343533454244452F5265736F75726365732F37433142313045362D333839412D343341302D383346302D4235453536433035453239335F506F7374323031352F7468756D626E6169
311
6C2F636F72652E786D6C504B010214001400060808006777765AF56B982114010000BA01000065000000000000000000000000002022010038453739373333342D463741442D344546412D383730432D4534393342343533454244452F5265736F75726365732F37433142313045362D333839412D343341302D383346302D
311
4235453536433035453239335F506F7374323031352F636F72652E786D6C504B010214001400060808006777765A43196BCFF8000000960100003700000000000000000000000000B723010038453739373333342D463741442D344546412D383730432D4534393342343533454244452F5265736F75726365732F636F7265
311
2E786D6C504B010214001400060808006777765A126BDB0DF60000009401000035000000000000000000000000000425010038453739373333342D463741442D344546412D383730432D4534393342343533454244452F536368656D61732F636F72652E786D6C504B010214001400060808006777765A33FF3AB203010000
311
D80100002D000000000000000000000000004D26010038453739373333342D463741442D344546412D383730432D4534393342343533454244452F636F72652E786D6C504B010214001400060808006777765AF5C9C24D05010000B201000008000000000000000000000000009B270100636F72652E786D6C504B05060000
311
0000230023003D100000C62801000000
310
504B03041400060808006777765A000000000000000000000000370000006662782F45333244413930442D323141452D343244432D383933432D3635304333424336323134452F617474726962757465732E62696E504B03041400060808006777765A000000000000000000000000350000006662782F4533324441393044
310
2D323141452D343244432D383933432D3635304333424336323134452F76657274696365732E62696E504B03041400060808006777765AF270F1330600000004000000360000006662782F45333244413930442D323141452D343244432D383933432D3635304333424336323134452F747269616E676C65732E62696E6366
310
60600000504B03041400060808006777765AB5A795FFE3790000DE790000420000006662782F45333244413930442D323141452D343244432D383933432D3635304333424336323134452F7265736F75726365732F322F305F67656E657269632E706E6701DE79218689504E470D0A1A0A0000000D49484452000001000000
310
010008030000006BAC58540000000467414D410000B18F0BFC6105000000017352474200AECE1CE900000192504C5445818181B3B3B35A5A5A4848486060605C5C5C6464648383835E5E5E6262624E4E4EAFAFAF4A4A4AB5B5B54C4C4CB1B1B1858585B7B7B7585858ADADAD7C7C7C464646787878ABABAB747474A7A7A768
310
6868707070B9B9B96E6E6E6A6A6A8B8B8B666666545454565656A5A5A5505050A1A1A1BBBBBB8F8F8F9F9F9F4242425252527676764040403E3E3E9B9B9B7A7A7A8989897E7E7E9393939797974444448787873C3C3C727272BDBDBD3A3A3A6C6C6CA9A9A9A3A3A32020209D9D9DBFBFBF8D8D8D9595959191912626269999
310
992222222424241E1E1EC1C1C1282828C3C3C32C2C2C2A2A2A2E2E2E303030C5C5C53232321C1C1C363636383838343434C7C7C71A1A1A0E0E0E121212484A484C4E4C1616160A0A0A4A4C4A787A781414147C7E7C9193915E605E464846838583878987B1B3B18587856668665A5C5A626462818381A7A7A5A3A3A1B1B1AF
310
ADAFAD7072705C5E5C9D9D9BABADAB7E817EB7B9B7585A58BBBDBB4C4C4A8D8F8D747674B5B5B3B7B7B59FA19F606260ABABA9A5A5A39B9B99A9A9A78F8F8D6C6C6AC7C7C5451AD12700002000494441547801DCBD89771BD7B5A70B8EE04C702641712605CE034890E220088028C93245451215B713AF388E7DFD9EEDB8DD
310
CE6ABFF4B57D97137BE50FEFEFDBA74049B6AEED74869B7E87404D2814EBB7F76F0F67A8835CEEBFA0E42B854AA5B2BB5B6BCC951A8D52A93657A914FE0BEEE39FFE2FF395B9B9C6CAD2D4C4606F4B7FFF8D1B37EEDCB97587F7CD9B4343BD134BABE7DB48E3FFA7A228ECD6F6574E4786C0FC8B5FFCE2CD5FFCE297BF7CF3
310
CD5FFC92B52FFE58BFF9E69B776E0EF5F79E55CBBBF9FC3F5D3DFFB07F5898ABAF7CDA3B74E74EC0CE20230561BF096E97E05712BFFCC59BC80539DCE83DDD6E54FE61B7747DE17FB8980BBBFB2BBD4337DF487881AAE6C5ACC6AF25207877B2B527BFF1CB3B77FA47561ABBD7F7FA7FE146A5B6BD74E3164C7F51449AE95D
310
B412200EC539418717E7F2F11B376FF62E95FEAF1442BED0581DBCA1BD2780D23F506AFA16E1A7AD974EF17876F00DD7BCB187A1A97AE51FCED5BF2BC1F2BBE5B3C19BE27B43CF26DE00933658FE129B109C2FFF922CC22C4260FA01BEFB462A77DEBC35F42F600C3F5B0795D2E9E02DAD5E650B4438A92801B65C35CBAB7B
310
1EE5041CE69D3B6F1822DFB873EBD6AD3B6FBC71EBC6C86AE967DFC2DFA4CEBFF1BF54F6276EBC114E2F43FEC60B01A0D440A868B2920E5C4BC10D60931ADCB871F3268B21D3851B08E1D6AD9BFD4BF57F7577909FAB86F29B982571136AF01DF5FE32AC3BD9406CAAF2440A54CF176EDD01FBADA1FEFEFE21FE4C9858DFF4
310
183458A9FD2B6708A5A5A137E0EE1D11A9EC0C7C58B2C73C0AD6B479BD76B7790CF899E287FA5B06FB7B07C9195B7851FA8794031EF1FC5F9406BBFB23375420286399B631E93B08022A785C4DBF9996EC3551874094D71B6F487E80F6837E50F483BDBDBD83232323AC420A18C68DA196EDDADF68A77F938F78FD972BABBD
310
B7B87FB164AC6FC2CB760365821ACB74AED44FFAD7E7431ECD7E08AC421F391D199998989A383D9D98E8E56F84A318C58D9BFD2DAB73FF5222C8EFAEF4DE7AF30D756E5108683DA471E70D0502099A7240F19E4089D3FD203E620F1B47BF43501E85031AE44B4B9F2E4D2D9D4D51D8970983FA861B3706FF950CA170DE82F6
310
B312CC4F42C8966295F7D725ED29882415DC055F36DEA1FE96FEC141493F05FAA9A9A5A595B333DED5B3D5A533F62183323032F46EFF13EA0AAFA5FBF7C8976F8C10F7280A014832593B90004D52341980D907EAEB73411EB2F1EBC9F507F92746C40E7AE0AFAE54292BAB2BAB67CAE0746264A277B06508168C94BF772BE9
310
765F7BF0B548FE1E07F3B5A521340A5CB5297C4B12811B89E82191ECF3E41B3259C529F135E23CF4C7F961FB13537F5A02ECCAEA76B5BA5D3D3FDF3F2FEFEFB3AA22053E5008833428DC6C59FA2F770595F311F235D427F379BB8A121BD901B96076A388DC4C3C61C7933CCCD770FF375A6E0CE9F535FE2534BF5ADD3E3FAF
310
D71BF57AA951B6D4CFEBFB8864758A26154430080B06ABFF557610ECC93726224F155D1471041E0D42F82F4891C926C1355B0831649FF365F46FF05300A7A790BD8ADEEB0D4AA9569A9BDBADCCD56AA55AE377F5F3F3EA2A34983A1DE91D810543138D7F28E57FF4E2B5335A3928B76EA1CB9B00BF158C8F63A2E788826896
310
D0B5E7C461949ECE089144F8EBEFC7FB4D8C9C4E9DAD60F7FBE572B416C2F2423ECF8B86C439E450DA970634ACFDA977629098D0B2FAF313A36B3869E37AF7853378CDA1171FBEBA95DF1E44FD5144A420588641B0055A79ED91CC0DC41E27064512FB33F1F04D09D0D2DF0203A646A6CECE80DF28356A348CED8C4F1EF137
310
B9319E1BCD29867CA556AA97F7B757567006A447FD375A26CAAFDED9CFDCFB2BB0BEEE8AA5911BC2C7F85DF88A3775389990AA72219D582409210F85A4E66F2987D875C30848023088FDF77E87F96FD7CBA5B9DCCEF4F4C9FC7C676777577B7B7B67E7ECCCE4E8DEE85E81A6D55AA3BC7FBEB242589CE8ED4770E785D7DDE2
310
3FF2587EBF57F50B9E820527316488E5C32D50F979BCA58207297E2B6D658702FFCD211840FE43FC9F3A5BAD9E97E6F21B9FCF16BBBB3A3A5A175B5B1787875B5B3B86DFEFFC687A72674F19D46A8DFDF3EACA59E405375ACE76FFA922C817CE86A89BDD92F400F2C55B7462F610459837D3A61ACF50C7471C8F2F2A9D38C3
310
DA2F068007F80EFCDBFBE5DCC674B1D83EBCBEB8BCBCBC3ED0D3D333D0B3DE33BCBEB0D8DA35FBF9F8CECE68AE020BCE61C112A4C1138CD47F9AD13F7DC6AB9CF9CFCFAF9D0E01FFE6CD503F5B91C5218E2899CA15098714848B04FCE5654884ABF0E554F11F6C21D73D5D5AADD64B7B9327DDAD8B0B7D7D6D6D07070763BC
310
0F3E38E8EB4310EBEB8BC3DDB347E3E37B5842B97C4E44A0C630427E5CFDFB71E03F471E12CA9FF70E055AE141042DD81234B879EB4606361D9328149037D7D76A571A7E974FA20AD0323832713AB5BA7ABE3B3E3D3FBC30307070B0B9B645D93C3CDC3CDCA41CFC6AAC2D64D0D579B4B1B397A7C1BDBEBD7D36657A3CD4B2
310
F44F4909F2B9CA597F4245C59DEC354316F0587020D0C661742BC02869435FD12CF195C422DB3C5A3E2305C000CE6B7B27ED8B7D63079B5B5B878787C787C7C7C757C76C51B60ED60EDAFA06D67B965B3B672677080BB5329E60E9B477847AE2E9EB53E35779FD37EFCD2D0DDD68AA355B6B0D81860502B8B68C801F5C697E
310
9AD62F4B406244CB975560BAC756AAA577675B07C6D03778C17E7C95CAF1B3ABABE3E3ADADE3CDB1B1B6B681014470343EBA979F8B90383545727C63E43549D14FD0F927E5F1FDEFD7263058FE02EBCD1BDCBCA053496BD58E69BC44F9F854D4D979AE9ADB908824382AC1D4014E9756EAF9CE85B6B54DB01F02F8EA5908E0
310
D9D5F1B3E72188C3C3AB67879B07C8A0A767B8B831FE5E7EB754DEAE5261460243FFF07858D8EF0D658BDC563A2C5EF5833C13C90B69248C4DD97842B61DFA7F210A2F6108A0F96B62E2D3B3F3DD939EA47E30ABF5AB2B903F4BE5F9B36757CF65021E616DAC6F60A1FB647274B4B05B2E5341B082D43278F67D8DFDA48AFF
310
9A13F22B34C7586C9992BA6E66CABC190E313E7C811AA57304B421A75B289B9D174CC868C24548823E230B9A5A2DCD2CAFE1F98E61C015CA7E96B083FC59F3ED06EE60F360B3AD6F79787ED278D0A86FAFE00BA9220EAEFE1D5DE1F7855939C3FCC1332426B377F692406E022C010DB437EF009803F0DCFD3B7C94440571D8
310
F2C328F115F47FD324802070BAB43FBA80EFDB92FCA1F7E7CF9FA875CBB327CF9EB08C4DE4815BC4210E2CB7CF1CEDECEDCED5B757490968286899FAF95583BF46F9393CEE6A86D6F618CAAD9BFF0BE22B042412C5CFB50556815CC5BBE33E9F61ECEC26A9BCB8145FD10590078F9C9E953B513FAE1FE387FAC246E14F9E3C
310
E7F5F8194BD6594140876B6B84C5D6799C61A16434201E5237582AFD75C07EEED9863F463284E2E13425A036BD41061259289B6BDC1ED656FC8B8592C9D00701E27CEA749F0D8EF44EAD8C1F80FFF8F8F9D513191F6803384C800097F24069C407CFAE88136B7DCB3D5D4A60B711F19070D83235F77331FD35E71596688903
310
8E2E0B346EAB7936C4162043E1A1F144093695443A570144898BC4079CEF1912809A3035A1D3F361235F90FFF1E3E0FB93C7E2750719F88E7D8E68123883ADB5B18185AE99F1D11C1238A792DC4BEDE8EC6FF503DF377E0445F68FAF4E08D43082D02170F30131A154206CC559A8D9CFDD762B31273E4947A581E0D9BB71E3
310
3FFA07CD02CE2A6BE1EC80167497F2A81CFA3F7EFE58D0CF5D5D170DE4F89070B0BC4040CC17BEAC6B0586C3D3FF0309BC06F44B04A1E13729929B4DF73C44070692C810B08AC3012E8EE9EAE22067796288C193B2139B970B86F47FAD0F98382B1E035D9C32FD318A4FAFCB274F2E1FA772F94411B0CD42493C23393A685B
310
5FEF3E1ACF554AF5F3552A478383374E6B2FDDFC4F6DFE38F4F4ED7A7FE838F488EA852482F412D3CB07E293D02C9F074F12E84C5AAC423271450572A385449844706475FD38DC3C22486A0639E5F1E38B0CFE93CB4B25910EF309A2224BD8DAD40C682C28341AD69047E8539A6AFC14EC573F7FAD10AE0FE6EB13E87B28E0
310
93B513B5803514DE408809BC12A14876DE0A25F643009E9176D9F0C330164285A7444DC8CAF0E9FE41429EE0A2F6A6DE91C0856C501272404A8468822E24C807030B1D33D40D4AFBDBABB411D093D88C86D7205E05FC57EDD1F805FA4CED5920F0CED39157E007CE21757C5DE440ECBCB46CD283E378029B43FB077B4F47E6
310
0E9F61E8D01BE017D7E843EB49F50A2028F1E442FCC90C9EE308E4C0C2C94EAE30B75FAD3A0EAFA57FE9EF960F14BE15638840EAF3BA490BB6850EDB38EECAFD21A0C746D0C4234DBD035EFC7EDD121FA585FAB73DB89FE6A03CF833AB0730E5E2F1A36CE3F202A128934B44E396961121E1F2C9F32BFCC0C140CFE22C1CA8
310
E109B182919696BFB98120234F61B59F7BF46EC30CF067B21A33B0FB3E402448EE266CCD93135A8E823DB31F85E677434E608F53F8100BC0098EA2FD6BC01770E0F2F2D1E5452A711C4BB8486248FAD756D852026B6DC90A2AA5C6B69E9068B8F27AFABFFEE8AB36F1D23985D5960014FD711940800B560250D2272CC54FF1
310
D3A660B275AC3881E349689C1616E1E9044129D032313509DE4700BC867C71F128C400159407C761022BA8A040F40A244788808C60B3AD67A17576279F6F946923191921B0545FC2F12AC0EFEFBD7262B6935679FC7F80629160ABFAEC88E8430E76D82A8DE62ACE50BD4A42FBF03B387B37FD321B37E31C3F063D99703F51
310
60E6C9E5A300CF32A91E0A085A29C0FC507F6C21012303C6104B82C1F1E156DB3229D1A855A32A8352C9077AF733A0AFE0FB3EF81FDF2F0F82C21B0EB06998866878B103305E31EC17F4FD43831E570A2118D1667632D4FFFFB125782F96168A833DBE78C3F11F8383A79D49F58F1E3DBC780417AE6581381E8610604888E2
310
913E12492881274822C221AD04CB0B1D273B8542837460898C686864FF6F801E8269F40AD0481DFAF5E6E9C1F3BE391C325004DF0746A4E4448F7B52C0D5EAD39EC46896B888C4210D68E99DFA2820DF7FF850EC407EB55C3EBC5028611409BFCB8889C90F1C52355AEF98B18100094C9D0EF6F64FD47E5CBF3FF5293DDFB4
310
B50DDD54F351446FA1F14580DC3902C085F593CB24ACC917B213BBC11B3F0A61042FD8B24F4FB9C4556D0CB9E1A880DE89934CE9607F18F81FDD950DD0E1D143F41D56110E227C250621FF098838042BC85B5B6BCBCBC31DD37B34966E9FFD9936A2FEFEA9EBA4182E5CD3E17AE35501FCE0707E5525A7DBC64DFD077825BE
310
37CE0BBE1BBEC061410C660B6E49912665E2B3749C7C9F93834022F74CDE6CA5EB501D9CBC04B768292C5CCB84478F3CA83074092C6082169015E5800D5839DC6C1B58EFE83ECA513BDE3EFB8EF1242D2D4B3FD55AFE03D42F8492AF8A3F21444FA2FA9ABBF525EAF84C09F0168527B0138A85D1EC0443C467B28BF844EAF7
310
6323BE13D7C11F72FED783837B970FEFDE7D7817E077C17EF7E2A1C2C0FE851FE4C008388C15E818958746129E1009D054B67530D6B3D8DA3D59D82D9D57CF70039FF50FFE0DE94089DB269C3655A4F25B38C49D0BD48E59F1526887C18FC5272197F85CA72862A593A4843CD25F920487DDF7AA0441A2C0600D062001F103
310
FCEEA3D8560CEC3EBACB01CAE5A51E420349F602191E5F901893142381351CE17047E764BE50DEAF9E4D8C38B6ECFFACEB141E54A6865A88A60133EE9CBB4C256930B0B168C1C3AB59FE1743FB422C7166082E934AFA5EFA3E4BCE0B69362FA7041818B7FDECE1DDFB4D022007CA23E521F0700AAEB5888BBBF08023E128B4
310
045381542FA256B0D04E28A0C3804E233A1BFB476A2F48FD135BAF9843BEDA3264EB42BA499601F16B566E72C7EA35908ABCB9176BBED43204C696AFD3D7B24B08D3AFA44BE243D88A6D9D0B6562B52F741E1610C0EFBBAF2B0829289A640EC4C8A4FF66A24430786CEBE1E1E61AF9507BFB496EAEB64F8F49B4129EBDEC06
310
5EC1F8A3F228A3CD0950883B41BEC6D1944AE06147289600A7726313AC69A3F91197F1438BCB743E76F01F6EF1D1C854071670FFFE43FF1EDED702EE5A14C85D0C42DF90B86068800659AC88981855E3E774A71C0CAC2F76754EE7CC87C808D1E1E0F6CF47FD4224731337BE1E39C5010823EE997B1491BBD99FC8D8EF7748
310
2BEB5EB2CF66499A8E0F7511B19B3EFBDACB6507BC78731B1B383D02FFDD7BE8DD9256F7D0BA7B46015941097B80018F700FFA024CC08078F51806100ADBFA163ABA8A3B95B9D2F92AC30BC908ED31FABE0CBEBFFF0279B675868F9AA24E9530B08C174055B7F48E4F58002F3E82F0BDFA003E8B431EB6C4A91E4D9B5FFB79
310
1265BA8827BBE5F1BCFA7F789F72F75EC800F8AE43FFAEC42F13009FB905A9A0132015D0068ED7682AC608BA6771038DEDB3B33082891FAB1ABF5614F93238079726B833958796B845B731FCB86316713C1DC581B1E19B424EE32674093F80776F7E27C6FBFAC85C536CD955B96EDA2A3FBF770FF4BE11845470EB3E42D022
310
000E0FE07D161811020742162444668308801E133A4C163BE68F6826A5523071CA78B2FED51F28F8C70FE4190073A3E5D3259D7A288CD19BDE623F10021BAB0C6E327FD507B2741627727EA00D31856492F9F009D7F152D930704E642795C1C1B336E0DEBB7F0FDCB79318543B25341F36802D64A981A690B94259607DE0B1
310
9D466BF8C1C5E1CEF9A3FC5C639FD6117B4BAEAB453F8EFBDA500A67E8BAF76C8A06566E36EE1184E8329419161F83D843D5DE7D8221163E145F56921C3EE383978072129E290A9B7166E63D26BAB1FCDBF710009E4051842390031845F20077CD079407C575F20364C4910ED2A574BC357630B0BCD8DE39335EB175646A69
310
8458F6A346F003A93002E846FFE0C459B8006E506D79BF902908A0AA05CB5E73530E33BA1D3C2EF99C712B7C8B41DF4D2A7830BE8707485FCFAEEB85A09AB6D39BBF7B4F23E00509C20DB04E240822A4B810E04D8D53D10D504C059ED86BB8697F514777717A8F8144D48A4C89077F7EDB00E2D89DC02A7B975640A282C49A
310
4AA84B70B12BFED8EA6584860DFB7EE23FCB00C6BAF7332FF259FA3C9346508813E372F1DDE425065BB61FDF8300F7EEDDBE8D0C6EDF46F7D8823478590AE23759D60DA6B7A9F125EDE8F4A5D2B37470D0B63C30DCDE3D3D59A8D1501EB1B0A5377517BDD6E301F995E3F955F0F58FAC2E81CE172A8344AC03DC6781939D24
310
84B8FFC15E8F3ACCD3954CE19576B942D0A029188EC7013FE59AE90B71292DE774F1F63D60230180B30A2EDC65291B6211B4081128856001A680015CE000708254891851D4B3BED0FA4D7166B466BFF1D2A924885AD12B387FC0FCE6819AC3AE06A7AA4B715F0927B74D119D4A668FB54B8A8C268D8B038A207D10A7B1E95E
310
42195B695BE0240F7408B311257C23F581E987C180140C584A02B1670CB817CEC0A080F259F1360E58452013200E3EC107AC1DF4FD7B0F6D23F33347F9527D9F51E6138E31AF35F1BDAAEEEBA3D71BB402E2FB47CECEE96B4DB85536772B07C82A34F3E66D0BCEC207FEB9E70643761276F7B50D5EE963CFF80C7AF4A2130F
310
5BF8C4EBFB5F07B709840480DBD8007FB7EF3F90104908BA457D43AA2A6A02C91422285E5AAC143F3313A0CB74D9D164933B86C25587134E8D342B453FC982860D09FD13ABE72055ED020E85D3E312F74C25CB0293D978A1C4001927C80B86FD06349126EC219F0C735C8053D8F5F310817EA01F1B7851F406144C211C6362
310
C27DD51F1E310C0102280ADB891E9B085CC528A2B1369A46BA195B9A2B351862CE43174BA73FB7CBB430A5798F4C54B7333B96C3224A9863AD02B9FBD8E63092191924E77C199D92887DA594B6DCF0112857162FD0949FE6A441F5E62E42FB2105BC405A2301A3424601DC807912CB2C39C604A27908021CDA30C4C8C2019A
310
883B3A8BD393BB3546136EAF561980FB63E9E035FF73B96D09A905ACB2C11D79571C5159026227DDBDB81396EB03F14100BEB66DE1FA9EF82C3ECCBE318119C4269FD014E66361FC8BB0B4EA9A98EF3D8848A01360430284335004C183CC25BCA82D2302EB03B8419241C64DF4F5ADAF77B533BE786334BFCBB8DA72BDBEFF
310
C36103AFB30608A0B39B58D93F0BF42180841DD26BDC22CF0A770E90240006BAC65197D90920131C7B2EB3CFD3C71C6378A305EE8488FC1FF8D391E2BDDB0F6E3F45E7C8207C419800DB410073A3173942CA8D5242642A74496FF115832A6314D9FA4257577BF7FCF8F8E8CEE8DEDE5EBE76DD3CF892BA7FB8B90F629431B5
310
525E92A15A3A4A6FEA3FDD73136172060959206591F4C927196CF645AA285CF3014630121754261C0D31E1A7E3DA2DBDB54B04703BDE3A4209F02045C4BB0F529A14BED07098A2A1CD47513DA64B512F409BC01663090796D787173B5AA141B1B39BB470EEBCF1E30F9D263ACC4D05110797CEF7B923B027F089F74D1D06F0
310
A4D8C0CDA6604023FCA45B76C5CDE0BF3845ECBE13E0C0ED73700A8A753C1AC8AEFFF1B407FC8A20F42F0D94019121DE304077A027D4112283BB8FF0072444D68AAD111D6F591BC0061854BBC048EBBE9E81F6A33A95C21BFD13AF3C7E7DCDFFEB0DE8903F77B41DF178E99C289895B0EA8CD640549D68935BA7C5294E0A1D
310
66DA0CC419BD398E6265789CA1241441AC94532A3C19C95340BEFC68703077EFC1D307B71F3C500859C11494838E902203A2BE90EACC5135B80B078804340C920C2300BCC06F7A1C71B875DC572C9BD1D84BD5FB9363CA6BA7D03E5C40FDFC54FC23C9B4B9DDD028787D89219038523BF64E638BB37CC25335937A00DFD328
310
69C5B390C8C32FF25C8C47A7181B4A599A224A9DADB0E0406FEFF9F183B7448F081E3C55024FB33828784AB61704482CD0160C04174F9E33BA9291D58C2F1F1B1B3B5863B0D9F3E51C35C253D54A23E560E2C0CB3A6F7A81382601C2079CAE96B7B1560D20A341E85A928A4E01083256420576C2ED477E2E565FD9223BCC69
310
1CF394D3D8E281501E0EE5C1C8159E92585D255CF30CC854C75318006EA4A01028EC853F9407C6053910BE105348324002260254886C156260F9189EE0F8C9A3CBAE9D5A992184568A69D5183A7DB97DB089FDC57AEE54F858FE54F577DBA85309640290F2D220952620750C5811FB772A7876D1E4040FBFC6474D51246D8B
310
3FB378283FB514F8AB3C20B8BF7DBE5DE541C9A5D3D38DDB30E00151E02523081BC89C2214103E0BC1B3D0199A08E002681A2613A2616CEDF0F0F9C5DDC75DA395C25C0309C03DEC8091A4AFD3FEB504AAC6633930556DAC86EE3561941E862C4A75DD6B6BB3A0C59BE153DFA73EDFCBC3CE2188D3D378FC976D0EF9A95B7C
310
8532F527CE3CF539581E0FE501291E9139FFB65EFF5DBD8E0C18DE3077170A64E033FD278F18068028802F156C3809FDEB11B1019C208D020C9BA2870457F0F8E1FDC7EDD393E3B9FC9C4308E9315704233F960E554802C14716B0B45DAB5EAB5E25AB7830EBB8D25E6CA94E4AA01794FB1EE164FE9F040FE82C940A4BCEF9
310
13075D087E85A7237D3CF29C47E4E676777779528C4781761F0BFBC1D3A77880E40C9A2E5109180D5255317890394229F0F082010354082D574F1E3FBAB7D6553C2113DACB97BEB5526C7C6F69F9310A94C46CD89FF8F379AD1AA035FD00FF3F320180F01417A6F255A3A8D86319FE0C0B0E06A0DCD33F79841339C01E5BBE
310
1911AFCFF7C1E0A540BFBDBFCF2372352686D863F83F59CB6865F43104007EE06F52406F680341102048A01BB048823082CBCB0B6AC48C313F3E7CFEF8F2D1FDC3D6F6F9F9D9E98D9D7CAE5EADE2A6512FAD7AB526E17F600C85550DDE9ACFE9D97E694513103BC69F8A2813176032C890C1E9C49FC09C61670FF8705B1D73
310
86260E7C8E7122C7F8208A55139E8C8D4763F7EBF5728DF9C34677364E3A3F9AEFDEC9CD95470788834F9FBEC512379890B38C94205B2557987C4186DF5C0837608DF0F9F3CB87B7EF6E920475752A01460E556919B2B64296FB9FB70DD5F47232A0F77465BF140CD001F00ADCA175090E2665A14E6329B62660E02A1CB50C
310
6025E3DA252A670B3F0FFAA5EAD94A509FE7036B159E0D1D9F2E76B7AE1FD5A606198D3A747AF450023CBDFD162278B9446688111009B4029B0F2180AE20A542D40610C073B47FEFE1416B2B12200F3C991C2F54EC2491027A816B0A34A9D05C6F437AC23462385DADD75642EDDA738AF1600DBE07EE8437804D2D011A94DF
310
71C2085EDD40266A407FFA1D1C00B0C03927E60338E3B9D8C47D1F8CAED578E06F7CFAA4BB63B175FA7C301B747CB377F45192003CB8FD34B12009224543D8604494011A80C1903CE0518C986208E1C5FDDB8FDA161686873BBABABAE74FA637BEA894A44078C19696F326E057D7F95D061A6B0394A9D5F2DCAAFE4C2388D8
310
A6E9AB7695CB0BDD0A332430F1A9333DA41D1FFB97FA09AE84E738C75C407C260408F8DBD5EDED7DE1570A7BE333C54F16963B46AB0C2B71208EA3D16EF4EEDCD7005241166C005A73C03164792151205C007288AE337B4D7103741BDE7B7AC913350B348B2D767515674EC6F72A0402BBCB41C81305AFCF05F2758D3ECAC8
310
D26AB97606DB9581A4B7A8FFB068CD5C0604E6849046B70C2B60FF0CDDF93C13822B4E82FA0479A68220E66D9FD775FB3C1A9CDBDB9829B6AF2F77EC9E0678FB20ED8D1B1A1A39D10F9812E20D6281F5673121AACAA9C53424000DAC173F7E18C3052EEE3E78E7F1160F5AAEAFB70E0F7775CFCE4EF384DDEEBEB9C0889D52
310
43BDF557559FEDE5F17AB21E118C4C31A3DF6A96B56AC62180293910ECD6B721047664BCFCC6B2DD3C65CA0F0C823DFEF84083C7ECCDF05898EEF158F4FEF97EB9C123F1B9D1D1A3D9F9AEC5F5CEDA84A3C96C14A55584D62893D6A54D8D2028D05C8B1F124884543F3223B29D208B04910D3FC43F5C52196AEB5B5F5E58E8
310
E82610F08C21BD443801233C0CE8BD1E40F84A1CA86001990048031ABBAB11EF83F9283EA89F181F2A0D9A9F62D94B7F625FD727E6A93F63F200F614F7CF100D4511C07DB45FC5F0CB4CA359ABE4774631FDAE85E599EA0878A3C33D5AD6430CF4C055EE5FDB80629000D7855DED3F436F3B61B3DC7FFACEFD2B1BC6FB0696
310
312CFA477CE87A87070C7998E04FBA78AE3F915A065E819FCF35B410321D9ABB308146A11AD5196CDDD7C477A171C8AFC74B45CBC6F641AB53C8D4ADA5870C02379BC0470CF83DB55F073E29CF5CE5F7A3F8FD62EB7AEB1774C2C6780B9523F9287193FD23DDB79FBEA513B45200E2E0C1B51350163AC19043C600F2C1DBF7
310
DEBA7BB9B5457BC0D840CF325EB0BBABBB786D301437000020004944415472B491ABCCEDAFC0591201CAC8EBFACBF367FE7B6E40E69F551BBBE7123E3C00AC560CE20C62436E8C3C54CC225EE08C0D74CE26148877689EDD004FB2BFBFFFBB984035373A7954EC5EE8591FE531348654514DB1D1C56411DFA2A7C212BE5ED9
310
1278F2851A432244C6822C29C85A8B320ADCBDFDD63BF71FD32648E7D098CD018BC35D7FE89E250EF2AC75F96C15271602687965C844B8807C6E7729D93F22E81D39ABD62A0820C1FE9F11CFA7208125D33E96FD69E83AF6052DD32D49FF0802CD9F9DFD39260389A950887A647CCC99BAB17132DFB5DED35138FB3A060F62
310
95AA5E195BF0BB56495A5A4A8FA440026E46A047D40ED2520A441C302D240F201FB8F7E0EDDB0E12A04D8816215A0579E8FE1B1281E9F19C9900DE79842E2A7CCD48E9876EB01C75DBA0E0C8D44AB5512947A00BE7CF5DE9E1A6A6BE43CF1A78783DFD5A404E4477336C1ED8B18908B2A847B2AFE9839E891137A6673BBB96
310
FBBA2A4B8E9373B001F08369BA11BE8ABC4302FD2345FD6014A127068427D007BE28B41D9B0D40FFB7EE531FA673C8870A69135B1CEEE8D009C08042A5B4EDA314920B635BF941E7487E45256439DFE9D276295F87E698389CD49FB394FE19720412DEDDC40E9CE9C6DD605E0B719FADC416CB15AB3A61F9B5B9B9426E54F8
310
1D8B03DD950946D432B40CEDAB7BB5AF11213CBA73C9BCCCDAFBCF06127C7980FE6D1DC9B4DF14832D6568FEAEEBA76FBF438300B541064ED33F3AC0B0D10505306FD370AED02859234402F6C3FED006766DDED2034D90D119057225EEE3DAF787EBF30EC51ACB4F551678BD6728E1944730C095F13E4D81A4DFFBF67C5BEE
310
37E62A85FCCEC6CC6C7BC77A5B477E22223ECA4FCC0F87E2A5E3EB782BDB25B8CFC6736A044DE5A7CDA604526361D650484FE283B77EFBD65D52C1C73C4F48E7D0D81ACF572F2E2280F98FB230508FA906B42DE240ED651B301CEC83DE1790C9FD96B6CBF986BECF3BD332C18EF627A0B6EECD5B152E02088D03D828AFFAD2
310
6B05BF671B4F9A09A8CE0CD2707F67F2A4B3BB75B9ADA331C1305BBAC182FB4A79820B7EEAF73199B8404C0B81231CDCBB871B80FC41FF5860E8E108222A1A076C29E6E03B6F3FBD4F1F295DC457573C7ADED636D6B7B8C88413DDF3B327E1046AA51040B40CB50C7E3F1D2E44DAD34CFA604029BFFBE714DF0C069908027E
310
B275F1F366C132E1A7450B04011CF82B2B647CE754F650FF6E25BF37AAF65B7BDA16CAA791F1D09F6CAB989EC5AB7809BE145FA459E8D3E4B0FB47DAEF093B946FED585B80FE1A0305FD5330FEDB4FDF79FBF6BDE81D8300CF6815E5F9896552412A03F31FCDCC7CB5E32365550CD9365FDCCEC8752E943161D78047336F8A
310
F6539840A1F2E764FDA2970999F205CD2BD1F5CF496571F76EAEFA0E1CF8FD2A55FD06391F9EEF8B9DC9994E72BEBEE1FC928E2F223EBA0FBFBFB4F2DF137BC894B8087643D64ADE6EDED67F7680FAC9060239E845FC94AE93D880F994FBF71FBCF5F66F9F32C292EA900F9C1E6F1105E81C5B5F58A067A448143842008D72
310
75EA3BBA3D2516FDF02FF79260020D6B3C714711F3CFB61BFF56A826E627E82256F7400FB387FEF23C1C1E77FD6A21EBB1B2B35F2F95E7760BE1FA3ABB3A981423477517EEE36FF96F122B942F6FB64D9502BD1B9089162532A2FEFED255028FE653C9F46FA321E0B588B7DE79FBED07C44106CC85133CA65190543004D01D
310
02D8181DDDA5A9C91A7110805B7875B689FC3902200FB192E7DFD936B37B57D9C338BD49E99E181F4E5FCAB2ABC1CA7AAB382CBC7D515457CFABE6FBC63D525E5CDF74B16378B9AD6774A58531912D232DF01BAA913DFB7D3AAFF912984302B84D0500077800D26C60A4742101DE420C610C2E92FA93056022EFBCFD5BB6B3
310
8651470CD33BD87630C05831BA864C85997B8754B05167F0706499DC442FCD22592AEC2ABF3FF13F950039BF159FA9B36ABDB2778EFF83F70972B83BFD3F4899E64DD8346AA495CB155A7499F2CE39B0AAE755125EB84FD8CF8D8E4F4E9FB4B72E8F1DBCCB98B31BC4607C2CFF21C8145FB48EA0F2159F86A3098415609554
310
DEFA7B27EF1301033DD06D274BAF6821D220DEF96FA4CBB60B3CA241C021D38E1AA76B4406B4767576166766A6C7F77273F5F395291BBA19F64F2E3095C14F3E60371827741CB27E89543857D6D96BF9A47C6A9A26057840332EB843717AAD171880217B71FCCC0355AED3D4819911F79D0EA8AD6DA31A83E36C5DC2D47029
310
5C011302387069158F6C9966022367ECF1D00BA9BB95C389AE7B6105A1FB640689033A7FCCFFEDB762189103A61C3A4FEFE0D6A6B5A19EC5755A443AE78BC5E9235B047890A65919A0D2F96AA3C01CEE913BB3ED239C3E0CD8DDAB99E4348BF3F8B977B6C43DEBEFBD7721A839A63B94C06A10DB87FCBFA3C2932F8C26F88B
310
6D6BB30C3C4E09AFE40FAB52EFAA1EC0316920E031A46D65A0FFE45A673432E907FBCF86717AC04F2CD0EF512D665FF53F05BFCDC43489F150890C60A8E0314E70A06F619D30D841189CA15D3417F3CD50191AE4396543F0C42BCFD696C58DF163F5B46D708BD5FDDA5E5E5FDF9401BC4F7E00E8A17520833D1CBFF495B5D1
310
CE037C664123EEE74737268B5D1D3DBFDA6AAD8C08DF2C0BC7A737E10AAB2A7B958990CEBF556CDBEE823CB09FB344143463C630CFFF585D330CF0320E921744A7918280FEEF981161008E9FBC78C830217A07B7D6985E83F9A79884ABB5AB383B4D7D788F9FB3D867A2112A43F19042B33A108690CF6F472F8661CFAC9714
310
78757F6E6F2F7AEB82FEA85E5715941778B278281F28C268AB24BDB470EF3303E09C359E9DF1CF990D8A096106E6A66C8620DDE7D281DF0B2831F20439A30D68386CE13E002F7EDA8D7806162B205D6A19AA1FABFD6B1B400EC2BFFDD66FDF7E8755B4883C043F43046C1326136680404F1F934EBDDFDD39CB58A98DF1BD78
310
80E0532E671FA1435E9D6EA5E9071000BE8F262E7C4044FD95D5FD526EB40A05A634775F32205C3D779FDC168CD5E56BF982508BF572BDA4F6F57D3304BE9EB18149461B12F760D7485891CA47CFC44909136FBF4931716A2E100123FC6CCAA6A644F25EDF4AC980B14039009BECE8B798BF69A05DC5B6885CD23F8E13A46F
310
F0C0A986D617F001C52241801E87C2974C31411DA3A5D7B6175472763D637D3E57C33B908F867F4A59CFCA7923375E5F027A983E18BD7BD4E6FDDBB2250C1529F4202EFAAF979DFFB1F2612E87EBEFEC58581EDB9AA95AD1D7C1905F7305BF8182D5BBB524D47C4E3B81CD843220DE1E6536497C0962C225F75A2D6A998303
310
B23FC501F0B3F736EE1FF01200FC8C99F5515207C9C40081DF304C0A17D06E26CCBC5B3C47459308178301FA8057C2C0AE9D99B05F038828B08400F2E3251254DD7EB8BC4853B101F99AB48E387457C96951E5DB670648BAB70A7B04FE93EEC5F5B183F9739C98952C6845C380D401B8FC86E70A20744EC720E09D35955D96
310
A9041720196D183AC2CFE6AEA816652D0234883D788BEC8F5DF2615261DB031C2381092401B48D8D2D870FECEA9C3D99DDB036C8A051058030E32190976718C89F031DFBFF2EEA3D88606A8A19BD0AE305BDFD12BA4FF46F1A0002B07137989C748936E9DB2C91F43B07E4E4D16C3779CF5A4FFE8CC981F07C29E34B7C012A
310
F0054FAEA4A6A3D49D3A16D2B3CF220A029003366663053C89B3FB1827080DEC2780076FBFFD8E39810CB0593CC68B5D9009F2D400418028B0BC6CC74067E7C9CC0C2690FBB084AA5254A12AF63543B35EB40D17B693F7E3464D5094C00AA9E04E0E0524F5C35C5EC6BA94B21AAF2440725E2A9FF94FE7A8F0E769EB83FDEB
310
039B631B18BF396F5C13CF89ACC02C387DA56DC3B1CD84B96CFAAA37B55FE723B611062258257D331F186AC93D8AD600B4FEF4AD777E4BF68F2168FF08C081A37AC13446C859964803961928476D78F68419390D830C1935B5C2A0A22A3AB17D3D6428BF12DC373B8D464E04C0A496BB3B3B75639DCC2500E0F0B15FB6F47B
310
5A7ED0183A87CAE8D535F2EDBD4B3B7FC762DFE65A07C30B2851DB890082ADC07131EEEFA3DB7DD5CD32C0860CA83CD4B7993A175F422A8149B1C1D94C1145059D9C78A8A572A90B7C8B1E3392FF77A80C50220880FF3669004E90F101740D2B808181455A044904674E7482CC3EC85C4BCE339404C0B0BF6A5611E4F9B815
310
7BAB6DE327EC9BFBA1B4557ECB609C1F45326499EFB90EE78F18227F09E563C9E63D847EDB3B68EB9C39E95AC4F7ADCF7D87F6752BB6912040281E4A0D8A8314E80D60470999B8A51FB1488A66A9F3F81FFA61C83F4FA6969E472288FADFD61B005E0EA4284822E018911828E868614DA0C36E11F3A051070BF2F0840E35F2
310
00E2C0C80A776CC9E7E6841C0503D0EDF15ED9AFE527E798D23BEE5F0604E58DFB7099D739BF0BA5D332EF29F1535995BDBD0DE681C4F71DFE6A7AC5A13554AE6910963E9ABC9A0DB5B202225545F5CFACC942B5B93C207352B6E5310BF349AF200175D7DFDF78F6D683B7C87E087FA9B35812C4F8F13452CED610A2207541
310
E6D659A739441F3833CD0C9C3C3DC2B0712F62333C4FA9327C9CA1124904B4FDE0FE21C119776CB0C212AAFBA5CAF80EB43772ADFE77CD9FA8A4144C54C2FB2304C65F62FC3678E4F6C68F30FEE1BE8383CE7DB86F58B1AE0C51F0F055E188D02F00911DDB0991832228B3172B3E623E513FF1734FF414A611A603163F401B
310
EA790FC9FF7FC3FD3DB02DC00184145B850D01D120424DC03C00FCEB7880EEEE939399F1F18DBD4AA54C939899304D913CC2D5CFBC55E50C7FBE4C0E14AEEF53D6843DFF56BE2D554637EA047D3C210E2C61077875FB5B40E19F43AB7470CAFE1C0D3ED3B3B4778D1DF6D4F837C08747180FE8394F2CA1E0A46B6DA62CE2B2
310
DABEDE0B1924098580FC16B369730E9E90541D3730D47FDE16EE1FFAD3419CDA05ED1F2715C607F2E81893AFC5936303F40EB776F1D808BDE393A3FA401E1C706E154C892860AD74A2949C409E28A8FB3349C764D13E4D1D3468952B7B1B35001BF41142CAD58D6011C8B78961EACAB66E9AFBC627673B61FFDA4167950A27
310
4145BF11EA17BA9AA60815C2C43AE1F648E3772E53C94E6364AF826019E723069A8AA353A3BF7FB5359281700061FF64C28C10B9AF0B70B0B0D30A31CD1CFD22F68C76DA1E44558869257892363C091D313EFA46B57C3BEB252E9C6BF5B4799EC58F1910F469E25AA17B343799DB3E33CF410061F96C6D63FA91B1000CEBB7
310
D2971BDD39A2A76361E000F5DBC1688D47CB812DD60F8001AF25B328D173A9E4BAC18CE9F1F628704330741B2649B92E9714447C68559C6CD2F681919367E4811100750058809D0230C087A89FF3C80C23C4C60882E481F48D531764BABD5CCECA308DE2F63D3BB50373D630796126803C2D1FBAC148F7592881B395ED7D26
310
B7DD38D7096AF98841CB37592561D9C6565317AFBE9FC4AF7371E060736C7635E0CBA1809FC80F544DBAA1F2F9393D970D44C0615A0C6930E758B9E63AE690F73045F0C8C0731DE9CD80F718E94652383458799E02C06D328010011C7090D8C5E5336A83D4059953877EA1E1D66FBE994F04608C4C991917230FB61F9AEE18
310
3A40AB9108D032449FD1A7283DD25ED15360EF7EA9303EDDC0043403531EDEAB10DFF87F5E2FD56DF0F1B701A9F614DB17FA0E0EDF6FD0B1622A81FA3D1DE5A33F551930335C353A87F9AB05C60455193448246944A232C5D07636D864CDD7A50D0B4440CDCC465D1C418321F50E1648D500294065D869559EF3C40C8FCC6C
310
323E989AD0F0C73142480B200842802C061008B480A9954AF282052B3AF67350FD0DD30D1F4075AC303A5D490250F5400ACF479656861E4C77AFF327F3EBECA4B57B6B6C8FF62602BF150744656A87DABD7BC6BED50527B2120C001A0B3718C74F0C65CD34F275164D7968148DDF259AB8AD6CA81CDA4E8819509B996A7F64
310
2D987A401A2B04018C01E6C169A8700F9DE3B489DB2BC49C9B7B858A4F50D22AE15428FCA4A1EDB20C83492690CFE361CC7F8C8066FFD0D77AEE797977F468A36E0B0DFC87F90EE6348BC748F7CB73B5B9DD5C6EE7AB19ADBF6DF359F1DC2A0F9E44F213F8041F64274C0859A2AB7C37440FEDDD2F95BE44065F22067E3EA0
310
CC3BD8C0D8194EAB291CCEE20B9CD8E02950AD806080047A279F19024C837C848816719AC4A34DF8F0706CED904E8185753A458A27E4C1E37B5F30A104932BE140E0BF4E400160F320B054A8705042FFC47B4940810173F9C9E97240C7FCC3F3813EA239B745DE9F1B1F3FC2F9330374DBD1A7B475923F9A2ED81716D18D1B
310
577DAAB9D1A0458655AD3CA7E211867AE7C702DCACCD291E0F798013DC01BC326087775C0833E04EA3778FBCB8DA4687A0255CA0AD210C15661E4E92001A4449031D1DD27D327334BE830B64DAD90CBF537A45FBD4E94A7A88888E715B7E74FCD040E818BDC1BF5AC609CCCC015DED23877080FCDC47BD8EF3A7B783A17D33
310
F3ADEB6D6BC7AD75EA7C7852C5B6FDADA6AFEFC2D181C03F8C40DD8A4AB5024F0B72E34B57BC1182472DC80946789AFB711DB7F1193C03C893B0345F420246114D3EA71D04FBA731C0DAB0D3CD311B218F0D5A15ECC105D02F3AC32F13600084731A83220040019B03180634B5923D438300B05BAC80881F061095FED5D572
310
A3323ABD83F1D37A2301A8C930AB3F66ADF7CBEFED30BAAD7D78A06DEB6A87F15491F5AB7E25842B6B34BEFC12C8A159F187C64B3CBD2356DE5FBAB98BBE9583F0E3280C0076DA15BF34C15238145742B07080B1EFB83382F9FEF2239D003541041083C5AF9EF3C8944DC2030BC3ADEDDD9D27475800693049E05413BFB3FE
310
B4308731512F13400D06F813368A0101D8D863EB3E75FCCADED124F532AD3F123F131AB46A93DF1ECE7F96CE9EB6C365C6D6A07EEC461FC919FE288AF7AE1A7D012D291EB073735FF26BBB1C99FB706E972192819B7A34BF22424BEA1CC7958AC2E04BFC8E02DB90A4A1DD04811ACDBC181037864672C78F6C0EC3073A40CC
310
49D5E813593B7002763BC6A909D31AC86F3F6E335C9E1C309BC58F16418642E2AF6B290A34FEDC0CFEE08FCA0F56700699CB73B9C99302AA17BD516D7F1FD755A2B32B3FBE7134D3BEC813195BD355020A7DBB541539CD2C06E45F46FC0EE08293E6C0E1972176D9B678340AA1A4823404EF79B1E2347E47C35D0A2260730E
310
0B513025DC0BD1C07E3366E9B9D17F767405FB531070700035618606F0B40C73C974CFD321B0C174A80C0F3AA54945FFEF348F5488895713E89B5C98DA501E06D8D24FF04FF0CD7ECD7BAA755A854EC6A180AD13BE094E8D5D63BFD6DFA5F5D3E4DB1BA18FD8473DC6E17FFC9832B71A2A94D96E808BB53F9192955D62C82E
310
282B05168AA0927D54AB20A20A74800B7CC9655C8B15F62377CA4C91641F9F4D0478F4FEFDCE273A002CC0A725EC165CE3A149F0333E8E9600B2C05A7D15FD831F0938DBE5D0FF13E3C0F0765965A0961C3FA86DEEB0E28304747BFBA5FCDEE44C23544F7BB7BF7A132DDE34F99E44EC3FEEAE92F667A10F7E90B0E8C6442D
310
F5A5318B0F816311DB2E6DC6F172C363FC800EE09186BB9EC82A24C0117700CD884AA42023B81EA6E0CF8B3056411110D78606EBC5AD5417B45BCC8E61EA01C4006AC233933E35D860BC1B6CB9C9CCCE7840D2E0C1C1FFC11CCE54D59300F2B47D66A10F09D8E24B71B9BDDF98FB62A3B897C53EC88D16D1FFE8C649B17BB8
310
E760EB20B784F52F992544753F2CBF642CD3C9C70D8722C197142C567E74FB431EE248A8F3FC00377F5142144A82FFC28AC2970A780C85A7EE9146FA4B2981F3C93BCB0F3FBCB6DD3DE69C72B6073B99140DE28B8E919D9D9E7C2F5FA99FC1FFD07E9AC0965CDAEA0A945FADE52C791EA989E8E7A21A355FB37E44405D171B
310
98A6E946DB26AE71DBD01FEF07FD378F5B4B518724481820890E7486E3FCE61A60E096D577701890EE07CA5D7F2B086040749FCEF3F81972E510A86359C9BB579883035887542090614E5C4461705D7CA1CF84DB564838606CF1597E8119790D021080C935A908324EDE9F60A04B7830A33F0670CB08605B8D01BF9A3D4356
310
93FAB4FD84EF6754930640C1F9D74B052A7ABBA9F502B39DA3BF6BC7514EA4BEC71D752BFDC198EDA8DFE8F32B3EF811E4576B0A2074B99B070A069F60173E7427BDF285024E35A4418B7A412914F2800F1965C4F1120A2D5D2C64400563D5942044807BE7C738EBF3034C4A6F4D70C04ED1F97673C039FABC4CFF18866E08
310
200BB66BDC9CCDCC3FFD1E43BEFC52C317F0F5E64900FBFCDA4DEE68768FFF46350E0EDADB7B34DBBEDE3776BC55599AF84E312229F931E700D04478D66A0D88D09B2276141AF0F8811C5F8067DC04C0F90929F7F1AC9CCD368488AFB965C97B855A3E2E93AE5B4866502E55991B82D4388614F2C36B8484A5FA06E3EFFA98
310
4A6AF17D5C2073299D9F12FD63826F67FC460E54030981684E9FBFC22009A3006962285FDF4FC84B699FB5BEF3736C6072F6844C15EDF25883037DE6BB7AFAD6AE164B367812FA8CFCA6FA25725D99AEC5C6EDEEC64ADDA2BE0056002032E1D7A20A54CF444E360D520A5B69816C0A953CE0434A8A898BF18E2B704588C01B
310
DB2133342F5404FEE698957C200EF54E31BE6DF4E888C9C67F5F3F1B41F922777E7FA6332677C20098C59F762F5DFE4A23F9801A3BB6F8A4F66E0D40EC867E92DEFCE84C714FC7CE8DD3DD3BDBF9C781B1C3B549FAD2C89D711808CAB100E09700BB85240374A7209212F320CA577222A7020E7824500179FC7096C714884B
310
DFD9499E027ABEB3CB0226CD293CAE6E0C41A6788F396606A073E28CBE5CC67D584D36CA39D37974FE1023253E3FFB007A26F657FFC901D851130DDC2BF54884F20D5D40A0B7E5C7BCC7CC87B84F2ED820192CCE1AABA1FF24ADBE1D03635B5B3B53D4A5F84120125FADC36A0E792D3AD7E255792CD5241A4C84171F110409
310
0017DA493D0A7790A7BDE6DF326180398E4B0DEADA5C2763825E43E05C388E184678C88CE6422606C017F030366981353DF03A753DBF6370879F79889DD0BF75408724DB53C5B0063AB6568D02DC47AE4627B58D7E367A6000267E7840C23A0940B992DB98ED1C4731B4FB4DCFB6D3EAFB6CAC7646F0335C5031888CD74E21
310
03380260AD47176D703960230370FBBF28813524C17FFFBD6288BB28E4F905ADB4A788B40B4A6201C1878BED224DE9906C4C79EF32EE679B9F5D3B5DFA137327320643909A823F62106CB8F9BFE4BFEAFF0FC7A6393EC7F64A698EFF8ACE31BA05ECE6DAB6DF124118D1D13F892F3D3530602E3F3ED3D59DFB821ECFA3D9AE
310
85B1ADAB9E328DE738BF55D5DFD039445AE76D0194180F57B15BEE5F09C07F952F9A10372BC894CF7DA12CF6507E2A8916E0DF430C519485C55D61EFE209912D8C32866214E121611E22A0B1238DB18E86636A3BFAFD5B4EE02FF1E505F902BDF424D0516907BFC95EF3A76B6B3872769D67E25B548F0DA46E2B93DFDFD5F2
310
B9E9EEE1EE1DCC7FBE6380DFBF38A165CAC73DF912AD76A4690D2B766A3EB4AFA2D05BE543EA20B095FB17AE3F1928D84482049B659E671A4763CFA567C08824913D37F2F92F841FC244085C1681225C04AD6DE1684831682CE0D6096B56101C0D4FB3A1BD3F11FC1105AECF5660BD3FEEDF162B0D9DEC6DB55AF27FC98050
310
BDDEDFF63ED14B01336053A19DE9AEF5F5D9E9D9F9E19ECDADCD497BCC57681922F327EB41FF681E17C1921B04FBAE371AC69E53F98183E91B84897A5DB164158BD1D12FF6F6BEF0E02847727BF2628F9FD48B6FB11DF6928C868B29590A0606F92140D0C08850DAA7DD8A5FE8A50389F61288AEB743E9C801BB67DBE0A7F6
310
4F63BC87770FDF57AA73FE1F5A84F8DD3AADDFC32087FBC0A7D645C327B97D65E7A8BBA76DFD9BCEE1B1CDE3F5F7CE4E6DF4013ECD7CB60BD1239E8A4E9A5722AD9C4FAC8F7FF17B214AF8801950430639A08E3ABD05A0D94E253BD5951C885B0CE750309070555FF21F2EF83FF53F4E15038B8D8A244740A5C9CBC120043D
310
A0B323FB1DA0A4EDA268C05A304619505000BE10415DE898809DB6B66896E60AE347ED3D6DC707CB7D5B5BC374A158EDC343D0EA61C217D4878CBBDC1D85686782C3CF4272E7DCFB5E9EF628F5A95AC1AC0C6848F5771329EF8DF2BB79EFEDEC8DBEC72EB7F245287FD4B31008AB38EA4D52F2BF57167159E3004CD8950E21
310
7DDD6F699FC763E9D1A0AECC701F7BD4430A3E030374066938F883C01DE40E7DAFD609345E33570F4CE6BE467FBD7F793B5AF2A9D331D86DBA7BF98067918F9FCDD609A0384B523F4413B574B818C6889FAEFC5E7B8F90CEFD62BC2C85B2478D54DD076635BE434FCADE68B3ECF1C8708E27863DBEC352D87BCC7A92A8E135
310
700CDE65BC114026DE5DB68275E656D2C0D4087293D43BB4C9C14EA83C0D806783B40DD7CD4F19EE9F33801F55A3F1FD600017A6CD5DE607783D5F74E34680E7DAB98D99F6E5B5ABC7F7DF19D8278322F6A97FDB2FADE1539BD945DDF868EE2B8B70D9EDAA45D1BB0A5801198CF1DA891540474745BF0317F8A3703E02510A
310
E94B084221F887FE950272D62D4232781054A87C58D015CD45EBF9B70E60820A2056E9D4D619E8494BBFA68B61EBDD8CF52CCBA124BACD4A4077E8420A7F36FCDAF661E577B792A7E1B7E337C7CF1FDEBB3B49F501F3C7366C1730E793F51FA20A9C3D2E9F18E63DC277449054CEADA36DA0807467D45F8A744E1BDED725A0
310
33868703F1392BBE221158220588F30574A0B0893D0515B0B7C404AD0E7F40C11D504C49BD7DA39A85A19CD7357DFC966E5D92272FF06D59CA5A6A1C8AE30E52F1247C1F1D78F81887F9F3E387075B170F9F5EEE4A7F5BFC69DF02FD8795FCFFAB472E7C88D563DA514861B85BD41594A75F5E866BE69471110A9F75C8609C
310
7E6BF6C7C727431EE3E9E3773D2378C25226E82C08104A57ED273FE0921D6990E02B006BD038263BA360355E8DC446A380F0BA35FA9945A80CF60DFD54054202F91897C241C147D59F8E0FC67CD0F2BF377A3463F8BBBABCFBD6833C57E214AC3F5AE9C2FDE88852968F20337972C7E04EE5658223008AE82D93BC37D8DDD9
310
00BD6B16EF221F0D4149045D740A8A215D4FC186C658E01994B8CCD317465828704BB630DA2243B3B4ADD3EA554A97408454148C04A1A0CAAC2E04033C04073851F54380E0BF2DFFA43FAD3D6B574F2E1E5EF6E5F4FEFBD1CA87C161FCBCF5C7AAE2F726F814027BAE10F79BC3D765D61D1803952210A9AA07F8C6BB2105B6
310
1145B324F96014EF223D4A9261080239F03FF6F4DD4975C183B887E081F7A467A25EAA0C94028FEB808637768B07400A8235D4EF33143253198900E079E3FACB0C59B00F827A5785A6FFE2FCF0C0E6F1714F11CDE5140D931D707950631F3DE877F300002000494441540ADFB08704E252AADE1BD4E8DF55796A32B9B6F177
310
37C67702E5C638682737286CB0E0A89B624D5BF28222432848C9AB8C07170C97B814FF492A61072407D638006F7C8400860444C01B1930A522788045633DFA9507267A3A42BA05925BAD705CDD3792FA23C1075C6EE768A673919EB6C3FCFE7629B7310AA794CC9C0D14A1FB88F95C845BF22543F57996E0B26C9E4C2ADF18
310
7F979F8A55F11B47BC26594C52588518D25E6C2B1CCED231EA1B748F093E5726A21A54C91EF95789041030C20FD5AD68613432E19A4D0DA2505B6BD843516E10BB00AF9AC315EE9FDB39CC1F9EA59CD88F9CD071D470C86C4647FDEDDBB1CDAB81DA94034747A779F4CED497CFF817348F69F52E55490840E48840BA72DB71
310
F3E84F6DA2F4717AA928F153DA6E4C7E8E00363CEC9A2E1C8E65F298FC4A52F087FCDEE5CBA38A80CBE11FF7BC2AFF249203FFAB77A128A001B1987BD334AD9B901890A8C2005B6B248196AD09C0025ED841325B31845032E327C531C839E66DBAB39566B631C2FF0A1DA5A3CC47E665AD8751B47CFE33899DF047C9F3C365
310
E3B11278D49DF939298E09002F6430F9958803309827A7C791048CA070061B7E9A64C557D235F83EE24822E5EAB805F9862F20FC58F483DC0EF02181F572930205107E00E523861895A2811309808F2B6C14B2AA579E893753C155D2F54302007E9FF36AC5FEDBCAD47E182D91A73920CFA5C18E01F8FFF4C3F1FF553BCAD0
310
E58DEF85DD63B91BE38ECE1A9FFC4AD4A1FBA30D462C328C5A0340DFD393D3D3D3C0659195C96990F391EFF4175213BC74C020922D4830FE215E76940962BC0713A3B82784C0CB6623DC40D6E1485BAD454F6892200B225096127FBD82D2B12006BAE2E329C771E25FEBC0DAB3B5395289D56D7A8A89081B34EE06F80F819E
310
FE75C67DEEE95D227E283FE98A7B9F1C97D2D05B4D07A469153C3DA3048EA68FA667A6D90E291C7D7E2D063E4D044964D055F2DBF3E31BB851AE9F78A0A7314F0AD24901F581D74A6929142039C65AF5830D1C809536CDC05E4BA51038F79D713DA930CF18BA3010E385351CF47F74D439BCBC793556A1F99814926AF12835
310
E251C59BEA3C083EC2B2760FEBDF4304C9EB87B35769E1EB24B648542CFA4EBA9EF93CD42F03C08F249A2C98897D8E2225E90077823F4A52171A61219998CED6FA050992B6B0A74A2220ED12123004FB977084208F8E2AFC80F456CB110BCA647A3A0F854085D84FE0052BE31FFE7F925610BAFEC06FC33F9931BF063F39DB
310
3D1BB20EE357F594045F4226131578582CB055A59A073AE0413989D215019B6EB8A21CF154D71164E0D8F4E730C2CD382D098DA5261456A425643686BC8301710F2C50665881399156AA2B4C3191BC555728384800CE10040F746A3D8A80A5F0E500A93456FEC52833BBB45203DACCA37FE1D3EE4B9BF0EC27ED47D89B8266
310
F11EA2DB8B5A8BB93EAEDF0C06B7AD0402B9EAC6E787365535AF19F15158308A9D9785C1BC1C01377F8C6B4D07B50DAD25649764A91DC9812C7B34CA98184084F7C01055466B48058CD44085AF26648520C85C41C67805462D8425680425559F4440F3ABBE1F3F81B1EC72708767DDC8FFB6465796C8FE310FEABE0C9B242A
310
74137EC3E0427091967023299BE5D6D4D0C6D15747DC2AEA4ECC57C72856E827D33CBD319D70FF854369EB841282F84B7CA4881447ACFCB257E252E00FBB3272120A75B99119840858486615636E0E0334031AAA8C08A62E080053A0AAA4158431EC727A084021D41CF5D630C94184F6FE7432E8F5F9A4FCDF3EA7CF136FC2
310
988093F98ED622E38E4976E1BF0CF49D2889E6DF3566719FE1F9B47A2D3BF89C69155DCF24F88C609EE551160F0415900B4C48FB013D8900A9192A700748002924771A3686A0A580FE4009E00ACC090253E280B90AC15048E047020483A038A60ED232831F2CC90498648690D960C48E439F18F4DDBEB0B6F5AC7B7B89F623
310
0243B4FA160A7B9327F3AD5D937C8BFFE5FF8B3A5E64283BEF8EAB9F71159514CFED62DBC880614AA1F7994CCFAE7D8C87057F451733699B8DF87056E1F0654B5021E38097E4E23221B810DE20559AD183A61C2C88A648DB096081E9801CA00BC1DA0124E08DAAC15FD2936905CA8DA1C40E42B13F1764E0C4015EAD7F8BFE
310
C99A310B1B7C0BCC7746D3C0702759C89EAD57122092122D1F857067684A578F1DAB7EAC400841F493A468113282FFE42316CC74C756B1C880FE78795C692813CF4644480EE9B02991BCA257A71861F00666D9410288487618D120D0E80D7773E2B7DD180E100EC98B221C94BFC4FF531A09B986230F1CD08378A8E4D0FDD7
310
D9B1BC75F5C12EAD7FF83F3ED19EB018620303C217A6A35D826E72ABF2D8E2BB1B783F6E48D2E3F360806E1D192085D022103473A10375B63853EC54F500B5B064DBC20945B88160DCF7E4F83A0200BF6FAEAC88E9F54D22D898E43F378D20B51B5D6B1457000922202800DD401A9266483029C0D6D57ED80D42A0E6E08835
310
F0F3AC73D7FAE6D56185F04FC44472B854EB7D9CBF7134DF3DDC35A9F6B38417DD6F508B37C1A718B0D054124176F7222F62DFB327F34D451799D56216880193254FF782D7DDE26C271BF38C6E422E271CE4AB8823C9510F021126A7A944E00DB4031D013C88EA0746C96D4574069BD5439C4110403B40020C30B07A604F1E
310
41D19C21A93FD9002DFC35F23B1E7B98E95E38387E3603FE7393680410D702FF9ED5A3C5E5CE68B5827D721FA78F3A9A0C08A79722D9C9B418F46C0057BB1640C70AA4A03D29CECF33987596D53CFB27B32C3BE304C540E14BF8464E080918268D254838C91A01F0FFB99154FD8A9C0495EAA6534A6C464440B4A71E16100E
310
7405088122A35F7A511DC003D002E6C8E7E15F6D1D2FD09014139EC11FDC89394621F77B9F88EB5A583C41E2FEDBC8F82334494C0BFA97FF3C3A34ADE60385B60E5A30CF036E5E75370BE3B83AE73B3B7DC0BB337DA0045299ED0C66681E4AE223D01B1BC3BD4C921E2005FEB5114739040758189BA8A320067B62A3995E47
310
20055065AC2B4A8006BF8CFCC907C0063EACE41813C5F017065AD46CFDC6FF1BFEE052932CA3478C8E5A6F25DC8503D40F61FC1B047E4DFFE8E84407C81F1AC7B5C79DA358551CD0D13785A9AEB38D6EB68A0A8087FC6543E7471082873CDCE5CBEA1EFC5CC0579469E225428E9A43D6A6000B4219DE52E8DF00A55F4BF503
310
5960661C2DB88AC1F67C2890A93FC420193C8326409E7B595FBBBA9AE1D1511B3F6D65B09AC10A71C2317201A603E88C56CC68C91279E83F5C147787EFE6C675F00941D23EF092920330982DF38C65EDFCA89DA98E8ADDECCD77CB86D85118F3DD9884820B1128010D02F1060F582871CC8FF42024C02239273A1CC3BF71E7
310
70DFB7E96081682803188118B50310BD620234F230B12711B063E0F0490FCDA9248B580D3D3DE944A30CFCF2A1E0F6E59E8FBEA289CCCC943785BB8880ADA9C2FD70F6A13F5418444E3A669273C006C4B4EEEC067827539FFBEA9CFF04D84E7F170480037005AAC8829084329899F90B5E013927F8E646514B4824B01D11F7
310
2C012CEACD163B6358A4454A4221D06E68A71062520649BF9E9127D0772D6E5EADED52FF216BC2FC513C7D3C5CC4C8AF009811826AE20203B076A2AA66D8D32E317DEE0EFC000FCE16D9E0BEB17C74AB009256C5D8AD1CBABBDA61402612C675FBD72D07E633B1A42F2421208CE01397560811204306617A5141706105C9F4
310
984C459F2D0F6C392FA05BED808512B0B9A8A9FC6CED89640EA347D31F0DF76D3D9E61E800FE9F7601BE4C9614A1C58E6C839F13A12D0EB426DE6386B82369A9E6A7F1F9146EB578A2EF4289AA109B4F6CEFEC0463E0072A05CC9DEDEDFE08407B173B8AA65399C80B2911252E6290C82CC1B8909140C11B7AE161B42B9390
310
5045D017E00CED6D27AAA15F2C2179F1E83D411A7020B9408D202381E7E5DEE5A9E7E5CDE3B186433F488AC81554BEC09BC579018ADD1DCB3D9D70F02B14BF9159A4DA376225FE43DA224FED327941705DA582B2FD1BB5DC0540667B650BECDD1D5DDFB0C7F36DEE2B94F6EE2EE4E426F20A1174C31DF153321A24114C4FFF
310
25E505475F6906D4149B21F1BD9D9DF7B059F8E0FD83323CB97991FE80EE131A9003B81C491B218B1D42C0C0D593D9D548003839DC29A740298B0C23F0CE14BB167BD61989AEF0B985C8FAC8F923A73F31953989F0F6C96CA6C4D0A9A88184BEDBBBDA3BBADE77CD8E2FFEDEEF46184A86671D7DDC51417477BE9F04804F30
310
5AC82C2D018A21EA903866A0F959FBD4139916D036635EE03DDB7408BCF0627A03027AD314C09B0A27F0A79490D53839D0DAF1416995CAB24101FA63F75029D57A4CBBA9FB4D120ADB17FB5A999FC9420DFE04FA670430B90FE7F589F7FE8D50A4B5F004CE5F07EB4EA007F8AEAE8E8EF7DB3BE2F81F42166C7246FA9E62D0
310
2C8209BA1024414C483498B50229FD923F2414040B2081390AAC353B5283EADA12A30B1080866D746B9ABF5BC107F33C2A015B275480759334B83AB02175EFD0DEC785DFC505E0064F4EBA5A97073A74C5C9FEC97BD25D819E28AEE661FD2732B8BBFB1BF13441B3C1F45E8AC1752BBF80C113DE960E0AC7D9D02C58C80505
310
A19BA0E84B14402601A590A4AE00A825E98C3212342302EE10FC5100681F86834A2804BC409D70270A2091DCE874B16BE0706C974EB3D26EFEDFFCA6C4579AA4DB781708469F055532A7046C6BEB0CF39F3ED2EC4FBCA3D00EA91CA68FD2B87B5C191E0EB2C300F00A1C9881F263571C6CFD83D079D09F176FAD839340CF03
310
0F70458F81F09AEE1329505150CA0A00576B56C06D58070B23086F685E44232D9D53DE3FC3731044F286D19F459351863F749F1104198D6E14BBC68E17CAE70D7AFD958E350BEBBC70C9C4DFBA075240DA27D40AD7DB063A097DD3F041EDB3E4B682A7A12A548F3393DB01945547175879989302521EEB1431B08759B632B1
310
74E0F700E774FCA1BB83F95029ED1A084288C8893520E49415E00DA080AE8027C34206D35491D050A4C6B080F6A20889A2FF82379AB6234F6710C05F9080ADF002B9C9F9C583AB220F45D618D7E7F7547FB27CED8A8B7A7D24EDA4988B0C1C2A1AFB53FDC61BF3DE50D63C560F0120B0372F0839DDDAF13E583B868717C1CB
310
8CC71D1D7F440CC82184803144196EFD58BBE00B7EE77DE8C015942357FB06FC906A5E2B8882CCF9FFE184B0035A5CF186A962A63F84B3AAEE3D5A2C830008807568B6A9F424086D2095A3E262DBF124350082C4B5DF4704A9D2C93553DE47BD6766B69349610716999FA25854F759CA9792599D3837ACF6247CE8597B0F96
310
0FA3EC45B61715050260C5844FCCFEC9666BC71F875B17E3BCB4CB151405D7D08F846B4CB952248B4603CC402B609E90F0044A007FA800EC46D07A51232B00E5683C55D5096E1374DA4FCBBDE2C25A5B8D26008227CA7758033D7D70DF12CAF7F247939F93F1CC63047D63ADA0B7CC8771B234D8095FCDB577B586D1834062
310
035670E204B245EC093FCBE15626C10D210CB38A13F50E10A0D5C0814B0C4B30AA9858516001669002229618F100767AA3D6D2528595FE7A398C2D2300ED0013A0AE60B91644A057327BD3C36BEBF48C91279B45F8BD145494674AFB211A91977CB838DF35DCB3D6D6AA2FB2784B591ED785DFD7DB77747DAC9D2F7674810E
310
FC2895F9ED8007EC7885101679C06F21E4B1C8A6120956F80518D1DAF1717BEBFB5803E20C6F2A11B2E48AFF4AD2810A70054623E341B3D1ACD92DA91150DE631EEB2C28882D092049C0DD38E262A7BD6F98549930C9D44B7C37028AEA9F8C5628A2BEF5704C0DCB2B428181B1BE766F43014498D2E57791E4C8DA6BD2ABF5
310
003F0C40202E2E32EDFB02852D16C30B7F646B98FDF86C7891690043128B0A0DE6B4EA27F08C30CA34C9D0AA0852A5997F8D11A6EE84E040B20472020256F4AFEBBB74E6705A12083B249089218E6452C8E5A69717E904A3F5EF3D5D08EC1F4D4E85086B238CFFC11AB9AE972CB775616C6D1DE04DDF073B4DE3747C41FBAE
310
6072901CAD0237100670C5A00C2C3CE063610ED824826C1F6650700E88C00B62468903A0D71D3A390255AD7040048348C56C4647413C2C2561216E0C469203EF06A5B101AD40D0E207F78B124747DB5B4BBB4E88B1C373C114E0470B345156EDDBCE1B4DBDF81DBC400746B0B54E05F693707B89A5E430982C2AC7D10DFF11
310
D5B102B9505034B35D07E8E5F585757F088B390F2D4C85CF7218E8418BB4F25B885053D07D5A908326809F31D6CC6B77CC948413B28664484439D118DBAC27DB5AC40C1AD166F25E6A2F0AE82100C0BF220405323E1FF80DFC518CACA8DE1003F3C9FAE9C7B2D60703A0004F8EAEAD2DE0F5485452D15B77B4B67F4C2403B8
310
D8F9C533558ADE058A9E177A1698F75DC0EB4C800F74C0270178C8579C1FACD025F0560844502D2BBC01E620030CB93636C1041636A693949CD80139FD15BE107F905590A292840F8860706D07E2970A2F15E5B13B87C3143CB2930374CC46A6F9B9D7A5CCCC14E11B9E879A49FBE27ADBD6DA82410FBB94FAA8487D61B51F
310
4BE0A03FD08743C31020D6628ED20305A22C2C2FAFA7ED1E7881C438AA5B9035F20759E243C51F34D0D5F02F11403B9E204CC1686C0B6C9000470561519CBE1B0E4FBEAB37A39EE4B84C05F023858779341991F36D9D9F351E7BB3B5ADF00148D9D05784F9AD8B037D48C01BFA83D4247F03BB768BEEF973A14E610090D4B9
310
6B1EEC5C5E66928F28EBEB6CF578B067DD83086081579848E60DFC7684044D8174993C39F886043481F6A2B743B18749E52447CD4D230513032D20D20206E536E15BCF7B7D211634F98FF9986287F33F9A94615A5A0A7CACF8DF5DCC1AC6EF9AF1945EB78E0A2FED1DA2ACC00EF983F9A012260BD722EF61C9DBCDD8719703
310
ECF839029010CA0B9F100B1D2842153E01A1A3837AB579516A31982FD2908A09100DAE591016CBCD4B011A2F4DE299E1338CE065DC4841BF9895D8C81714800CD08F5AD39601BC929B55D291F6CDCEF2AB40DD5D98F4E6F107C47AEE4A09A079C05316F479DAF4C2BAB83221BCC0CE23FE3D3D4C7BC9AB673D89A3677D6020
310
F6E182332028012FA0FBE0B2668FB85485902A8E7FA0BA2105C213E20BC2169211A4BABA7D693C3F1DA961F203694853137073AD5CD25F1C017DE0477626D7BA55B88F83B5EE513C41D814639FD1BF759171F4577D3CAB0C3DFF68B2D3B1F8478C18F67BEBB2598FA76A4545E9E961BACF657E0791D2373030E0EC9FAEDD17
310
BEA7703A738185D08236C407448A4CB504CBF01FF43859D3115488EA01B55078000DF085911805790DE1B41B6F8CB2889C3834FE02AFE07D85143C6C008438A944EA63E047023A7EF37E13B0903AFEA7BBAB9579330FAFDAACD540022980B65A75FBA17D388F1E6576405CCE7032D95BDA420E7DC0EFA320879E5F8B3B04C1
310
D2D9C1114210C19FCC49DC6A855E12010184DB8968109ED016E4683CD552A36B3AFA13BFC2114068935A7E774CD2C7225642B73325938052D8634ABC18DC9442BF9E0402E85B42F9F3273672DA8E8F1070405D1DC3248487574CD98092B8B956E6AFE1566530B78FAE05B4A0DE51FBAF85DD075C7E11939F80E015A58D1F87
310
E400CFFD2306C4D1D3C634380A201545A92BE01F445800BE12302AB477BD6F62600D211232EB061448A0D2B877BB940D63D059C37E0569A83DE93E214F4BD86209FF6F479C640AFF8AF6D1BFD987D029A94DB7C329B4184D4BB013BF912FB88FEEF913071A8D82B651BC10DB067A7EC52FE1B421883144C00F64FA23A11CF7
310
08BF16CA59F18D4C04B8085964B2D8DA4A855187000BE440BC816FFB13374640B0EB1D0998AF38A1AEF503F14302E2811081FC12EA6CD38A63B33035125F40F170C0B0AA45E9FCA38FC6D688D48563B5C4B4B7C359D3C7AE0EFB16ACD5E2FAA47EF8307044B4EBE1C71E84E742D81431FB06B90B600B9C239E277A57C94C42
310
7EE10E7826980C0136600D916A06058CBE8604DB4D314FBC014EDAACD0820F14BF75449B70339490FE5A0491221BF95F949DF1235380E969AABDBE2D32EB4403D3FDF17F42F9A0A7C28ED75BE86BDB7C7EC80C76F86B8800F77B305EB88F00A4352E0F8089EF811EA02A3DF08F7DA008F803BE4B4EF5F41E56087099E92070
310
8C3D720916444440FDFA013D4E1201414123A09290F5BD7AB729298209C4306D007BB0829FD4EC3A6D7E4F00B67DF38CA0764F832F0448E58439B952CB4F70DF964AFA74CCFDBABBDF273E2FF4F56D3DBFF2A78D42FFF2755DF307066497F44062AADFC0CC546F6DCCFECECFA232E14F408F05477D311B683A35BC245FCF8A
310
5CD2AF20022C21022266905A5BCC8B20235D6FF04019CC04058AC80023662E25F342063165956320BE50370F2A657BACC817DDA3DDD3EFE04028645780A768FE38DBA88BF2EF3ADADFC7FEACA952E5A77568ECF0C971DF32BF1D24F8486B22A649EC81B1B60315CBEFC026091CA45F858D7D04C1B437079431E63E38F88075
310
8842E780A9E03791C0FAAFE10012588C3C592FE35461A6047802BA18686887023A422A49599399893103942CF6DA53A8E387825FA0678B261F139F801E2B17C901D0F5217E07AC2401A87D0480F753FBED44FE949C93A1D042B879FCE499B3D861AEB23F9C1F372F0C24D0B7D6E70FE1AAF60F84BAE642D82F0A9F53E22783
310
915518494FDBC0AFAE7DA282E5050B703570E06319A015E00D693A6BEFFAE493941C3B08C13B96BD20D0115A9565701DC58568A3009DA13E965765C03091F0FF339F7309D44F6E61F837F1B1FF920450EB8FC48F9B40158BE89C81A597CFB0DAF5F5755D3886DC13D4479599B583758CBF35663AA234F133F91D3BCCFCE0A7
310
94367F385C59B19431780F1C099131384056616E15A1563B50021D369C593FB292685A68A8B2A50A0A2085CF05434617E05FC24A6B077B990014421A68401AC4D65788EE25F737EB780D08A6E38F060F2ABD889E1B889C44852C2FF368C1E3E710D73B6589EA83F7417B341ADA1F639A23D15298F087AD0326410E116C3A1B
310
325218433C71AE62C07C1480F1C045629724A076A4BB8D622D24690486727F56108D07046DAB065000678E04C4F8C342DE27F4AC102D854F2D08D59B4ED0E4F697B0FF62F113646BC5B7F3131D4EA8BF8B265EA3F2026E7061B96F6DF3D993276B2180B8E57067587428579460551049049B074CF8B1066C7E14C705F0B392
310
98C0997C17F701097023BAC31081390196801FB0C2A12380042927503D5A01CA127F9841B460310639C674BC8CDF1A320501448E0068905B07F6E5602F8C1F07786253438CEC51AE61FDB25FF71B09893AC026A9EAE3F30F369F5D5EAEA5801FBAD3C98B38C13EE017B054F81A56F05259DBDA64FE270B1FC4C77200FE276F
310
E814B916E222575ED717A62A92956504605268408CFE13FD61F84252228376060206802B9550F00B9D47E6AF1022538A752CF4FFF1F5931384A9FF8700EDD4FFA2B93FCBFABB3EA6C607FF714B0B8B04EBBE83B52B246092AB018C0D0002FC490849F1E214AE6FC42009D6D86616C835B65DB9862EFC4480C14137603C3089
310
D0A5588FA27E693DD184131BA4E88C35045ACEF1CDE1A82323C20B842F2419604821196EE8185BC834AD44F8E9B7549A32900196E9ECBBE20FFB4706861AACADBBFD9B56A23FFD3AB8BFACC18B1B5AC0ECD7B6AE2E2E9CCD2BE8AF1B1BC3A813B94107E82DE67A42E7CC7D4A6116700B5B2EE3C338A09B840F07C40A64800D
310
7C605AC42B72227C4C7020AB1F20056E26F542717F56534261DE3766AC10A6ED2D006DD03BA9DBA507AE0510A8B385C92363B9154167F1230C40D76AF6F3BE0CA08F8BA2FFBBCEFB09D0986550E0F0EAE2F2780CDF850CB0F88CFC2815FE87BD83909F474F45DD47F1C821DB2107A8817FD45384F57891B65F2543D0C1E20A
310
89B4A8DF806862AC27C60F6A054627FD344250718AC0FA21CDC4E28DBF2650D1B39D8B8A420C348A4F846E2BE824BF8C45E1DB8EEB52F576F47A75FF95F90FCE0FD3A7A08D48D5B9AFBE3EA658E1676FE3372FB57F0AD8D70ED4AEBA3D4C2BE0AAF1C3AD63A6004D12900CFC481A47430C9EACB390038642C8C41B13303166
310
614210592736B8603AD4FAB17189DBB32F3915F0C380795A089A15228460BDE8E52203527D41B5470901B088D84FF8B3FE2BA7F4FD30ACAB3DE0B7E2FF95807AB0010FFDE3A048F7360F9F3FB9380EE537F16F8673131325D3351A3F664022020811A0FE8C019CA17370725CBFF64132025DA1BE2555102212E80A907FB43E
310
D80A991A8AAC183932C19AE17524B06590B6AD286EB99BAD18FF4BD64BAB519202F992A963648ED30E7521F909F090C0213E367A77D8836BEB6F34D92EDA624183070248351F1A079E5D3E7A9EE81F2CE6678F92E299EE312B6C0572C0A7B5EEE07853612403813152C7125E2022A20C18F855DBAFA399817FC97FB6E1CDCA
310
31D348434ACD0012F0D32A5456B4007E6E92D72B1A4E9971223A42C1042819E4049C0C5801300C0013FA48F8944FBAE71DAFC27F1826FA2304ECDF3F6C10FF47D5C7E49748DDD687DE8E91C09394EE0682A4F84CFD6067EEDF43E67EA46CB2F4070160439245F00343D03BF25D7E2F26FC400A896DBF19FB8D4D0A66DA669C
310
3D608F9CD048A0533621B25690EE19D5D15248E390F042B12C682511B02BFE3E5700E4C9A9B2107A8F45248FA48234FD23005ED1F4EFE80D1320836F04003BF42856D478D1DCA3ABEEE3C68F9F30C3A16E5C238EA5DE3FF37DACC2F8B7980033F47FAC34421EF0418A045394802CE032D61C70023D788136788613887C0011
310
A4EA316E005718AE191F8D0D841B9C679CD2FC478442D005429166F5A24403B1E6ACF3298F388B6D0BA933D92339D48969A5C11F09B4FF017A9900A4F887010C474717E10F36468032FF33F4AD610517777104CD920C3CD15FC5F3B3A0C75BBCA3B00F2724863C10BCD4A0E00736C7981F2F72E4B001438B99714FCFAF713A
310
2603BC710376A1715FC602022202E06FDEBBC680A3DF1C4C095A12C50B554FE7623B50374FB2129DDEA4C392C9188077658C87F55FF92FFA507FF03FC8DFD3F31BDAB46DD51AEB03F7E1B38B8B87CFF47EA1479C3EBAD5C6B382C221C0F1B358B39D76D9D3142C4A20935F541E492E0EF081BA41B3620A8E172B584EA14856
310
32E22A8221CEDAC6110AFA4B6D43E2B76A18AB240BB24337721C9321D2C033B2D3E2641A55A400A28403C12D1DADE39AD23FC5FC08C47A64DC3FF6DFF76B5235124022D7E6D6D5F3CB870F9F31C96FE477FAFE54100068A3A87FA5908A2C08011CF31309C10025B089FEF9C510522B8DC07C30AA469841723A10C08E27F00F
310
7FBC181C083F2809EC3B2B328E294AEAD5A071B3A95C81D2DE3F930372D022C9C793535B92FDAD5426E90490C3C81D000017C6494441544698C416520C1C40C71FC204B22448FD9303782FBA67089A1A7D4CE38E89050FEF5F1E078A4DCCFADA058032C34C1CBC2E1202B1F8962B1A8024F0EB7A11F209E96FB369D4B64202
310
FE7BA230AD24C46413536EAE955B341B726C593B5D4630C0BE822480908522B0D85430230352618DCD4F7BA6D568BF4343801480006658EA3EDCBFFA9702B4FDE9022163C43F9B72B58001A23FCE6F0B3FF0E4E1DDFB9801A6FC42FD0132CC1F2224F89933107AD30B6C9131A53818AE944BE25A70810821C38F098411980E
310
46D108F483DC63F49B91B852351604091D60546702F58A3872A1716411B642C7629C267E64E77719F46B0548FD6BFFFC86A38DBFADFCDF700228C124C8664FAA02BFB1F92B09800876FCE4F2D1C3FB4FD0A44E0106A8DB8079751CBF0BD9340066C3D52BC64706467C05B5A54401BE4A1B0132A55EAC1CCCB10D378A3DFEB9
310
812022327745EF2102886A9142C812A1A2C9708027BB55B7006357459F9C2080E0BC34489FC629510F3017B62D5073E2A2C64048A0A42580E413BA9E08274091A398EA80B5BF31C87BF5ECF8F1C5DDFB4F22AAC181F070AAFDDAE5650C4000516440D8806786D874215149E69ABEC43FF0EFC820FEA112B0522003C84BE03F
310
B76623513B6D840820358B084119B0CEC8C00AE888826339A54091F5FCA513AFE147975BB1A86FC50618D9D74502F0C7C8815AA306602FEE3A5E79E0D7DED1B221001118B73182CD439A092FF801105D1AA14E1918EC282F6260869D55108065988BD67F68E5581720A708051F7C8070F582389C682BE53F2AFD85853F2A01
310
3D21564028E06E79B7A71E43212180A81541EBC88F451E02385100491AB0C4A3BC5309A95911E66D04C0B448366988ECD204C2FC930F8CEE8FA410EE4C25B58DD1B6EBAD83F6196670F7DE635282C0A56A851AB035831725F0471A10FE52097089C80495804100318405F0DFC2136004B4C40705EC9154315129205EC35793
310
0035688F61AC02188250CFA9A980233925F16A117A48CA54DAB6400221976B75D863330942E20EE3B00B08FBB71AA813B0E502FD2B023DF70114E0D7DF2E2EEEDE7B789504200112075478F2FBD6897835C91F0C20782401E801A2F9142700B74805703426023A81CC0BE88B537D0003E0C5181D29EB8D83050964DD258091
310
0A1E7A8138F76253DC01DC2F3824391AD748276C0B0CDF12366625D038603D0003E0266CB42704C8CE7FA7F11B4D59C0BF454A78F8FCF1E50513715D469607031272358F04E0003C90107223A581218F10008B10247CD20D860FF0BF48801040B361808148714764028EAC137E871501EFDD97C89B52107FF1235B0928C562
310
530082573CE137840EFEF82A0BDC602736C595912FBEC69E6A3A26903B3A300C5A098A9E3F1810CDFFBA019D97B4E7A7A075850F2E92569BD960CA7B8304995FD006FC4213BB1448A6F4BFBB3A9F9FC4962D0A1369129B10073771FEDA38B1737B663A71C088D8848027FC3008DAC4E4397A6F76271DFFFCF77D6BD7F1F67D
310
A51E0E08875A6BAFBD6BD7AE52CC04A0B4A2206F650EC412841A48258258E8662C3838FBE21E25172C2A15A4F78D82DCF68A005DCF07047C183E1CE47731BBCCB5469D9169E0D588945BEB637E87802A03D88FB82486210D28FB3B858D13DC7CE75F5E6F3B03C1744D30CC58C7C7A256146853A05243060B850072A7010CA4
310
7CFBF9A1E24F414037B8781E8E9F219A774B36481CB43E48A79819D638C8760D672FAC19FB9D3FC5EA9158DBD0159C27860409682E8FF2595652FE189D2CC2D7C023E944158355806FC320087CC74116030CC376C559C098B93A041C5DDA48AF33827D2327DC761D19C17CC62780D82A170E6CE7415A5E7FE825E053048F88
310
D2AC2A561CA4D4C60098DA28EF1A01382772484698F60C8DD24BF396EA76260542810A625978C03580A9CAB91D10249BE579B0377A3DD15749A45F24C4D81FF3D7D7996F6A1690288008C0FF6CC186DA9D5FC95BB09B1301004B016E707FDFED306A1BE8FA208828F00BF342186839839F1F6FA338DC5A0200FF383DE92614
310
C03A4508DA18F4D85F9354F7E867AA77A42FF49BBE6757A1A7454448D0BFC3C220714FE43A3D8F1547BE10F0BC5A05985AC3C28829A06FE24CD062700601F4AF12AF99099B08E7071DC4626A97C920C3FF96E190C9D1FD7CB6163E800D79E5F3F10A9306C02B799E80F1AB380E0571A584C0370A220C3125000B500900D96F
310
EA40409F980E2083E4EDF4D8D2480AE5667222E020BCDAD4EF19682120818FE18EC7FD6AAD67C03F7DF1955E697456F517AC4F24700C30171C67E9168B109A4F60AFA60F98BE30941BF776DBC7C70792A2FBE98AAA97224F8BEA39B47BFD14A8CD03320DA2B676E3AA397E652E30A42CE2987B7DA1EF7F75242413800A04C0
310
270C62A13372400B435ACD84B8B5009208F5AC73EB149FFF3508E21C2201E0338BE07E50EB47E7FF6D97724A601028C5519073E7978EC88834410450E074DD58AD13A4900103A6444A9CB99103229F0EF8C0C78161EBC68137240734CDCFC349807851E0EB46CE864D2E405ED341B71A390CF2DE20CF5193189E1901E866D0
310
230409684B193D17E2928534D04240937D3C84477494FC5E0FE0B448E35AFC19007926C1C6A6E622FDB8A12E30993C6710E070397C4B26304C0AE38218D19F01FFB15BAE1C0E7E74DF75F2406E373C414E848FF8E500EFAF3C1029C9C0ADAB2313A7426CA9B2C1B9E30032C84EF31A09A88A386F136E8C2F1D582EA0459207
310
015F10F1F001F0B1B7DF7222011EA2001F00BFD36BAEE0850928B08C077030FE3806C880EAA74BCE0863A952812E6008B3A89199C1EE918AF96AF583F1A073B0A355B9D861AF1460DCFB3BFC6B7EFDC834B09700CBED3510E48DC7129041C991F06BA5006CA6B5B34EE21501374E8DFC910042036111EC9C7CFA1C05D48A72
310
70F7F835BF04A4194DA4CF76CEC66718C84CD020D04C412AC848F03E3C61A1C8D50D0EA6838A00376054D3DF61A0E393E1F8B058A6C994093476D601A4A06F0CFD3C0A6BFA910E75CC10400A80FDA93AC9B5EA4303F6C0D188B559086091CC5910137772E14F2376D03181B5CFE74C0EA38440D0AC256D6C4D104CE05302FC
310
C00B60B9CD4D71E08BD40C144A025E60D4C1F45FE846A2105D717EEA84808A5DD90A168E133640311CF05DD870768683F5D2F1800F485AEBE5CABD8FFA3C0BEB33702493AEB551B1EB035EF5C8E5757FA7832141F88E8578A363802B560007AF93D7D470B478C4D00B412D634C9140C4F9275C00DCE8DFE3C7F8C0AFBC5B2C
310
E82E3C3BDF393D4375D50C43CD1C17E3777CD2C170725B7B42B41DF15BFC344DAD089C1E9118522B4A2C60B794E4E8F33081BB7C8CFCEEA0B2015E49D586429C6C78646180B7710E06018A3082243C275F077FBE412C17DE80D3E6B9462C5204C5D980D1DF84A864401C483CD01B143F4A4868087A0F780F37230200A4FBF6
310
AED325114C367C22512750A5C7C3E32D545CE20A0904183BA10015DCAD89864B3E1EE97EBAE8B204266A48E010511838E2FE413FB116E60880C2D8440AC3880DDA6DF6618C138CF1CB2A09637E18D00F80CB0DC05322E31EADB8081C29410903F06BFCDF5AB46024E4A75828056440503C707856EF0C037623DD4922A400E8
310
A6BD75E4D2800905F18450A00CEE88860C8964C7B3F90F56528BA18F71CFBBBCD2D05797E168FC37DB26DBE0DD2EAEF39686C18440820013C1444055402A541400DD362A0A402F1FE51246404E098249FEE30708C10CA0B54601053159480C00BAA9B1223A773234FE72FD5C3BD81804D8D196FE3D5315A0C981D88D04FA01
310
DFC185CA93F9120E1F480B08063364A0A318F08DF95056E4C91F1150D31B011200383502E079EE43CC18603AE2F88FD139C802A739F208E88D06DC78267C448C27C4113C19B0F51B0E9C1C021CF8F9167C6B1F2E10E461002910105D1042792D1CA303F469714C018C23D72179E165049C40E801CB96CF334562E5807291D1
310
E0C70FE6CAD91656715F0E5C5E70F8D7F83290549B1BAA6F781D25180EBCA93EC84E72A74081CE3020789B3790E1A9E478E658C099BECFF01E530E80EC5FE31204ACFF70AF8177A03059240CD074978A002A878BF883FEEC81DD684E406CA630ACFDE87292822A11953710F000885D6F68A67ED40CD772B0828359B753F7CE
310
23D9479AB9845771B389D6A77130F8C134EFC83947392029B10E4425440A84AF0E54825228FC1634D369874739C837A9DDC83C20D320C36042610ECDFA750303710224D01202488012CA847424F8D53F78AB6BECE9B3B35A7F32396AC6B7444566327DBB4DF06FD9616744F4D3A397EB3B0A3FBA8D763702883ED742FE5CD2
310
4146D8E353ACCF811C806AE09914D8446E93840FF4D6C963FF32BFB6AB015D1D3B0C9A0968776F021F21404B6260CF84A14F35180CE20B5E85BDA2EC91FD5A7DBA7E5705F4F0F97AF26CE18E3BA078138202400A62930FA6CC7882F911A92F33E547E64990B0F27323D73B6222863F86425153FA8009361C675554C25382CE
310
148420C8DCC47A20122806CA178A0918C14CBD33440289078A00EC6070184CA9907FD0A1270478E0B325B67C2193694EDB7DD0F3C238447C8A11485562FB4902134E6AC952FD5320A4F7C780882DA9684285CD81D278C0E8FF8DEC9F45D22DC3C2CA99C2728110888799575B6834BF22B0F01EDE72D7F21B672C40F0A97299
310
9E2200B7C91403F9BB3D09C01990819238CBAE5E7510D7D57450507E3DB04AAA0A3C280064E0775380C8C16EEA4834346A04BF0CE847B4B3AF760D06D24BBB267C32E2C9257DE5EB748AD101AF1FD33265E2B674EED8C01A0AC901392211011AC810560F77778E85B13BAFE3E25C95B70919A4862C15928BD8989664AD8638
310
101D009A80F00BDC41AF27602A4BDA0C077E550048E7F1011410F01405045E1C140B4D0E70E0F6E034171C3D6FD12004FCC1FA304312518910356628A4A326EC9ADF5DFFD1B2C0399503F14B4F8E3E0E4E39A06ABCB56A8014687E86E462BDDE5124615ECDB412B7314F62E6E0C76ADEC0F717B360E741960104CF1706CFA1
310
8E0605004B01AE007869B095ED92144A807841EFF2811C047889A04901C809062057192688C92346F97F279449F89B113500BAD282D1DA80A55C27EFFE02C8D4F395003F285B617BBF0831F49B055342DDDD414378E8888E92C16789F269A27C9A221FAA4A0DFDDB9F935B2ECC04DC51481558A69301E0460B02665AC4DD30
310
C03D480866C3409400051811876014C0F294C542821AB045011A3E3F09001FF304E3A0BED05CC11A811B865001769507FC01ADC611F400CF68C7B093606E30F3C7E0F00C1D10C31951C1E2D7252181DA00345842A19130715C736EC9ECE686A712FDB31E4D3E50AB336E5666D7B212C0113C4A4406029709B43D0228F3FBAF
310
49921B19CA0C82A2D5BC4A2079809240F37D3E10F9637607C3983F0458508A98B8B4EFC92AC13530180CF55359500080061DF59B98BB3FEACEE881DC8127F182A885A86FB12B43C590A4380504E32305E3148BBEEB2D2782029765428092545BA5C2C681FC5F8E869C0EE1034A822FF09A12C94084505AA868080303473F81
310
61F7AA0A6610745E280BE4427FB770106F8800EADABA19F453210435BDB2348471B13B65F2FCB554827632C4C44467333E4127095D22092ED492009930413251B5408345065065E415266E20279A40B3F520370BE2050C8360E6BB4601C1673B9BFE007EF5200B6483CD195400A783E6DEA0653515B0FCE8E86D1618FC1EFC
310
15C2E727F24F2A2DAB57326D8D0877D4E298894E7A0C3C7D9CE8A0E2D17AA2020FA1097D6372F2A9F955060FDD467AD0426368C24A8340FD0D6687A76316DEF5179ED9042005A2BF02A5DD810A4DEFA4A8F700EFC50FF4FB8C06410F0303C106ADF8852ACC6A2CA9046E9ED070739339857222CC009E206479886EA26227BF
310
7A341A15C351A8404A6C10080A2140FA4B4E8D9B9A11645899332363FD69887F436A660566964250FD752E787B64BCF8E6C8190DF8EA0C854C062D8A5A1346F810414313E606ECA0AC3A01D6928544029D5F42E202C0CB386F880F7842A31287061F32F3CBE09F2950783394F2F2B23D85386C6F51943E99DD10C8A0000BA9
310
569A14805693274BD0E4F4DC3F28E331EEA91C4F33ABE057889BFB92819187840A08E57A276A8BFCB75B0342668C70C565C8059996D209C2800941A21FB82B2F520BC2E6FE6F1A8827043DE17000DACC8193E78BBB8DF1467978C06F6AFE986123E3A95272CAC122046F4C65C4B88FED2F1CD1D918F7CDBF8903BF1A90057D
310
42F4DC133AF804ACBB58446A0DB78806FC053FA1E45D0AF1112613CC0DD976C5E70AD3282F42725C0D02AC8588DE451B1C01ABF063E7748A3882F0DD484BB78D037F9812240EB88B6034C0AD53E5116D4C6D920C6A89F084E6D0598AD7EB6930CC7B293E27A666E5CDFE9A3FA52FEB3C97976FDAAE9A60008FCA6B33099CF9
310
880D35D419FC687D424378E3099441E110C5B3C6DC311E6653514A67A530D863326C4D8430E0C28024803B5B069B0E60C10EDB6DF087034171DF01F1F3404B27B1056D8C0E56E7CA6056E7798147BE4C2F01CED5987E413AC6A724876DE3F599E0601CE7B9CEF3BEB3671E12DCE8AF9631B8031D3F360B6955DC2342B2A0E4
310
632A00264C0DA002220CFEC3E10D9BADC8904D88DC51928593AA16C91DF6FFF82B3234404C7214D0F8608E0052283EFB2B0563F1D072936C4017706010BCF1B16CDE0C1FA9C777E44E1F5259B0C9BBC8794A82A6C182A3AF56B16921405351FDDC91B5BAAA617860E8D76C97C377FE701A4EB4378FA97C2C8E3CC8950886C6
310
FD93AF70A1F5F676B7ED16CBC56AF5D09110EEB8607CC08A795882358280DDB98AFFE7087C6EB593D62F041CDB4018935238E73F1098100D0C8769818F777057F64C703C6530E142FDF5C837AE1CF66C94C4887D3A3726AB990DEA248F73B5D32C8E04F6714B1E67C53FC52040252E605B322407CBF8C7F05453462A295ABF
310
4D95592DDD76AC23512E9A2DF964715C80DD752CA8E263AC36F02C3C28A133EB22AC8D099BDEFDE28C3E8FFEE3815D5D00C17C00511058354D62443C1A546280E43572A9C661A34FA5891F8E7570608C8DF21DF51DF9D2A84D4501F41B8CD4F4C9DEB2F901E810C0E4CEB6EC08DFB06341C864CF8D0EEE779A606545E1E64A
310
AF30A4324C20FDD3BD558BD966BA994FA915CD162B1978642AD01694E533EC190368A68234657085B5F88E27A0805E04B8BB6A00A51646EE3C10A50FF007FF410F1963CA69BE2002F0F902E701AEC995FD41F83A3F0C3809A3288A083003A6CC2A20E6D703EE48E3777AC07ADD51EB6101603A9FCF17B3D5928F6D742EE7E4
310
CF38AE2B03C5FB39C81D7B2978FAFE85AF3D2710B0582C970F0FEB0E4D1103B8BE2B4D560CA10002FC8F334C891C07B44FE06B2E3ACE5E1E2D1FC32203110ABF9CA0E8381F68EC3C06701328E5A38278A5FCD944CEA5283DA933DF2A2448BD23F1C5D8BE04CC2DC3B43B3EEC29F8B5FF926D11D3E97EBF7FA1BD1E5E5F5FE6
310
D3D972F548547783146ECD84873F377C5820F7F9FCE5E07378D6CBCB7E036DF7F7104079A05B77C6942D1BA95D47424BFC3DB6411009A42E207871B7EE9B06614BBD20F22F7523FB985F3F7068E37600273A3ED0C1CCC380F6EC4AF01CC1CF95E4848B7BF950AD14C44F10460221E02D21D01DAE800F323704C00035DFE97C
310
B37F797D3D1C0E4FBF35EE1E5E9E0E879FBF3DF6F474780A01FB3DAF01FE0C0798218007C2090A3008BA7682A338F4A8804A06CBFE6A80CEC766F49853F15B2F45FCEA3F8250012841315016E75E797EFEEC4ACA6C79F515CF1738F7C36E2406071051043817C9E8C5888D49D0332E800062FF54FA562BF7446CC0BFDFBF86
310
03D1FEFCC9F7FFB5A7F000430755C2D3F72F2D02A022820897ABDD44594475BDCCA4A10AF34C06B08B4AB58BBFAE30999DC66C7CE903A83CF8EB006EEEAA063430F84B05F0ECF644825F5E95073870E72A0771AB89B080022A0C5A9FAF34C89286257FB7BEA000EC65B59750C68E0815B0D9834B15606328F80709DE09018A
310
C2A7817F83F96DB3D562C10A0A31300230CD4200B87F85808BAF64D04600254047F9C14DE93464009E7F5AABB4FDD6D55142A2C0BF1541FCE19C20C899BF4F76AB54B84CB97F88F48ECC029FD253F0C70DF4816B9AC94BCBD653B1A283C4001A0337955E4AFED3FB790B6B1F5EA0B5514074103A38D84280EE0F5F9BE974EA
310
B2D16AB1EA969684B6E4166CA28264B300474C7308D20013B204A65F82970718D05678B3315D442E1C0A327E2F56556040C005D2FAB1326A68A07507C9E46A3648555A7080F5F50219A00E6222E3E0862CE95B5680930530742F1D041805E69B788161F015944D041182B861A2C17F3AF01CF5BFDF6C343F9171F5B004BF59
310
C016719164B888EA206A02AD05E8464D06B48E4381A0E9345FD171625AC22198F57C003BEA5510F81FF78D31C9B033D0030000000049454E44AE426082504B03041400060808006777765A51464CB48900000043010000360000006662782F45333244413930442D323141452D343244432D383933432D3635304333424336
310
323134452F6469726563746F72792E786D6C9D8F310EC2300C45AF127987122606C71DD918B841D4B851A43646695A717C52A85029031293A5A76FBF6FACEF7DA7264E43906840EF0FA03836E242F406C6DCEE4EA06AC22492573150D1F66C60C640E8938CB705396EEDD86DE9B5042FE27813D640EA63BB001C722AF6E55C
310
B61E4863F58284D5D3F53DD715CE1C3985E63FD7F1B7EBDD617E9F1E504B03041400060808006777765A0205679281070000571E0000340000006662782F45333244413930442D323141452D343244432D383933432D3635304333424336323134452F6F626A656374732E786D6CED59596FDB3810FE2B82F659B77C158E8B
310
C4760BA39BB668B68B7D13689976B8D1054ACAB1BF7E8714298BB26CCB6E0BECC32640E230D470E69B83DF8CA6EF5FE3487BC634276972A33BA6AD6B3809D30D4976377A596C8DB1AEBD9F69539AA645639FAE2528C6373A5BD667D31D4DCB4C2C6DF01695517BF5C3DD5F5A1EE204EB5A18A13CBFD1F3F011C7C84465916E
310
70FE646E5081CCDDF6D574CC6AA32A764751F6D83A2A43142705A80AEB0948111A38EA9F6092359B5A6C83B2CDEDB7CD3BB1CDE286AB8A92242F50121E68D592E3F6D3CA73FCC5D21D4C8C81EF7B863F741DE3EEC3DDC270469E3D1FCEE793DBE544D766D3759A46B503329C6CC08B6FFACC995AEC3FB5F902852EBDC33449
310
7028D0ECDAB0C1422EC1791B130558879BD67048656B63C1EB69FC916DBD40515452D096C6C9DFCDE84DD77F0308799F28A53966519E17147C2DB0AFF2C19E5AD5AAE217926B312A302528D222B2A6888283606BE520450CCB16264A6398712F4A794D5D21B0CFE7529796DB328A58FEEA339E6901E4232E72AE19F907D3BD
310
F6CDD34027B0B624493116C6166F1988984C2DBE58FDCF73C53F2B20B56D8476102D6026DBE4B92DBCE6AC16AC16FAECD387F5EB03AB0FDD876734CD302D58E4F1641679273DD8082D08BE1EA054B8AABEDBA3F20DA0FF0CC8D7BA6853F01C25AFFEAB2F6DA728C9B7298DC13B9AAD1936FCB035F6F1E0D3D4AA1F9E699A52
310
2B8F610A69FB933055CC50CE6E403A9B3E43D0A7D413C63D84288298BE2709CB7308142D4A6109EAFD76FDAACF56504C61119E4211580FDF538B7DD4E0572507EA4DCB435DE5B787A364C2B4F36CEFAB8F10339484B5AB141B8FE13BF829F8DE2E1E3E3D94748B427C2F127B81B72421055CA6DD0A29A02B29FF7DF59967E4
310
813DCAAE10CED9A5AC7074F8E541F845E38E0155D83D5CB986AFDC1348F72842094ECB5CAC7715AA308D521AACDF822A873BCFFA5306417518E4378B80CE6206B77B4849C640D167C2BCBA129A7B9C581D1401B8AB9C1AAC51F8C4E00D42A858D7E801518B685B681967018AD33261E5FB30BCDBA6999ECDBF1C67E2DA1377
310
3C190C44C083EEFC00993FB238D4EAB39362941D3966AEF84BD40D096495493ED4CB2E1B42604D6511A4190A49D11D0D2D337AAABC21DB6D994359EF04A6A5B1E939830A1BF9D37535FB82D55AA9D3D60AA50212A31D0EB688DD899DFA2980D6C2A5933A91DC45699E9304E79CD31CD4BA168AB609A5A38A7429B5236C491E
310
C4B840D7442CBF245B014BF1360A807D158CFF9E8F57A9A0B86F8F49645C2F4D026EFF5B90A3388B2A5E770E03C76D9DD0892B539A1DF10CF119A022B03798D3F473D2EB4A22F1ED257D72B5F823F050F4CBE191471020EB70AB9EF7AC630E9C09FB1A43191A0E1C6F38AA5D710E2D7958C1784B5402D30ADF82174C768FFD
310
8AA074F9C973721C6D031245651C5477488163A06DA82869AF8C1D4235691F242A432B251A276D4904A4BA7799E57C453216388C13966365B6710C184512E8EB7A197260456710735FF01E96B56AE7FD7FB9D41FAE98CDDEE609BFBDA474D3A9A94A3D246B932483154C7127D6EEE59267D366FAC5BCD9398F832F85880A57
310
75162242287E266C98C1BBA6CE9E237F414508A5F481FF36EE20233678B3E7218A38311AD16770A89426B96DB33B8272C72E1085ACAD58498D61428158A5BD671FA26F085C0D6C31B70413B2AAF515BBDA4C18C6ECF53821EBCBC787961458E9FDF45786117E694910AB7346FE4E88FABEDA73DC960461D1F7D589C78BC732
310
5E2788B0BB918505DA64EFDEF3FEF3C682E6C25A7AEEE276622F0CD7B95D1ABEBB981BE3893737A034CCBDBB39CC3FFCA545719E9634C4B9E55A7620D95696EC646054D0F5E942601271BE5D94F1DC76F0FF5D4847B2AAA5E0C22E4489F9BE8D43F7157119931DBA4320F7C3B1E3BA3EBF621DE8E5CDFEAB35D93C7DA15CC7
310
64FB15FE4B99ECC87606E391E74CBC916F8F7D7FE48EEAFC116DCD0F72DB1A1426E7482773354F94CE19819306236738181CEADF79EDC289920D5D40BD3CCEBC26A32180E6F8102B6DACCE9D752DF33AEC383A4F6A5095ABB857BF186B52960BC9C5E101BF9C5C2837F9C5C4E08F94B23189BC4B14615DB440A95D6CA6D951
310
1CE5D484DF7DA3B973E7D8CBA1E18D27B786EFDDDAC6D8FB601B7783E56038B7074B77E2D55126F8525FEEF19FB867A5B28DF12CBC65C8D388C0CB1EBCD17638853E19A6593DEE601AE39CF7BF401205D5DB88374D3D9E7EAE66F5055A47F2E9F011C10B8F48B0B63284613BF4A637BA58D77E83F13A9B70F3A1A7F904E444
310
94765D2B29B9D121040A021CC45CC398940FA5B9F4D6181CDC86921DEBACABA7EABFF78F31742056F676D57BFAE0222C53A213464E197FFF04055892D6EB4D97EA68A8808FEBB2A88DD92FECAD1120C8174D9571304D7E12F0BE42F93D6D9763F23D0A24BDDEF89C8C834AAA5120BAE3AF6D1A78DF2EBE5AEC8DCBEA8B9645
310
E58EB9F314275424198C8B466535DC9C4260083333C4A635F37716B44C4F985A30BE89D2374BCE89B5DFAB174016A7BEE26D108C3B736CA24DFE040BE0394AD848BD4250F16F5D7D1AFE958033A8E13165FF6AA1899BAED1C534BB17663D7F15A4419EB057802C2B9A1B1A736B0875D0AA1AEFD71FE4C2D4A2F0EE64F62F50
310
4B03041400060808006777765ADC5DEBBDE2000000550100003C0000006662782F45333244413930442D323141452D343244432D383933432D3635304333424336323134452F7265736F75726365732F322F636E782E786D6C4D90DD6A032110855F45845EAEBA368136B8E62572D59B60DDC956A2CEE24F69DFBE9A5AE8D5
310
0CE77C0C678E3A7F054F3E21658771A133139440B4B8BAB82DB496DBF442C959AB8458FE6194441360A15DA65A6D09EB3EA4156EA6FAAE7A17EF4314D70D222467AF7BDC28B1DEE4BCD06C3F2018666AC115F29DADA61836B304196BB2D04E1417609CB0094C81956A29E47112CF939497F9703ABE9EE6C39BE29DD4EA1DD1
310
0FDEC50209F727292CB635B64442F10E6855931B547FA3197FF1588BA778B3B5CA25B50E0656BEF786B96036E00FE4D7D58AF727DB7834D0662F44FF00504B03041400060808006777765AFF15A4A45D000000800000003A0000006662782F45333244413930442D323141452D343244432D383933432D3635304333424336
310
323134452F7265736F75726365732F636E782E786D6C4D8B3B0E80201005AF42B6F75B59F0390B113044D83508C6E30BC6C26AF226F3B8BA6360974DA7271430F523308B2B198F9B80925DB700539227A2FCCB80A18E5640D320F996A81C9F32D6E9129A0D1EF74FCE750E6D57BC7165FBCA07504B03041400060808006777
310
765A7D97A6F14601000056050000300000006662782F45333244413930442D323141452D343244432D383933432D3635304333424336323134452F636E782E786D6CCD94CD4EC33010845F25B2C431CE4F5B092AC79538F0041C1037C7D90653C78EEC35A26F8F5DD216841095C8A1376BF3599A194F966DDE079DBD81F3CA
310
9A8654B4241918693B65FA8604DCE6B724DB70E6ACC52F18C98C18A021694C38EB9D0DE334EA602B824E53ADCC6E1A0A44A7DA80E04926B5F0BE215EBEC020A808683BF03BDA0914B4A20EBC0D4E42BC8F6A80E9BE7420103AC2EBB25EE5E522AFEBC76AB95EDDADABC5332B12C9596BAD9E7865109C1D6FEA52DA7834514E
310
C98A0470169C9AA8E481F0B336DA2AC38AF89D331FF59A7EE2703F266E1CB592026350859508984708C4C08A4F98B32239FEE6FBE1FEE9AC219E3AE540A275FBD963585E1843F55B0C27693436E2B2140EE05FE66DFB1A2DCFFFEEFF363C099BCDEEB1B93E56F76713629F84E9F535FE002769F3F73F2E1654F21A4D1F95CD
310
E4B938ACC0F8F06923F20F504B03041400060808006777765AC325C0F57E000000A30000000B0000006662782F636E782E786D6C4D8CDF0A83201C465F457EF76EFE6951A045531F249685CC345C8E3DFE7274B1AB0F0EDF39A2FFAC1EBD6D7AB91824D00B0164C3234E2E2C12F23EE30650DF8914E3FE770314C6D54A2818
310
3AB1A498B7134D761EB32FD4BBF03CA1E14C0F2DD198D1C1E08A69859B962B5CDF88E27755335A99C3B816E5985FEFD892EFBE504B03041400060808006777765AA6D797065F0000008200000007000000636E782E786D6C4DCB3B0E80201045D1AD90E9FD7516806B51190811670C8A61F982B1B0BAC9C97B72CA7B1037C6
310
D3332918DA1E04D2CAC69353902EDB8C20262D23F3F59B81A079470595414B17391D1F19B4730A5583A7ED43BBE4025D9592775E5ADFFA01504B03041400060808006777765AECFD112DA800000026010000130000005B436F6E74656E745F54797065735D2E786D6C7D4F4B0EC22010BD0A61DF525D18634ABB506FE00510
310
A79458060253536F2FD89D5197F3FED3F68B9BD80362B21E25DFD40D6780DADF2C1AC9671AAA3D677DD75E9E0112CB5A4C928F44E12044D22338956A1F003333F8E814E5331A1194BE2B0362DB343BA13D122055543278D79E6050F344ECBC6478EDCD76CE8EABAE5449AE4298AC56946789C28AAFBEABC53F3EAF09A84A14
310
41B91F0101CD4780756578C173A578FFDDBD00504B03041400060808006777765A3DEE336E64000000790000001B0000006175746F6465736B2D64657369676E2D7061636B6167652E786D6C35CBC10E83200C00D05F21DCA56CA76D41FC96062B120735B69A7DBE268BB7777961F8D5AF396893C2ADB70FE7ADA196782C2D
310
F776D7A97B5933C430F15651E5469C55D70F80A4992A3ADC954792C525AE70A1E4D6AD9816CC044FEFDF01FE3FDE907802504B03041400060808006777765A5163A690F50000008E0100003D0000006662782F45333244413930442D323141452D343244432D383933432D3635304333424336323134452F7265736F757263
310
65732F322F636F72652E786D6C8550CB6E833010FC15B477436C0C09917194B6E10B7AEACD320EB1126CE447D5CFAF1DA8D49E7ADAD5ECCCECEEB0D3D7FC283E95F3DA9A1E70B983421969476DA61E62B8A2031427CE9CB5E1170D0A2366D5438681B3C9D9B86C90B4262893516347B581C27B15A0908FD4F4E0E54DCDA214
310
312486BF978B907731A912972B8FB318F5B849F598DCF4552B07FC5293733B74351AF64383E87EE8D0CB5BDDA00BA6677AA0ED6BDB0DACCA62CE829E7FB64BA744502370B2230DDAD58890774C8F4D77C4F4835599C9990F2EFDBC2DCDDF253AAB56F48F5B5CC6FFDDA236A1269BDBAAF0C0713AEE39E0ACCAE9A4F28C2ED5
310
9C24FF06504B03041400060808006777765A1FE8E9EAFA000000960100003B0000006662782F45333244413930442D323141452D343244432D383933432D3635304333424336323134452F7265736F75726365732F636F72652E786D6C8550CB6E833010FC15B47743308F84C8384ADBF0053DF566990DB1126CE447D5CFAF
310
1DA8D49E7ADAD5ECCCECEEB0D3D7FCC83ED13A65740F65BE830CB534A3D2530FC15FC901B21367D618FF8B06991633F69060E06CB2262C1B248DF6A813AACD881B289C430F997CC4A607276F388B5C041F19EE9E2F42DEC5847999AF3CCE4250E32655637453578516F8A5A2E776E82A32EC8786D4FBA1232F6F55432E657D
310
AE0F75FBDA76032B929833AFE69FEDD2A2F03802A73BDA905D45287D2FEB63D31DCBEA831589C999F336FEBC2D4DDF01B7E84CB0121D2BD6E91FD7B08CFFBB06A57D4537D755E18097F1C8E780B322A514CB33C25853A2FC1B504B03041400060808006777765A60974C8AF1000000B1010000310000006662782F45333244
310
413930442D323141452D343244432D383933432D3635304333424336323134452F636F72652E786D6C8D50416EC32010FC8AB5776C037614479828B5FD839E7A43405C94182CC0559F5F485CA9BDE5B4687686991D76FE5EEEC597F6C138DB032E6B28B4954E193BF7B0C52B3A4271E6CC3B17FFD0A0B062D13D6418389BBD
310
DBD61D92CE466D336A9DD23B2842D0110A794F8F1E82FCD48B28C5161323DCCA55C89B987589CB278FB368965FA9F45A44AD80939AB4A8A6889077DC9CDAEE84E907AB3293B36D336AB7322AB99BABD11EF844C978E9EA11117C995043C6011D3B3AA0435B0FF46D3810DC4CACCA62CE42F4E9E6FD937CDDABF2A7F05FE66D
310
552F64363652B21B3E1501384E791E0BCEAA5C601A8F76D3CC65F31F504B03041400060808006777765A2331DA5D54010000DD0200000C0000006662782F636F72652E786D6C8D52CB6E833010FC15E4BB799384C8384ADBF0053DF5E6188758011B191BE5F36BF310E5D0B44232D6ECEECCCEC8E8F46C1B6F60AAE7521420
310
F243E0314165C5455D00A36FF000BC13464A4AFDA30D7882B4AC000E0618D54A9A6E86A8149A09870A59B119247DCF34F068632F05E8E99DB5C42746DB8EFEE177843E48CDFCC89FFA30328657F328AF2C1BBF71A600BE24F17957E6092CF76506D37D99C3B78F248397283DA78774F7BECB4B14B8618C346F1775AA18D1AC
310
02380EE30C86098CE3CF283D66F9314ABE50E03A31EAB5B29E6751E70EE0DBF5898209DFF099AEFA9BCF70A19378E69B267A8023BBDE58C02870F9D8DF18DE36432B6CF3D3E4DA2C161E161A18D552A5B65249B39606D21866A9436FFC5030552DF348F01B4FFC82E735870D8A88DAAE46B4BD5E8D76EADB9D3AA6E0A09F9E
310
90AA25CDBADCB4E27AAE421B4BCB38958D54FF995EAC2E6106EE61E26F504B03041400060808006777765AB12D4EF208010000B201000008000000636F72652E786D6C8D50CB6EC32010FC15B477FCC08FC411264ADBF80B7AEA8D1AE2A2D8601988DABF2F24546A6F3D2D9A99DD19861E3F9719DDE46695D13D94590148EA
310
D108A5A71EBCBBE03DA023A39B31EE970C90E68BEC21C2C0E8B419BF266834DA491D516D844C20B7563A40E31C1E3DD8F1432E3CE3DE0585BD662B1FAF7C9259993D748C3AB5FCAC8E9BE44E0A60A4200D2E2A4CC86B591F9AEE50566F348F4A46BD5722592911DCD545C90DD8B922A776E82A3CEC8606D7BBA1C34F2F5583
310
CF657DAAF775FBDC7603CDE332A3D66DE1CFE948C8E990E5B7E84BF307C5E8BB317312845002193D7F012B681E893FA1FD2AFE115A69579174F0B161819521D09D08C6B1C130EEF58619DB66DF504B010214001400060808006777765A0000000000000000000000003700000000000000000000000000000000006662782F
310
45333244413930442D323141452D343244432D383933432D3635304333424336323134452F617474726962757465732E62696E504B010214001400060808006777765A0000000000000000000000003500000000000000000000000000550000006662782F45333244413930442D323141452D343244432D383933432D3635
310
304333424336323134452F76657274696365732E62696E504B010214001400060808006777765AF270F13306000000040000003600000000000000000000000000A80000006662782F45333244413930442D323141452D343244432D383933432D3635304333424336323134452F747269616E676C65732E62696E504B0102
310
14001400060808006777765AB5A795FFE3790000DE7900004200000000000000000000000000020100006662782F45333244413930442D323141452D343244432D383933432D3635304333424336323134452F7265736F75726365732F322F305F67656E657269632E706E67504B010214001400060808006777765A51464C
310
B489000000430100003600000000000000000000000000457B00006662782F45333244413930442D323141452D343244432D383933432D3635304333424336323134452F6469726563746F72792E786D6C504B010214001400060808006777765A0205679281070000571E00003400000000000000000000000000227C0000
310
6662782F45333244413930442D323141452D343244432D383933432D3635304333424336323134452F6F626A656374732E786D6C504B010214001400060808006777765ADC5DEBBDE2000000550100003C00000000000000000000000000F58300006662782F45333244413930442D323141452D343244432D383933432D36
310
35304333424336323134452F7265736F75726365732F322F636E782E786D6C504B010214001400060808006777765AFF15A4A45D000000800000003A00000000000000000000000000318500006662782F45333244413930442D323141452D343244432D383933432D3635304333424336323134452F7265736F7572636573
310
2F636E782E786D6C504B010214001400060808006777765A7D97A6F146010000560500003000000000000000000000000000E68500006662782F45333244413930442D323141452D343244432D383933432D3635304333424336323134452F636E782E786D6C504B010214001400060808006777765AC325C0F57E000000A3
310
0000000B000000000000000000000000007A8700006662782F636E782E786D6C504B010214001400060808006777765AA6D797065F00000082000000070000000000000000000000000021880000636E782E786D6C504B010214001400060808006777765AECFD112DA8000000260100001300000000000000000000000000
310
A58800005B436F6E74656E745F54797065735D2E786D6C504B010214001400060808006777765A3DEE336E64000000790000001B000000000000000000000000007E8900006175746F6465736B2D64657369676E2D7061636B6167652E786D6C504B010214001400060808006777765A5163A690F50000008E0100003D0000
310
00000000000000000000001B8A00006662782F45333244413930442D323141452D343244432D383933432D3635304333424336323134452F7265736F75726365732F322F636F72652E786D6C504B010214001400060808006777765A1FE8E9EAFA000000960100003B000000000000000000000000006B8B00006662782F45
310
333244413930442D323141452D343244432D383933432D3635304333424336323134452F7265736F75726365732F636F72652E786D6C504B010214001400060808006777765A60974C8AF1000000B10100003100000000000000000000000000BE8C00006662782F45333244413930442D323141452D343244432D38393343
310
2D3635304333424336323134452F636F72652E786D6C504B010214001400060808006777765A2331DA5D54010000DD0200000C00000000000000000000000000FE8D00006662782F636F72652E786D6C504B010214001400060808006777765AB12D4EF208010000B201000008000000000000000000000000007C8F000063
310
6F72652E786D6C504B050600000000120012002D060000AA9000000000
  0
XRECORD
  5
7F
102
{ACAD_REACTORS
330
7B
102
}
330
7B
100
AcDbXrecord
280
     1
270
     1
271
     1
  0
XRECORD
  5
81
102
{ACAD_REACTORS
330
7B
102
}
330
7B
100
AcDbXrecord
280
     1
270
     1
271
     1
  0
XRECORD
  5
82
102
{ACAD_REACTORS
330
7B
102
}
330
7B
100
AcDbXrecord
280
     1
270
     1
271
     1
  0
XRECORD
  5
80
102
{ACAD_REACTORS
330
7B
102
}
330
7B
100
AcDbXrecord
280
     1
270
     1
271
     1
  0
XRECORD
  5
D9
102
{ACAD_REACTORS
330
D8
102
}
330
D8
100
AcDbXrecord
280
     1
102
DISPLAYNAME
  1
Imperial24
102
FLAGS
 90
        0
  0
CELLSTYLEMAP
  5
D6
102
{ACAD_REACTORS
330
D5
102
}
330
D5
100
AcDbCellStyleMap
 90
        3
300
CELLSTYLE
  1
TABLEFORMAT_BEGIN
 90
        5
170
     1
 91
        0
 92
    32768
 62
   257
 93
        1
300
CONTENTFORMAT
  1
CONTENTFORMAT_BEGIN
 90
        0
 91
        0
 92
      512
 93
        0
300

 40
0.0
140
1.0
 94
        5
 62
     0
340
55
144
0.25
309
CONTENTFORMAT_END
171
     0
 94
        0
309
TABLEFORMAT_END
  1
CELLSTYLE_BEGIN
 90
        1
 91
        1
300
_TITLE
309
CELLSTYLE_END
300
CELLSTYLE
  1
TABLEFORMAT_BEGIN
 90
        5
170
     1
 91
        0
 92
        0
 62
   257
 93
        1
300
CONTENTFORMAT
  1
CONTENTFORMAT_BEGIN
 90
        0
 91
        0
 92
      512
 93
        0
300

 40
0.0
140
1.0
 94
        5
 62
     0
340
55
144
0.18
309
CONTENTFORMAT_END
171
     0
 94
        0
309
TABLEFORMAT_END
  1
CELLSTYLE_BEGIN
 90
        2
 91
        1
300
_HEADER
309
CELLSTYLE_END
300
CELLSTYLE
  1
TABLEFORMAT_BEGIN
 90
        5
170
     1
 91
        0
 92
        0
 62
   257
 93
        1
300
CONTENTFORMAT
  1
CONTENTFORMAT_BEGIN
 90
        0
 91
        0
 92
      512
 93
        0
300

 40
0.0
140
1.0
 94
        2
 62
     0
340
55
144
0.18
309
CONTENTFORMAT_END
171
     0
 94
        0
309
TABLEFORMAT_END
  1
CELLSTYLE_BEGIN
 90
        3
 91
        2
300
_DATA
309
CELLSTYLE_END
  0
ENDSEC
  0
SECTION
  2
ACDSDATA
 70
     2
 71
     8
  0
ACDSSCHEMA
 90
        0
  1
AcDb3DSolid_ASM_Data
  2
AcDbDs::ID
280
    10
 91
        8
  2
ASM_Data
280
    15
 91
        0
101
ACDSRECORD
 95
        0
 90
        1
  2
AcDbDs::TreatedAsObjectData
280
     1
291
     1
101
ACDSRECORD
 95
        0
 90
        2
  2
AcDbDs::Legacy
280
     1
291
     1
101
ACDSRECORD
  1
AcDbDs::ID
 90
        3
  2
AcDs:Indexable
280
     1
291
     1
101
ACDSRECORD
  1
AcDbDs::ID
 90
        4
  2
AcDbDs::HandleAttribute
280
     7
282
     1
  0
ACDSSCHEMA
 90
        1
  1
AcDbDs::TreatedAsObjectDataSchema
  2
AcDbDs::TreatedAsObjectData
280
     1
 91
        0
  0
ACDSSCHEMA
 90
        2
  1
AcDbDs::LegacySchema
  2
AcDbDs::Legacy
280
     1
 91
        0
  0
ACDSSCHEMA
 90
        3
  1
AcDbDs::IndexedPropertySchema
  2
AcDs:Indexable
280
     1
 91
        0
  0
ACDSSCHEMA
 90
        4
  1
AcDbDs::HandleAttributeSchema
  2
AcDbDs::HandleAttribute
280
     7
 91
        1
284
     1
  0
ACDSRECORD
 90
        0
  2
AcDbDs::ID
280
    10
320
CB
  2
ASM_Data
280
    15
 94
     3053
310
414349532042696E61727946696C652855000000000000020000000C00000007104175746F6465736B204175746F434144071441534D203233312E302E302E3635353335204E540718536174204D61722032322031343A35393A31342032303235066666666666663940068DEDB5A0F7C6B03E06BBBDD7D9DF7CDB3D0D0961
310
736D6865616465720CFFFFFFFF04FFFFFFFF070D3233312E302E302E3635353335110D04626F64790C0200000004FFFFFFFF0CFFFFFFFF0C030000000CFFFFFFFF0C04000000110E0D4154545249425F435553544F4D0D066174747269620CFFFFFFFF04FFFFFFFF0C050000000CFFFFFFFF0C01000000071454696D657374
310
616D705F6174747269625F646566040100000006C85452BDBAC31843110D046C756D700CFFFFFFFF04FFFFFFFF0CFFFFFFFF0CFFFFFFFF0C060000000C01000000110D097472616E73666F726D0CFFFFFFFF04FFFFFFFF14000000000000F03F00000000000000000000000000000000140000000000000000000000000000
310
F03F00000000000000001400000000000000000000000000000000000000000000F03F1400000000000000000000000000000000000000000000000006000000000000F03F0B0B0B110E0D4154545249425F435553544F4D0D066174747269620CFFFFFFFF04FFFFFFFF0CFFFFFFFF0C020000000C01000000071667656E65
310
7269635F7461675F6174747269625F6465660403000000040300000004FFFFFFFF071767656E657269635F7461675F6174747269625F64656620040100000004030000000703333331040400000004000000000400000000110D057368656C6C0CFFFFFFFF04FFFFFFFF0CFFFFFFFF0CFFFFFFFF0CFFFFFFFF0C070000000C
310
FFFFFFFF0C03000000110D04666163650C0800000004FFFFFFFF0CFFFFFFFF0C090000000C0A0000000C060000000CFFFFFFFF0C0B0000000B0B110E0D4154545249425F435553544F4D0D066174747269620CFFFFFFFF04FFFFFFFF0CFFFFFFFF0CFFFFFFFF0C07000000071667656E657269635F7461675F617474726962
310
5F6465660403000000040300000004FFFFFFFF071767656E657269635F7461675F6174747269625F646566200401000000040100000007013304000000000401000000044B0100000400000000110D04666163650C0C00000004FFFFFFFF0CFFFFFFFF0C0D0000000C0E0000000C060000000CFFFFFFFF0C0F0000000B0B11
310
0D046C6F6F700CFFFFFFFF04FFFFFFFF0CFFFFFFFF0C100000000C110000000C07000000110E04636F6E650D07737572666163650CFFFFFFFF04FFFFFFFF0CFFFFFFFF133433333D3333F33F9A9999999999E93F48D89F080ACBDF3F140000000000000000000000000000F0BF000000000000000014989999999999D93F00
310
00000000000000000000000000000006000000000000F03F0B0B06000000000000000006000000000000F03F06989999999999D93F0B0B0B0B0B110E0D4154545249425F435553544F4D0D066174747269620CFFFFFFFF04FFFFFFFF0CFFFFFFFF0CFFFFFFFF0C09000000071667656E657269635F7461675F617474726962
310
5F6465660403000000040300000004FFFFFFFF071767656E657269635F7461675F6174747269625F646566200401000000040100000007013104000000000401000000044B0100000400000000110D04666163650C1200000004FFFFFFFF0CFFFFFFFF0CFFFFFFFF0C130000000C060000000CFFFFFFFF0C140000000A0B11
310
0D046C6F6F700CFFFFFFFF04FFFFFFFF0CFFFFFFFF0CFFFFFFFF0C150000000C09000000110E05706C616E650D07737572666163650CFFFFFFFF04FFFFFFFF0CFFFFFFFF133433333D3333F33F9A9999999999E93F48D89F080ACBDF3F140000000000000000000000000000F03F000000000000000014000000000000F03F
310
000000000000000000000000000000000B0B0B0B0B110D046C6F6F700CFFFFFFFF04FFFFFFFF0CFFFFFFFF0CFFFFFFFF0C160000000C07000000110D06636F656467650CFFFFFFFF04FFFFFFFF0CFFFFFFFF0C110000000C110000000C170000000C180000000A0C0A00000004000000000CFFFFFFFF110E0D415454524942
310
5F435553544F4D0D066174747269620CFFFFFFFF04FFFFFFFF0CFFFFFFFF0CFFFFFFFF0C0D000000071667656E657269635F7461675F6174747269625F6465660403000000040300000004FFFFFFFF071767656E657269635F7461675F6174747269625F646566200401000000040100000007013204000000000401000000
310
044B0100000400000000110D046C6F6F700CFFFFFFFF04FFFFFFFF0CFFFFFFFF0CFFFFFFFF0C170000000C0D000000110E05706C616E650D07737572666163650CFFFFFFFF04FFFFFFFF0CFFFFFFFF133433333D3333F33F666666666666E6BF48D89F080ACBDF3F140000000000000000000000000000F03F000000000000
310
000014000000000000F03F000000000000000000000000000000000B0B0B0B0B110D06636F656467650C1900000004FFFFFFFF0CFFFFFFFF0C150000000C150000000C160000000C1A0000000B0C0E00000004000000000CFFFFFFFF110D06636F656467650C1B00000004FFFFFFFF0CFFFFFFFF0C160000000C160000000C
310
150000000C1A0000000A0C1000000004000000000CFFFFFFFF110D06636F656467650CFFFFFFFF04FFFFFFFF0CFFFFFFFF0C170000000C170000000C110000000C180000000B0C1300000004000000000CFFFFFFFF110D04656467650C1C00000004FFFFFFFF0CFFFFFFFF0C1D00000006182D4454FB2109C00C1D00000006
310
182D4454FB2109400C110000000C1E0000000B0707756E6B6E6F776E110E0D4154545249425F435553544F4D0D066174747269620CFFFFFFFF04FFFFFFFF0CFFFFFFFF0CFFFFFFFF0C150000000711736B657463685F6174747269625F646566040100000004010000000403000000070D3232302030203020302031203111
310
0D04656467650C1F00000004FFFFFFFF0CFFFFFFFF0C2000000006182D4454FB2109C00C2000000006182D4454FB2109400C150000000C210000000B0707756E6B6E6F776E110E0D4154545249425F435553544F4D0D066174747269620CFFFFFFFF04FFFFFFFF0CFFFFFFFF0CFFFFFFFF0C160000000711736B657463685F
310
6174747269625F646566040100000004010000000403000000070D32323020302030203020312031110E0D4154545249425F435553544F4D0D066174747269620CFFFFFFFF04FFFFFFFF0CFFFFFFFF0CFFFFFFFF0C18000000071667656E657269635F7461675F6174747269625F6465660403000000040300000004FFFFFF
310
FF071767656E657269635F7461675F6174747269625F646566200401000000040200000007022D3104000000000401000000044B0100000400000000110D067665727465780CFFFFFFFF04FFFFFFFF0CFFFFFFFF0C1800000004020000000C22000000110E07656C6C697073650D0563757276650CFFFFFFFF04FFFFFFFF0C
310
FFFFFFFF133433333D3333F33F666666666666E6BF48D89F080ACBDF3F140000000000000080000000000000F0BF000000000000008014989999999999D93F0000000000000000000000000000000006000000000000F03F0B0B110E0D4154545249425F435553544F4D0D066174747269620CFFFFFFFF04FFFFFFFF0CFFFF
310
FFFF0CFFFFFFFF0C1A000000071667656E657269635F7461675F6174747269625F6465660403000000040300000004FFFFFFFF071767656E657269635F7461675F6174747269625F646566200401000000040400000007042D32323004000000000401000000044B0100000400000000110D067665727465780CFFFFFFFF04
310
FFFFFFFF0CFFFFFFFF0C1A00000004000000000C23000000110E07656C6C697073650D0563757276650CFFFFFFFF04FFFFFFFF0CFFFFFFFF133433333D3333F33F9A9999999999E93F48D89F080ACBDF3F140000000000000000000000000000F03F000000000000000014989999999999D93F000000000000000000000000
310
0000000006000000000000F03F0B0B110D05706F696E740CFFFFFFFF04FFFFFFFF0CFFFFFFFF139C9999AD9999E93F666666666666E6BF49D89F080ACBDF3F110D05706F696E740CFFFFFFFF04FFFFFFFF0CFFFFFFFF139C9999AD9999E93F9A9999999999E93F49D89F080ACBDF3F110E03456E640E026F660E0341534D0D
310
0464617461
  0
ACDSRECORD
 90
        0
  2
AcDbDs::ID
280
    10
320
84
  2
ASM_Data
280
    15
 94
    67236
310
414349532042696E61727946696C652855000000000000020000000C00000007104175746F6465736B204175746F434144071441534D203233312E302E302E3635353335204E540718536174204D61722032322031343A35393A31342032303235066666666666663940068DEDB5A0F7C6B03E06BBBDD7D9DF7CDB3D0D0961
310
736D6865616465720CFFFFFFFF04FFFFFFFF070D3233312E302E302E3635353335110D04626F64790C0200000004FFFFFFFF0CFFFFFFFF0C030000000CFFFFFFFF0C04000000110E0D4154545249425F435553544F4D0D066174747269620CFFFFFFFF04FFFFFFFF0C050000000CFFFFFFFF0C01000000071454696D657374
310
616D705F6174747269625F646566040100000006F846DD0EBEC31843110D046C756D700CFFFFFFFF04FFFFFFFF0CFFFFFFFF0CFFFFFFFF0C060000000C01000000110D097472616E73666F726D0CFFFFFFFF04FFFFFFFF14000000000000F03F00000000000000000000000000000000140000000000000000000000000000
310
F03F00000000000000001400000000000000000000000000000000000000000000F03F1400000000000000000000000000000000000000000000000006000000000000F03F0B0B0B110E0D4154545249425F435553544F4D0D066174747269620CFFFFFFFF04FFFFFFFF0CFFFFFFFF0C020000000C01000000071667656E65
310
7269635F7461675F6174747269625F6465660403000000040300000004FFFFFFFF071767656E657269635F7461675F6174747269625F64656620040100000004030000000703333033040B00000004000000000400000000110D057368656C6C0CFFFFFFFF04FFFFFFFF0CFFFFFFFF0C070000000CFFFFFFFF0C080000000C
310
FFFFFFFF0C03000000110D057368656C6C0CFFFFFFFF04FFFFFFFF0CFFFFFFFF0CFFFFFFFF0CFFFFFFFF0C090000000CFFFFFFFF0C03000000110D04666163650C0A00000004FFFFFFFF0CFFFFFFFF0C0B0000000C0C0000000C060000000CFFFFFFFF0C0D0000000A0B110D04666163650C0E00000004FFFFFFFF0CFFFFFF
310
FF0C0F0000000C100000000C070000000CFFFFFFFF0C110000000A0B110E0D4154545249425F435553544F4D0D066174747269620CFFFFFFFF04FFFFFFFF0CFFFFFFFF0CFFFFFFFF0C08000000071667656E657269635F7461675F6174747269625F6465660403000000040300000004FFFFFFFF071767656E657269635F74
310
61675F6174747269625F64656620040100000004010000000701330400000000040100000004470100000400000000110D04666163650C1200000004FFFFFFFF0CFFFFFFFF0C130000000C140000000C060000000CFFFFFFFF0C150000000A0B110D046C6F6F700CFFFFFFFF04FFFFFFFF0CFFFFFFFF0C160000000C170000
310
000C08000000110E04636F6E650D07737572666163650CFFFFFFFF04FFFFFFFF0CFFFFFFFF133433333D3333F33F9A9999999999E93F48D89F080ACBDF3F140000000000000000000000000000F03F000000000000000014989999999999D93F0000000000000000000000000000000006000000000000F03F0B0B06000000
310
000000000006000000000000F03F06989999999999D93F0B0B0B0B0B110E0D4154545249425F435553544F4D0D066174747269620CFFFFFFFF04FFFFFFFF0CFFFFFFFF0CFFFFFFFF0C09000000071667656E657269635F7461675F6174747269625F6465660403000000040300000004FFFFFFFF071767656E657269635F74
310
61675F6174747269625F64656620040100000004010000000701330400000000040100000004690100000400000000110D04666163650C1800000004FFFFFFFF0CFFFFFFFF0C190000000C1A0000000C070000000CFFFFFFFF0C1B0000000B0B110D046C6F6F700CFFFFFFFF04FFFFFFFF0CFFFFFFFF0C1C0000000C1D0000
310
000C09000000110E04636F6E650D07737572666163650CFFFFFFFF04FFFFFFFF0CFFFFFFFF1300000000000004400000000000001640010000000000C0BC1400000000000000000000000000000000000000000000F03F14CCCCCCCCCCCCFC3F0000000000000000000000000000000006000000000000F03F0B0B06000000
310
000000000006000000000000F03F06CCCCCCCCCCCCFC3F0B0B0B0B0B110E0D4154545249425F435553544F4D0D066174747269620CFFFFFFFF04FFFFFFFF0CFFFFFFFF0CFFFFFFFF0C0B000000071667656E657269635F7461675F6174747269625F6465660403000000040300000004FFFFFFFF071767656E657269635F74
310
61675F6174747269625F64656620040100000004010000000701320400000000040100000004470100000400000000110D04666163650C1E00000004FFFFFFFF0CFFFFFFFF0CFFFFFFFF0C1F0000000C060000000CFFFFFFFF0C200000000B0B110D046C6F6F700CFFFFFFFF04FFFFFFFF0CFFFFFFFF0CFFFFFFFF0C210000
310
000C0B000000110E05706C616E650D07737572666163650CFFFFFFFF04FFFFFFFF0CFFFFFFFF133433333D3333F33FCDCCCCCCCCCCFC3F48D89F080ACBDF3F140000000000000000000000000000F03F000000000000000014000000000000F03F000000000000000000000000000000000B0B0B0B0B110D046C6F6F700CFF
310
FFFFFF04FFFFFFFF0CFFFFFFFF0CFFFFFFFF0C220000000C08000000110D06636F656467650CFFFFFFFF04FFFFFFFF0CFFFFFFFF0C170000000C170000000C210000000C230000000B0C0C00000004000000000CFFFFFFFF110E0D4154545249425F435553544F4D0D066174747269620CFFFFFFFF04FFFFFFFF0CFFFFFFFF
310
0CFFFFFFFF0C0F000000071667656E657269635F7461675F6174747269625F6465660403000000040300000004FFFFFFFF071767656E657269635F7461675F6174747269625F64656620040100000004010000000701320400000000040100000004690100000400000000110D04666163650C2400000004FFFFFFFF0CFFFF
310
FFFF0C250000000C260000000C070000000CFFFFFFFF0C270000000A0B110D046C6F6F700CFFFFFFFF04FFFFFFFF0CFFFFFFFF0CFFFFFFFF0C280000000C0F000000110E05706C616E650D07737572666163650CFFFFFFFF04FFFFFFFF0CFFFFFFFF1300000000000004400000000000001640F8FFFFFFFFFFDF3F14000000
310
00000000000000000000000000000000000000F0BF14000000000000F03F000000000000000000000000000000000B0B0B0B0B110D046C6F6F700CFFFFFFFF04FFFFFFFF0CFFFFFFFF0CFFFFFFFF0C290000000C09000000110D06636F656467650CFFFFFFFF04FFFFFFFF0CFFFFFFFF0C1D0000000C1D0000000C28000000
310
0C2A0000000B0C1000000004000000000CFFFFFFFF110E0D4154545249425F435553544F4D0D066174747269620CFFFFFFFF04FFFFFFFF0CFFFFFFFF0CFFFFFFFF0C13000000071667656E657269635F7461675F6174747269625F6465660403000000040300000004FFFFFFFF071767656E657269635F7461675F61747472
310
69625F64656620040100000004010000000701310400000000040100000004470100000400000000110D046C6F6F700CFFFFFFFF04FFFFFFFF0CFFFFFFFF0CFFFFFFFF0C2B0000000C13000000110E05706C616E650D07737572666163650CFFFFFFFF04FFFFFFFF0CFFFFFFFF133433333D3333F33F9A9999999999E93F48
310
D89F080ACBDF3F140000000000000000000000000000F03F000000000000000014000000000000F03F000000000000000000000000000000000B0B0B0B0B110D06636F656467650CFFFFFFFF04FFFFFFFF0CFFFFFFFF0C210000000C210000000C170000000C230000000A0C1400000004000000000CFFFFFFFF110D06636F
310
656467650C2C00000004FFFFFFFF0CFFFFFFFF0C220000000C220000000C2B0000000C2D0000000A0C1600000004000000000CFFFFFFFF110D04656467650C2E00000004FFFFFFFF0CFFFFFFFF0C2F00000006182D4454FB2109C00C2F00000006182D4454FB2109400C170000000C300000000B0707756E6B6E6F776E110E
310
0D4154545249425F435553544F4D0D066174747269620CFFFFFFFF04FFFFFFFF0CFFFFFFFF0CFFFFFFFF0C19000000071667656E657269635F7461675F6174747269625F6465660403000000040300000004FFFFFFFF071767656E657269635F7461675F6174747269625F6465662004010000000401000000070134040000
310
0000040100000004380100000400000000110D04666163650C3100000004FFFFFFFF0CFFFFFFFF0C320000000C330000000C070000000CFFFFFFFF0C340000000A0B110D046C6F6F700CFFFFFFFF04FFFFFFFF0CFFFFFFFF0C350000000C360000000C19000000110E04636F6E650D07737572666163650CFFFFFFFF04FFFF
310
FFFF0CFFFFFFFF1300000005000004400000A0666666214013AE09F0A6DE0F40140000000000000000A74C58E87AB6EBBF060000000000E0BF14343333333333F3BF0000000000000000000000000000000006000000000000F03F0B0B06000000000000000006000000000000F0BF06343333333333F33F0B0B0B0B0B110D
310
06636F656467650CFFFFFFFF04FFFFFFFF0CFFFFFFFF0C280000000C280000000C1D0000000C2A0000000A0C1A00000004000000000CFFFFFFFF110D06636F656467650C3700000004FFFFFFFF0CFFFFFFFF0C290000000C290000000C380000000C390000000A0C1C00000004000000000CFFFFFFFF110D04656467650C3A
310
00000004FFFFFFFF0CFFFFFFFF0C3B00000006182D4454FB2109C00C3B00000006182D4454FB2109400C1D0000000C3C0000000B0707756E6B6E6F776E110D06636F656467650C3D00000004FFFFFFFF0CFFFFFFFF0C2B0000000C2B0000000C220000000C2D0000000B0C1F00000004000000000CFFFFFFFF110E0D415454
310
5249425F435553544F4D0D066174747269620CFFFFFFFF04FFFFFFFF0CFFFFFFFF0CFFFFFFFF0C220000000711736B657463685F6174747269625F646566040100000004010000000403000000070D32323020302030203020312031110D04656467650C3E00000004FFFFFFFF0CFFFFFFFF0C3F00000006182D4454FB2109
310
C00C3F00000006182D4454FB2109400C220000000C400000000B0707756E6B6E6F776E110E0D4154545249425F435553544F4D0D066174747269620CFFFFFFFF04FFFFFFFF0CFFFFFFFF0CFFFFFFFF0C23000000071667656E657269635F7461675F6174747269625F6465660403000000040300000004FFFFFFFF07176765
310
6E657269635F7461675F6174747269625F646566200401000000040200000007022D310400000000040100000004470100000400000000110D067665727465780CFFFFFFFF04FFFFFFFF0CFFFFFFFF0C2300000004020000000C41000000110E07656C6C697073650D0563757276650CFFFFFFFF04FFFFFFFF0CFFFFFFFF13
310
3433333D3333F33FCDCCCCCCCCCCFC3F48D89F080ACBDF3F140000000000000000000000000000F03F000000000000000014989999999999D93F0000000000000000000000000000000006000000000000F03F0B0B110E0D4154545249425F435553544F4D0D066174747269620CFFFFFFFF04FFFFFFFF0CFFFFFFFF0CFFFF
310
FFFF0C25000000071667656E657269635F7461675F6174747269625F6465660403000000040300000004FFFFFFFF071767656E657269635F7461675F6174747269625F64656620040100000004010000000701330400000000040100000004380100000400000000110D04666163650C4200000004FFFFFFFF0CFFFFFFFF0C
310
430000000C440000000C070000000CFFFFFFFF0C450000000B0B110D046C6F6F700CFFFFFFFF04FFFFFFFF0CFFFFFFFF0C460000000C470000000C25000000110E04636F6E650D07737572666163650CFFFFFFFF04FFFFFFFF0CFFFFFFFF1300000005000004400000A0666666214013AE09F0A6DE0F401400000000000000
310
00A74C58E87AB6EBBF060000000000E0BF14000000000000F8BF0000000000000000000000000000000006000000000000F03F0B0B06000000000000000006000000000000F03F06000000000000F83F0B0B0B0B0B110D046C6F6F700CFFFFFFFF04FFFFFFFF0CFFFFFFFF0CFFFFFFFF0C480000000C19000000110D06636F
310
656467650CFFFFFFFF04FFFFFFFF0CFFFFFFFF0C360000000C360000000C490000000C4A0000000B0C2600000004000000000CFFFFFFFF110E0D4154545249425F435553544F4D0D066174747269620CFFFFFFFF04FFFFFFFF0CFFFFFFFF0CFFFFFFFF0C290000000711736B657463685F6174747269625F64656604010000
310
0004010000000403000000070D33333420302030203020312031110D06636F656467650CFFFFFFFF04FFFFFFFF0CFFFFFFFF0C380000000C380000000C290000000C390000000B0C4B00000004000000000CFFFFFFFF110D04656467650C4C00000004FFFFFFFF0CFFFFFFFF0C4D00000006182D4454FB2109C00C4D000000
310
06182D4454FB2109400C380000000C4E0000000B0707756E6B6E6F776E110E0D4154545249425F435553544F4D0D066174747269620CFFFFFFFF04FFFFFFFF0CFFFFFFFF0CFFFFFFFF0C2A000000071667656E657269635F7461675F6174747269625F6465660403000000040300000004FFFFFFFF071767656E657269635F
310
7461675F6174747269625F646566200401000000040200000007022D310400000000040100000004690100000400000000110D067665727465780CFFFFFFFF04FFFFFFFF0CFFFFFFFF0C2A00000004020000000C4F000000110E07656C6C697073650D0563757276650CFFFFFFFF04FFFFFFFF0CFFFFFFFF13000000000000
310
04400000000000001640F8FFFFFFFFFFDF3F1400000000000000000000000000000000000000000000F03F14CCCCCCCCCCCCFC3F0000000000000000000000000000000006000000000000F03F0B0B110E0D4154545249425F435553544F4D0D066174747269620CFFFFFFFF04FFFFFFFF0CFFFFFFFF0CFFFFFFFF0C2B0000
310
000711736B657463685F6174747269625F646566040100000004010000000403000000070D32323020302030203020312031110E0D4154545249425F435553544F4D0D066174747269620CFFFFFFFF04FFFFFFFF0CFFFFFFFF0CFFFFFFFF0C2D000000071667656E657269635F7461675F6174747269625F64656604030000
310
00040300000004FFFFFFFF071767656E657269635F7461675F6174747269625F646566200401000000040400000007042D3232300400000000040100000004470100000400000000110D067665727465780CFFFFFFFF04FFFFFFFF0CFFFFFFFF0C2D00000004000000000C50000000110E07656C6C697073650D0563757276
310
650CFFFFFFFF04FFFFFFFF0CFFFFFFFF133433333D3333F33F9A9999999999E93F48D89F080ACBDF3F140000000000000000000000000000F03F000000000000000014989999999999D93F0000000000000000000000000000000006000000000000F03F0B0B110D05706F696E740CFFFFFFFF04FFFFFFFF0CFFFFFFFF139C
310
9999AD9999E93FCDCCCCCCCCCCFC3F49D89F080ACBDF3F110E0D4154545249425F435553544F4D0D066174747269620CFFFFFFFF04FFFFFFFF0CFFFFFFFF0CFFFFFFFF0C32000000071667656E657269635F7461675F6174747269625F6465660403000000040300000004FFFFFFFF071767656E657269635F7461675F6174
310
747269625F64656620040100000004010000000701320400000000040100000004380100000400000000110D04666163650C5100000004FFFFFFFF0CFFFFFFFF0C520000000C530000000C070000000CFFFFFFFF0C540000000B0B110D046C6F6F700CFFFFFFFF04FFFFFFFF0CFFFFFFFF0C550000000C490000000C320000
310
00110E05706C616E650D07737572666163650CFFFFFFFF04FFFFFFFF0CFFFFFFFF130000000500000440ECA5923B0F3A2140B047A38940780F40140000000000000000AA4C58E87AB6EB3F030000000000E03F14000000000000F0BF000000000000000000000000000000000B0B0B0B0B110D046C6F6F700CFFFFFFFF04FF
310
FFFFFF0CFFFFFFFF0CFFFFFFFF0C560000000C25000000110D06636F656467650CFFFFFFFF04FFFFFFFF0CFFFFFFFF0C470000000C470000000C570000000C580000000B0C3300000004000000000CFFFFFFFF110D06636F656467650C5900000004FFFFFFFF0CFFFFFFFF0C480000000C480000000C5A0000000C5B000000
310
0A0C3500000004000000000CFFFFFFFF110D06636F656467650CFFFFFFFF04FFFFFFFF0CFFFFFFFF0C490000000C490000000C360000000C4A0000000A0C4400000004000000000CFFFFFFFF110D04656467650CFFFFFFFF04FFFFFFFF0CFFFFFFFF0C5C00000006182D4454FB2109C00C5C00000006182D4454FB2109400C
310
360000000C5D0000000B0707756E6B6E6F776E110D046C6F6F700CFFFFFFFF04FFFFFFFF0CFFFFFFFF0C5E0000000C380000000C5F000000110E0D4154545249425F435553544F4D0D066174747269620CFFFFFFFF04FFFFFFFF0CFFFFFFFF0CFFFFFFFF0C39000000071667656E657269635F7461675F6174747269625F64
310
65660403000000040300000004FFFFFFFF071767656E657269635F7461675F6174747269625F646566200401000000040400000007042D3333340400000000040100000004690100000400000000110D067665727465780CFFFFFFFF04FFFFFFFF0CFFFFFFFF0C3900000004000000000C60000000110E07656C6C69707365
310
0D0563757276650CFFFFFFFF04FFFFFFFF0CFFFFFFFF1300000000000004400000000000001640000000000000000014000000000000008045175D74D145973C000000000000F03F14CCCCCCCCCCCCFC3F0000000000000000000000000000000006000000000000F03F0B0B110D05706F696E740CFFFFFFFF04FFFFFFFF0C
310
FFFFFFFF13686666666666E63F0000000000001640F8FFFFFFFFFFDF3F110D05706F696E740CFFFFFFFF04FFFFFFFF0CFFFFFFFF139C9999AD9999E93F9A9999999999E93F49D89F080ACBDF3F110E0D4154545249425F435553544F4D0D066174747269620CFFFFFFFF04FFFFFFFF0CFFFFFFFF0CFFFFFFFF0C4300000007
310
1667656E657269635F7461675F6174747269625F6465660403000000040300000004FFFFFFFF071767656E657269635F7461675F6174747269625F646566200401000000040100000007013404000000000401000000042F0100000400000000110D04666163650C6100000004FFFFFFFF0CFFFFFFFF0C620000000C630000
310
000C070000000CFFFFFFFF0C640000000A0B110D046C6F6F700CFFFFFFFF04FFFFFFFF0CFFFFFFFF0C650000000C660000000C43000000110E05706C616E650D07737572666163650CFFFFFFFF04FFFFFFFF0CFFFFFFFF1300000000000000000200000000002640000000000000D0BC140000000000000080AA4C58E87AB6
310
EB3F020000000000E03F140000000000000080020000000000E0BFAA4C58E87AB6EB3F0B0B0B0B0B110D046C6F6F700CFFFFFFFF04FFFFFFFF0CFFFFFFFF0CFFFFFFFF0C570000000C32000000110D06636F656467650C6700000004FFFFFFFF0CFFFFFFFF0C560000000C560000000C680000000C690000000A0C46000000
310
04000000000CFFFFFFFF110D06636F656467650CFFFFFFFF04FFFFFFFF0CFFFFFFFF0C570000000C570000000C470000000C580000000A0C5500000004000000000CFFFFFFFF110D04656467650CFFFFFFFF04FFFFFFFF0CFFFFFFFF0C6A00000006182D4454FB2109C00C6A00000006182D4454FB2109400C470000000C6B
310
0000000B0707756E6B6E6F776E110E0D4154545249425F435553544F4D0D066174747269620CFFFFFFFF04FFFFFFFF0CFFFFFFFF0CFFFFFFFF0C480000000711736B657463685F6174747269625F646566040100000004010000000403000000071631383220302034323934393637323935203020312031110D06636F6564
310
67650CFFFFFFFF04FFFFFFFF0CFFFFFFFF0C5A0000000C5A0000000C480000000C5B0000000B0C6C00000004000000000CFFFFFFFF110D04656467650CFFFFFFFF04FFFFFFFF0CFFFFFFFF0C6D00000006182D4454FB2109C00C6D00000006182D4454FB2109400C5A0000000C6E0000000B0707756E6B6E6F776E110D0676
310
65727465780CFFFFFFFF04FFFFFFFF0CFFFFFFFF0C4A00000004000000000C6F000000110E07656C6C697073650D0563757276650CFFFFFFFF04FFFFFFFF0CFFFFFFFF130000000500000440ECA5923B0F3A2140B047A38940780F40140000000000000000AA4C58E87AB6EB3F030000000000E03F14343333333333F3BF00
310
00000000000000000000000000000006000000000000F03F0B0B110D046C6F6F700CFFFFFFFF04FFFFFFFF0CFFFFFFFF0CFFFFFFFF0C700000000C5F000000110D04666163650C7100000004FFFFFFFF0CFFFFFFFF0C720000000C4B0000000C070000000CFFFFFFFF0C730000000B0B110D05706F696E740CFFFFFFFF04FF
310
FFFFFF0CFFFFFFFF13686666666666E63F0000000000001640010000000000C0BC110E0D4154545249425F435553544F4D0D066174747269620CFFFFFFFF04FFFFFFFF0CFFFFFFFF0CFFFFFFFF0C52000000071667656E657269635F7461675F6174747269625F6465660403000000040300000004FFFFFFFF071767656E65
310
7269635F7461675F6174747269625F64656620040100000004010000000701340400000000040100000004340100000400000000110D04666163650C7400000004FFFFFFFF0CFFFFFFFF0C750000000C760000000C070000000CFFFFFFFF0C770000000A0B110D046C6F6F700CFFFFFFFF04FFFFFFFF0CFFFFFFFF0C780000
310
000C790000000C52000000110E04636F6E650D07737572666163650CFFFFFFFF04FFFFFFFF0CFFFFFFFF1300000005000004400300800400000240D1A82E4D4A2D0F40140000000000000000B14C58E87AB6EB3FEAFFFFFFFFFFDFBF14343333333333F33F0000000000000000000000000000000006000000000000F03F0B
310
0B06000000000000000006000000000000F0BF06343333333333F33F0B0B0B0B0B110D046C6F6F700CFFFFFFFF04FFFFFFFF0CFFFFFFFF0CFFFFFFFF0C680000000C43000000110D06636F656467650CFFFFFFFF04FFFFFFFF0CFFFFFFFF0C7A0000000C7B0000000C7C0000000C7D0000000A0C5300000004000000000CFF
310
FFFFFF110E0D4154545249425F435553544F4D0D066174747269620CFFFFFFFF04FFFFFFFF0CFFFFFFFF0CFFFFFFFF0C560000000711736B657463685F6174747269625F646566040100000004010000000403000000070D31383020302030203020312031110D06636F656467650CFFFFFFFF04FFFFFFFF0CFFFFFFFF0C68
310
0000000C680000000C560000000C690000000B0C6500000004000000000CFFFFFFFF110D04656467650CFFFFFFFF04FFFFFFFF0CFFFFFFFF0C7E00000006182D4454FB2109C00C7E00000006182D4454FB2109400C680000000C7F0000000B0707756E6B6E6F776E110D067665727465780CFFFFFFFF04FFFFFFFF0CFFFFFF
310
FF0C5800000004000000000C80000000110E07656C6C697073650D0563757276650CFFFFFFFF04FFFFFFFF0CFFFFFFFF130000000500000440ECA5923B0F3A2140B047A38940780F40140000000000000080AA4C58E87AB6EBBF030000000000E0BF14000000000000F8BF0000000000000000000000000000000006000000
310
000000F03F0B0B110D046C6F6F700CFFFFFFFF04FFFFFFFF0CFFFFFFFF0CFFFFFFFF0C5A0000000C81000000110D067665727465780CFFFFFFFF04FFFFFFFF0CFFFFFFFF0C5B00000004000000000C82000000110E07656C6C697073650D0563757276650CFFFFFFFF04FFFFFFFF0CFFFFFFFF130000000500000440FFFF9F
310
666666214010AE09F0A6DE0F40140000000000000080AA4C58E87AB6EB3F020000000000E03F14343333333333F3BF0000000000000000000000000000000006000000000000F03F0B0B110D05706F696E740CFFFFFFFF04FFFFFFFF0CFFFFFFFF139A99999E99990D40ECA5923B0F3A2140AD47A38940780F40110D06636F
310
656467650CFFFFFFFF04FFFFFFFF0CFFFFFFFF0C830000000C840000000C850000000C860000000A0C5E00000004000000000CFFFFFFFF110E0D4154545249425F435553544F4D0D066174747269620CFFFFFFFF04FFFFFFFF0CFFFFFFFF0CFFFFFFFF0C5F000000071667656E657269635F7461675F6174747269625F6465
310
660403000000040300000004FFFFFFFF071767656E657269635F7461675F6174747269625F646566200401000000040100000007013304000000000401000000042F0100000400000000110D04666163650C8700000004FFFFFFFF0CFFFFFFFF0C810000000C880000000C070000000CFFFFFFFF0C890000000A0B110E0570
310
6C616E650D07737572666163650CFFFFFFFF04FFFFFFFF0CFFFFFFFF1300000000000000000000000000000000000000000000000014000000000000000045175D74D14597BC000000000000F0BF140000000000000000000000000000F03F45175D74D14597BC0B0B0B0B0B110E0D4154545249425F435553544F4D0D0661
310
74747269620CFFFFFFFF04FFFFFFFF0CFFFFFFFF0CFFFFFFFF0C62000000071667656E657269635F7461675F6174747269625F6465660403000000040300000004FFFFFFFF071767656E657269635F7461675F6174747269625F64656620040100000004010000000701330400000000040100000004340100000400000000
310
110D04666163650C8A00000004FFFFFFFF0CFFFFFFFF0C8B0000000C8C0000000C070000000CFFFFFFFF0C8D0000000B0B110D046C6F6F700CFFFFFFFF04FFFFFFFF0CFFFFFFFF0C8E0000000C8F0000000C62000000110E04636F6E650D07737572666163650CFFFFFFFF04FFFFFFFF0CFFFFFFFF13000000050000044003
310
00800400000240D1A82E4D4A2D0F40140000000000000000B14C58E87AB6EB3FEAFFFFFFFFFFDFBF14000000000000F83F0000000000000000000000000000000006000000000000F03F0B0B06000000000000000006000000000000F03F06000000000000F83F0B0B0B0B0B110D046C6F6F700CFFFFFFFF04FFFFFFFF0CFF
310
FFFFFF0CFFFFFFFF0C900000000C52000000110D06636F656467650CFFFFFFFF04FFFFFFFF0CFFFFFFFF0C790000000C790000000C910000000C920000000B0C6300000004000000000CFFFFFFFF110D06636F656467650CFFFFFFFF04FFFFFFFF0CFFFFFFFF0C930000000C660000000C940000000C950000000A0C530000
310
0004000000000CFFFFFFFF110D06636F656467650CFFFFFFFF04FFFFFFFF0CFFFFFFFF0C660000000C930000000C960000000C970000000A0C5300000004000000000CFFFFFFFF110D06636F656467650CFFFFFFFF04FFFFFFFF0CFFFFFFFF0C980000000C990000000C660000000C7D0000000B0C9A00000004000000000C
310
FFFFFFFF110D04656467650CFFFFFFFF04FFFFFFFF0CFFFFFFFF0C9B000000063ECAB86F845310C00C9C00000006F07AA93C35EAFF3F0C660000000C9D0000000B070774616E67656E74110D067665727465780CFFFFFFFF04FFFFFFFF0CFFFFFFFF0C6900000004000000000C9E000000110E07656C6C697073650D056375
310
7276650CFFFFFFFF04FFFFFFFF0CFFFFFFFF130000000500000440FFFF9F666666214010AE09F0A6DE0F40140000000000000000AA4C58E87AB6EBBF020000000000E0BF14000000000000F8BF0000000000000000000000000000000006000000000000F03F0B0B110D05706F696E740CFFFFFFFF04FFFFFFFF0CFFFFFFFF
310
130000800200001040ECA5923B0F3A2140AD47A38940780F40110D04666163650C9F00000004FFFFFFFF0CFFFFFFFF0CA00000000C6C0000000C070000000CFFFFFFFF0C540000000B0B110D05706F696E740CFFFFFFFF04FFFFFFFF0CFFFFFFFF139A99999E99990D400000A0666666214013AE09F0A6DE0F40110D06636F
310
656467650CFFFFFFFF04FFFFFFFF0CFFFFFFFF0CA10000000C700000000CA20000000CA30000000A0C5E00000004000000000CFFFFFFFF110D06636F656467650CFFFFFFFF04FFFFFFFF0CFFFFFFFF0C700000000CA10000000CA40000000CA50000000A0C5E00000004000000000CFFFFFFFF110D06636F656467650CFFFF
310
FFFF04FFFFFFFF0CFFFFFFFF0CA60000000CA70000000C700000000C860000000B0CA800000004000000000CFFFFFFFF110D04656467650CFFFFFFFF04FFFFFFFF0CFFFFFFFF0CA900000006BF5E2A4F8D3A1EC00CAA000000067ABD549E1A7500400C700000000CAB0000000B070774616E67656E74110E0D415454524942
310
5F435553544F4D0D066174747269620CFFFFFFFF04FFFFFFFF0CFFFFFFFF0CFFFFFFFF0C72000000071667656E657269635F7461675F6174747269625F6465660403000000040300000004FFFFFFFF071767656E657269635F7461675F6174747269625F646566200401000000040100000007013104000000000401000000
310
042F0100000400000000110D046C6F6F700CFFFFFFFF04FFFFFFFF0CFFFFFFFF0CAC0000000CAD0000000C72000000110E05706C616E650D07737572666163650CFFFFFFFF04FFFFFFFF0CFFFFFFFF130000000000000000020000000000164013434D8BAB3F084014000000000000F03F0000000000000000000000000000
310
0000140000000000000000000000000000F03F00000000000000000B0B0B0B0B110E0D4154545249425F435553544F4D0D066174747269620CFFFFFFFF04FFFFFFFF0CFFFFFFFF0CFFFFFFFF0C75000000071667656E657269635F7461675F6174747269625F6465660403000000040300000004FFFFFFFF071767656E6572
310
69635F7461675F6174747269625F64656620040100000004010000000701320400000000040100000004340100000400000000110D04666163650CAE00000004FFFFFFFF0CFFFFFFFF0CAF0000000CB00000000C070000000CFFFFFFFF0CB10000000B0B110D046C6F6F700CFFFFFFFF04FFFFFFFF0CFFFFFFFF0CB2000000
310
0C910000000C75000000110E05706C616E650D07737572666163650CFFFFFFFF04FFFFFFFF0CFFFFFFFF1300000005000004405368B5B05CB102406A42C8E6E3C60E40140000000000000000AA4C58E87AB6EBBF030000000000E03F14000000000000F03F000000000000000000000000000000000B0B0B0B0B110D046C6F
310
6F700CFFFFFFFF04FFFFFFFF0CFFFFFFFF0CFFFFFFFF0CB30000000C62000000110D06636F656467650CFFFFFFFF04FFFFFFFF0CFFFFFFFF0C8F0000000C8F0000000CB40000000CB50000000B0C7600000004000000000CFFFFFFFF110D06636F656467650CB600000004FFFFFFFF0CFFFFFFFF0C900000000C900000000C
310
B70000000CB80000000A0C7800000004000000000CFFFFFFFF110D06636F656467650CFFFFFFFF04FFFFFFFF0CFFFFFFFF0C910000000C910000000C790000000C920000000A0C8C00000004000000000CFFFFFFFF110D04656467650CFFFFFFFF04FFFFFFFF0CFFFFFFFF0CB900000006182D4454FB2109C00CB900000006
310
182D4454FB2109400C790000000CBA0000000B0707756E6B6E6F776E110D06636F656467650CFFFFFFFF04FFFFFFFF0CFFFFFFFF0C7B0000000C7A0000000CBB0000000CBC0000000A0C5300000004000000000CFFFFFFFF110D06636F656467650CFFFFFFFF04FFFFFFFF0CFFFFFFFF0CBD0000000CBE0000000C7A000000
310
0C950000000B0CBF00000004000000000CFFFFFFFF110D04656467650CFFFFFFFF04FFFFFFFF0CFFFFFFFF0CC00000000666666666666612C00C9B000000069A9999999999D9BF0C7A0000000CC10000000B070774616E67656E74110D06636F656467650CFFFFFFFF04FFFFFFFF0CFFFFFFFF0CC20000000CC30000000C7B
310
0000000C970000000B0CC400000004000000000CFFFFFFFF110D04656467650CFFFFFFFF04FFFFFFFF0CFFFFFFFF0C9C000000069A9999999999D93F0CC50000000666666666666612400C7B0000000CC60000000B070774616E67656E74110D06636F656467650CFFFFFFFF04FFFFFFFF0CFFFFFFFF0CC70000000C7C0000
310
000CC80000000CC90000000B0C9A00000004000000000CFFFFFFFF110D06636F656467650CFFFFFFFF04FFFFFFFF0CFFFFFFFF0C7C0000000CC70000000CCA0000000CCB0000000B0C9A00000004000000000CFFFFFFFF110D046C6F6F700CFFFFFFFF04FFFFFFFF0CFFFFFFFF0CFFFFFFFF0C980000000CCC000000110D06
310
7665727465780CFFFFFFFF04FFFFFFFF0CFFFFFFFF0C7D00000004000000000CCD000000110D067665727465780CFFFFFFFF04FFFFFFFF0CFFFFFFFF0C7D00000004010000000CCE000000110E0873747261696768740D0563757276650CFFFFFFFF04FFFFFFFF0CFFFFFFFF139A9999999999D93F02000000005023408153
310
1B949A9E0240140000000000000000020000000000E03FAA4C58E87AB6EBBF0A06B1462E1BF26717C00A065FB63FF5F51D0E40110D05706F696E740CFFFFFFFF04FFFFFFFF0CFFFFFFFF1300008002000010400000A0666666214013AE09F0A6DE0F40110E0D4154545249425F435553544F4D0D066174747269620CFFFFFF
310
FF04FFFFFFFF0CFFFFFFFF0CFFFFFFFF0C81000000071667656E657269635F7461675F6174747269625F6465660403000000040300000004FFFFFFFF071767656E657269635F7461675F6174747269625F646566200401000000040100000007013404000000000401000000042F0100000400000000110D04666163650CCF
310
00000004FFFFFFFF0CFFFFFFFF0CD00000000CD10000000C070000000CFFFFFFFF0CD20000000B0B110D06636F656467650CFFFFFFFF04FFFFFFFF0CFFFFFFFF0C840000000C830000000CD30000000CD40000000A0C5E00000004000000000CFFFFFFFF110D06636F656467650CFFFFFFFF04FFFFFFFF0CFFFFFFFF0CC300
310
00000CC20000000C830000000CA30000000B0CC400000004000000000CFFFFFFFF110D04656467650CFFFFFFFF04FFFFFFFF0CFFFFFFFF0CD50000000666666666666612C00CA9000000069A9999999999D9BF0C830000000CD60000000B070774616E67656E74110D06636F656467650CFFFFFFFF04FFFFFFFF0CFFFFFFFF
310
0CD70000000CD80000000C840000000CA50000000B0CD900000004000000000CFFFFFFFF110D04656467650CFFFFFFFF04FFFFFFFF0CFFFFFFFF0CAA000000069A9999999999D93F0CDA0000000666666666666612400C840000000CDB0000000B070774616E67656E74110D06636F656467650CFFFFFFFF04FFFFFFFF0CFF
310
FFFFFF0CDC0000000C850000000CDD0000000CDE0000000B0CA800000004000000000CFFFFFFFF110D06636F656467650CFFFFFFFF04FFFFFFFF0CFFFFFFFF0C850000000CDC0000000CDF0000000CE00000000B0CA800000004000000000CFFFFFFFF110D046C6F6F700CFFFFFFFF04FFFFFFFF0CFFFFFFFF0CFFFFFFFF0C
310
A70000000CE1000000110D067665727465780CFFFFFFFF04FFFFFFFF0CFFFFFFFF0C8600000004000000000CE2000000110D067665727465780CFFFFFFFF04FFFFFFFF0CFFFFFFFF0C8600000004010000000CE3000000110E0873747261696768740D0563757276650CFFFFFFFF04FFFFFFFF0CFFFFFFFF139A9999999999
310
D93F0200000000000640000000000000B0BC140000000000000080000000000000F0BF45175D74D145973C0A06BC033C69E1FA22C00A06F40EF0A485EB0F40110D046C6F6F700CFFFFFFFF04FFFFFFFF0CFFFFFFFF0CFFFFFFFF0CE40000000C72000000110D06636F656467650CFFFFFFFF04FFFFFFFF0CFFFFFFFF0CE500
310
00000CE60000000CE70000000CE80000000A0C8800000004000000000CFFFFFFFF110E0D4154545249425F435553544F4D0D066174747269620CFFFFFFFF04FFFFFFFF0CFFFFFFFF0CFFFFFFFF0C8B000000071667656E657269635F7461675F6174747269625F6465660403000000040300000004FFFFFFFF071767656E65
310
7269635F7461675F6174747269625F646566200401000000040100000007013604000000000401000000042F0100000400000000110D04666163650CE900000004FFFFFFFF0CFFFFFFFF0CEA0000000CEB0000000C070000000CFFFFFFFF0CEC0000000B0B110D046C6F6F700CFFFFFFFF04FFFFFFFF0CFFFFFFFF0CED0000
310
000CEE0000000C8B000000110E05706C616E650D07737572666163650CFFFFFFFF04FFFFFFFF0CFFFFFFFF1300000000000000000200000000000C4014434D8BAB3F1840140000000000000000AA4C58E87AB6EBBF020000000000E03F140000000000000080020000000000E0BFAA4C58E87AB6EBBF0B0B0B0B0B110D046C
310
6F6F700CFFFFFFFF04FFFFFFFF0CFFFFFFFF0CFFFFFFFF0CB40000000C75000000110D06636F656467650CEF00000004FFFFFFFF0CFFFFFFFF0CB30000000CB30000000CF00000000CF10000000A0C8E00000004000000000CFFFFFFFF110D06636F656467650CFFFFFFFF04FFFFFFFF0CFFFFFFFF0CB40000000CB4000000
310
0C8F0000000CB50000000A0CB200000004000000000CFFFFFFFF110D04656467650CFFFFFFFF04FFFFFFFF0CFFFFFFFF0CF200000006182D4454FB2109C00CF200000006182D4454FB2109400C8F0000000CF30000000B0707756E6B6E6F776E110E0D4154545249425F435553544F4D0D066174747269620CFFFFFFFF04FF
310
FFFFFF0CFFFFFFFF0CFFFFFFFF0C900000000711736B657463685F6174747269625F646566040100000004010000000403000000071631363820302034323934393637323935203020312031110D06636F656467650CFFFFFFFF04FFFFFFFF0CFFFFFFFF0CB70000000CB70000000C900000000CB80000000B0CF400000004
310
000000000CFFFFFFFF110D04656467650CFFFFFFFF04FFFFFFFF0CFFFFFFFF0CF500000006182D4454FB2109C00CF500000006182D4454FB2109400CB70000000CF60000000B0707756E6B6E6F776E110D067665727465780CFFFFFFFF04FFFFFFFF0CFFFFFFFF0C9200000004000000000CF7000000110E07656C6C697073
310
650D0563757276650CFFFFFFFF04FFFFFFFF0CFFFFFFFF1300000005000004405368B5B05CB102406A42C8E6E3C60E40140000000000000000AA4C58E87AB6EBBF030000000000E03F14343333333333F33F0000000000000000000000000000000006000000000000F03F0B0B110D06636F656467650CFFFFFFFF04FFFFFF
310
FF0CFFFFFFFF0CF80000000CF90000000C930000000CBC0000000B0CFA00000004000000000CFFFFFFFF110D04656467650CFFFFFFFF04FFFFFFFF0CFFFFFFFF0CC500000006F07AA93C35EAFFBF0CC0000000063ECAB86F845310400C930000000CFB0000000B070774616E67656E74110D06636F656467650CFFFFFFFF04
310
FFFFFFFF0CFFFFFFFF0CFC0000000C940000000CFD0000000CFE0000000B0CBF00000004000000000CFFFFFFFF110D06636F656467650CFFFFFFFF04FFFFFFFF0CFFFFFFFF0C940000000CFC0000000CFF0000000C000100000B0CBF00000004000000000CFFFFFFFF110D046C6F6F700CFFFFFFFF04FFFFFFFF0CFFFFFFFF
310
0CFFFFFFFF0CBE0000000C01010000110D067665727465780CFFFFFFFF04FFFFFFFF0CFFFFFFFF0C9500000004000000000C02010000110E0873747261696768740D0563757276650CFFFFFFFF04FFFFFFFF0CFFFFFFFF130000000000000000E39A23C83D761E40467680BEDE72174014000000000000F0BF000000000000
310
008000000000000000000A06790778D2C2F518C00A06E31DE0490BD7F33F110D06636F656467650CFFFFFFFF04FFFFFFFF0CFFFFFFFF0CA20000000C960000000C030100000C040100000B0CC400000004000000000CFFFFFFFF110D06636F656467650CFFFFFFFF04FFFFFFFF0CFFFFFFFF0C960000000CA20000000C0501
310
00000C060100000B0CC400000004000000000CFFFFFFFF110D046C6F6F700CFFFFFFFF04FFFFFFFF0CFFFFFFFF0CFFFFFFFF0CC20000000C07010000110D067665727465780CFFFFFFFF04FFFFFFFF0CFFFFFFFF0C9700000004010000000C08010000110E0873747261696768740D0563757276650CFFFFFFFF04FFFFFFFF
310
0CFFFFFFFF130000000000000000B197CA53A34E25402B3333333333E33F14000000000000F03F000000000000000000000000000000000A06E31DE0490BD7F3BF0A06790778D2C2F51840110D06636F656467650CFFFFFFFF04FFFFFFFF0CFFFFFFFF0C990000000C980000000C090100000C0A0100000B0C9A0000000400
310
0000000CFFFFFFFF110D06636F656467650CFFFFFFFF04FFFFFFFF0CFFFFFFFF0C050100000CDF0000000C980000000CC90000000A0C0B01000004000000000CFFFFFFFF110D04656467650CFFFFFFFF04FFFFFFFF0CFFFFFFFF0C9C000000060700000000C092390C0C010000061B2D4454FB21F93F0C980000000C0D0100
310
000A070774616E67656E74110D06636F656467650CFFFFFFFF04FFFFFFFF0CFFFFFFFF0C0E0100000CFD0000000C990000000CCB0000000A0C0F01000004000000000CFFFFFFFF110D04656467650CFFFFFFFF04FFFFFFFF0CFFFFFFFF0C100100000600000000000000800C9B00000006182D4454FB21F93F0C990000000C
310
110100000A070774616E67656E74110D04666163650C1201000004FFFFFFFF0CFFFFFFFF0C130100000C9A0000000C070000000CFFFFFFFF0C140100000B0B110D05706F696E740CFFFFFFFF04FFFFFFFF0CFFFFFFFF139A9999999999D93FE49A23C83D761E40477680BEDE721740110D05706F696E740CFFFFFFFF04FFFF
310
FFFF0CFFFFFFFF139A9999999999D93FB197CA53A34E25402B3333333333E33F110E0D4154545249425F435553544F4D0D066174747269620CFFFFFFFF04FFFFFFFF0CFFFFFFFF0CFFFFFFFF0CA0000000071667656E657269635F7461675F6174747269625F6465660403000000040300000004FFFFFFFF071767656E6572
310
69635F7461675F6174747269625F646566200401000000040100000007013504000000000401000000042F0100000400000000110D04666163650C1501000004FFFFFFFF0CFFFFFFFF0C160100000CF40000000C070000000CFFFFFFFF0CB10000000B0B110D046C6F6F700CFFFFFFFF04FFFFFFFF0CFFFFFFFF0CFFFFFFFF
310
0C170100000CA0000000110E05706C616E650D07737572666163650CFFFFFFFF04FFFFFFFF0CFFFFFFFF1300000000000000000100000000001E4014434D8BAB3F18401400000000000000000000000000000000000000000000F03F140000000000000080000000000000F0BF00000000000000800B0B0B0B0B110D06636F
310
656467650CFFFFFFFF04FFFFFFFF0CFFFFFFFF0C180100000C190100000CA10000000CD40000000B0C1A01000004000000000CFFFFFFFF110D04656467650CFFFFFFFF04FFFFFFFF0CFFFFFFFF0CDA000000067ABD549E1A7500C00CD500000006BF5E2A4F8D3A1E400CA10000000C1B0100000B070774616E67656E74110D
310
067665727465780CFFFFFFFF04FFFFFFFF0CFFFFFFFF0CA300000004000000000C1C010000110E0873747261696768740D0563757276650CFFFFFFFF04FFFFFFFF0CFFFFFFFF130000000000000000602F95A7469D2440000000000000CEBC14000000000000F0BF000000000000008000000000000000800A06790778D2C2
310
F518C00A06E31DE0490BD7F33F110D06636F656467650CFFFFFFFF04FFFFFFFF0CFFFFFFFF0C1D0100000CA40000000C1E0100000C1F0100000B0CD900000004000000000CFFFFFFFF110D06636F656467650CFFFFFFFF04FFFFFFFF0CFFFFFFFF0CA40000000C1D0100000C200100000C210100000B0CD900000004000000
310
000CFFFFFFFF110D046C6F6F700CFFFFFFFF04FFFFFFFF0CFFFFFFFF0CFFFFFFFF0CD70000000C22010000110D067665727465780CFFFFFFFF04FFFFFFFF0CFFFFFFFF0CA500000004010000000C23010000110E0873747261696768740D0563757276650CFFFFFFFF04FFFFFFFF0CFFFFFFFF130000000000000000220AAD
310
86952BE63F00000000000090BC14000000000000F03F000000000000000000000000000000000A06E31DE0490BD7F3BF0A06790778D2C2F51840110D06636F656467650CFFFFFFFF04FFFFFFFF0CFFFFFFFF0CA70000000CA60000000CE40000000C240100000B0CA800000004000000000CFFFFFFFF110D06636F65646765
310
0CFFFFFFFF04FFFFFFFF0CFFFFFFFF0C200100000C250100000CA60000000CDE0000000A0C2601000004000000000CFFFFFFFF110D04656467650CFFFFFFFF04FFFFFFFF0CFFFFFFFF0CAA0000000600000000000000000C2701000006182D4454FB21F93F0CA60000000C280100000A070774616E67656E74110D06636F65
310
6467650CFFFFFFFF04FFFFFFFF0CFFFFFFFF0CC80000000C050100000CA70000000CE00000000A0C0B01000004000000000CFFFFFFFF110D04656467650CFFFFFFFF04FFFFFFFF0CFFFFFFFF0C0C01000006FFFFFFFFFFFFA33C0CA900000006182D4454FB21F93F0CA70000000C290100000A070774616E67656E74110D04
310
666163650C2A01000004FFFFFFFF0CFFFFFFFF0C2B0100000CA80000000C070000000CFFFFFFFF0C2C0100000B0B110D05706F696E740CFFFFFFFF04FFFFFFFF0CFFFFFFFF139A9999999999D93F602F95A7469D2440E744F0AD09FCCDBC110D05706F696E740CFFFFFFFF04FFFFFFFF0CFFFFFFFF139A9999999999D93F22
310
0AAD86952BE63F00000000000090BC110D06636F656467650CFFFFFFFF04FFFFFFFF0CFFFFFFFF0C2D0100000C090100000CDC0000000C240100000A0CAC00000004000000000CFFFFFFFF110D06636F656467650CFFFFFFFF04FFFFFFFF0CFFFFFFFF0C2E0100000CAD0000000C2F0100000C300100000A0C880000000400
310
0000000CFFFFFFFF110D06636F656467650CFFFFFFFF04FFFFFFFF0CFFFFFFFF0CAD0000000C310100000C320100000C330100000A0C8800000004000000000CFFFFFFFF110D06636F656467650CFFFFFFFF04FFFFFFFF0CFFFFFFFF0C340100000C350100000CAD0000000CE80000000B0C3601000004000000000CFFFFFF
310
FF110D04656467650CFFFFFFFF04FFFFFFFF0CFFFFFFFF0C37010000066D732D3852C1F0BF0C380100000660732D3852C1F03F0CAD0000000C390100000B070774616E67656E74110E0D4154545249425F435553544F4D0D066174747269620CFFFFFFFF04FFFFFFFF0CFFFFFFFF0CFFFFFFFF0CAF000000071667656E6572
310
69635F7461675F6174747269625F6465660403000000040300000004FFFFFFFF071767656E657269635F7461675F6174747269625F6465662004010000000402000000070234300400000000040100000004320100000400000000110D04666163650C3A01000004FFFFFFFF0CFFFFFFFF0C3B0100000C3C0100000C070000
310
000CFFFFFFFF0C3D0100000B0B110D046C6F6F700CFFFFFFFF04FFFFFFFF0CFFFFFFFF0CFFFFFFFF0C3E0100000CAF000000110E05746F7275730D07737572666163650CFFFFFFFF04FFFFFFFF0CFFFFFFFF13919999999999D93F220B646119341B402AE282E2C45F134014000000000000F03F0000000000000000DA3FF4
310
161118D7BC069D9999999999E93F06A79999999999D93F14DA3FF4161118D7BC0000000000000000000000000000F0BF0B0B0B0B0B110D046C6F6F700CFFFFFFFF04FFFFFFFF0CFFFFFFFF0CFFFFFFFF0CF00000000C8B000000110D06636F656467650CFFFFFFFF04FFFFFFFF0CFFFFFFFF0C3F0100000C400100000C4101
310
00000C420100000A0CB000000004000000000CFFFFFFFF110E0D4154545249425F435553544F4D0D066174747269620CFFFFFFFF04FFFFFFFF0CFFFFFFFF0CFFFFFFFF0CB30000000711736B657463685F6174747269625F646566040100000004010000000403000000070D31363620302030203020312031110D06636F65
310
6467650CFFFFFFFF04FFFFFFFF0CFFFFFFFF0CF00000000CF00000000CB30000000CF10000000B0CED00000004000000000CFFFFFFFF110D04656467650CFFFFFFFF04FFFFFFFF0CFFFFFFFF0C4301000006182D4454FB2109C00C4301000006182D4454FB2109400CF00000000C440100000B0707756E6B6E6F776E110D06
310
7665727465780CFFFFFFFF04FFFFFFFF0CFFFFFFFF0CB500000004000000000C45010000110E07656C6C697073650D0563757276650CFFFFFFFF04FFFFFFFF0CFFFFFFFF1300000005000004405368B5B05CB102406A42C8E6E3C60E40140000000000000000AA4C58E87AB6EB3F030000000000E0BF14000000000000F83F
310
0000000000000000000000000000000006000000000000F03F0B0B110D046C6F6F700CFFFFFFFF04FFFFFFFF0CFFFFFFFF0CFFFFFFFF0CB70000000CD0000000110D067665727465780CFFFFFFFF04FFFFFFFF0CFFFFFFFF0CB800000004000000000C46010000110E07656C6C697073650D0563757276650CFFFFFFFF04FF
310
FFFFFF0CFFFFFFFF1300000005000004400A00800400000240CDA82E4D4A2D0F40140000000000000000AA4C58E87AB6EBBF020000000000E03F14343333333333F33F0000000000000000000000000000000006000000000000F03F0B0B110D05706F696E740CFFFFFFFF04FFFFFFFF0CFFFFFFFF13CCCCCCD6CCCCF43F54
310
68B5B05CB102406B42C8E6E3C60E40110D06636F656467650CFFFFFFFF04FFFFFFFF0CFFFFFFFF0C470100000CBB0000000C480100000C490100000B0CFA00000004000000000CFFFFFFFF110D06636F656467650CFFFFFFFF04FFFFFFFF0CFFFFFFFF0CBB0000000C470100000C4A0100000C4B0100000B0CFA0000000400
310
0000000CFFFFFFFF110D046C6F6F700CFFFFFFFF04FFFFFFFF0CFFFFFFFF0CFFFFFFFF0CF80000000C4C010000110E0873747261696768740D0563757276650CFFFFFFFF04FFFFFFFF0CFFFFFFFF136666666666661240020000000050234081531B949A9E0240140000000000000000020000000000E0BFAA4C58E87AB6EB
310
3F0A065FB63FF5F51D0EC00A06B1462E1BF2671740110D06636F656467650CFFFFFFFF04FFFFFFFF0CFFFFFFFF0CBE0000000CBD0000000C4D0100000C4E0100000B0CBF00000004000000000CFFFFFFFF110D06636F656467650CFFFFFFFF04FFFFFFFF0CFFFFFFFF0CCA0000000C0E0100000CBD0000000CFE0000000A0C
310
0F01000004000000000CFFFFFFFF110D04656467650CFFFFFFFF04FFFFFFFF0CFFFFFFFF0C9B00000006170000000020CC3C0C4F0100000667732D3852C1F03F0CBD0000000C500100000A070774616E67656E74110D06636F656467650CFFFFFFFF04FFFFFFFF0CFFFFFFFF0C510100000C480100000CBE0000000C000100
310
000A0C5201000004000000000CFFFFFFFF110D04656467650CFFFFFFFF04FFFFFFFF0CFFFFFFFF0C530100000600000000000000800CC00000000667732D3852C1F03F0CBE0000000C540100000A070774616E67656E74110D04666163650C5501000004FFFFFFFF0CFFFFFFFF0C560100000CBF0000000C070000000CFFFF
310
FFFF0C570100000B0B110D05706F696E740CFFFFFFFF04FFFFFFFF0CFFFFFFFF136666666666661240E39A23C83D761E40467680BEDE721740110D06636F656467650CFFFFFFFF04FFFFFFFF0CFFFFFFFF0C4A0100000C580100000CC20000000C040100000A0C5901000004000000000CFFFFFFFF110D04656467650CFFFF
310
FFFF04FFFFFFFF0CFFFFFFFF0CC50000000600000000000000000CD50000000665732D3852C100400CC20000000C5A0100000A070774616E67656E74110D06636F656467650CFFFFFFFF04FFFFFFFF0CFFFFFFFF0CDF0000000CC80000000CC30000000C060100000A0C0B01000004000000000CFFFFFFFF110D0465646765
310
0CFFFFFFFF04FFFFFFFF0CFFFFFFFF0CA90000000600000000000000800C9C0000000665732D3852C100400CC30000000C5B0100000A070774616E67656E74110D04666163650C5C01000004FFFFFFFF0CFFFFFFFF0C5D0100000CC40000000C070000000CFFFFFFFF0C5E0100000B0B110D05706F696E740CFFFFFFFF04FF
310
FFFFFF0CFFFFFFFF136666666666661240B197CA53A34E25402C3333333333E33F110D06636F656467650CFFFFFFFF04FFFFFFFF0CFFFFFFFF0CE40000000C5F0100000CC70000000C0A0100000A0CAC00000004000000000CFFFFFFFF110D04656467650CFFFFFFFF04FFFFFFFF0CFFFFFFFF0C0C01000006F27AA93C35EA
310
FFBF0C10010000063ECAB86F845310400C090100000C600100000B070774616E67656E74110D046C6F6F700CFFFFFFFF04FFFFFFFF0CFFFFFFFF0CFFFFFFFF0C050100000C61010000110D067665727465780CFFFFFFFF04FFFFFFFF0CFFFFFFFF0C2401000004010000000C62010000110E07656C6C697073650D05637572
310
76650CFFFFFFFF04FFFFFFFF0CFFFFFFFF139A9999999999D93F602F95A7469D2440909999999999D93F14EB2F37D10C52D13CFAFFFFFFFFFFDF3FAD4C58E87AB6EBBF140000000000000000200AAD86952BD63F909999999999C93F06000000000000F03F0A061B2D4454FB21F9BF0A060000000000000080110D06636F65
310
6467650CFFFFFFFF04FFFFFFFF0CFFFFFFFF0CFD0000000CCA0000000C630100000C640100000A0C0F01000004000000000CFFFFFFFF110D046C6F6F700CFFFFFFFF04FFFFFFFF0CFFFFFFFF0CFFFFFFFF0CFD0000000C65010000110D067665727465780CFFFFFFFF04FFFFFFFF0CFFFFFFFF0C0A01000004010000000C66
310
010000110E07656C6C697073650D0563757276650CFFFFFFFF04FFFFFFFF0CFFFFFFFF139A9999999999D93F42CAB86F84131D407AA9B3F111A61640140000000000000000040000000000E0BFA94C58E87AB6EB3F149A9999999999D9BF0000000000000000000000000000000006000000000000F03F0A06182D4454FB21
310
F9BF0A060000000000000080110E0D4154545249425F435553544F4D0D066174747269620CFFFFFFFF04FFFFFFFF0CFFFFFFFF0CFFFFFFFF0CCC000000071667656E657269635F7461675F6174747269625F6465660403000000040300000004FFFFFFFF071767656E657269635F7461675F6174747269625F646566200401
310
0000000402000000070231320400000000040100000004320100000400000000110D04666163650C6701000004FFFFFFFF0CFFFFFFFF0C680100000C690100000C070000000CFFFFFFFF0C6A0100000B0B110E04636F6E650D07737572666163650CFFFFFFFF04FFFFFFFF0CFFFFFFFF139A9999999999D93FB197CA53A39E
310
2240E8B981FA00050140140000000000000000020000000000E03FAA4C58E87AB6EBBF140063FF51181AD2BF6468DBEC7C5ACF3F0563FF51181AC23F06000000000000F03F0B0B06000000000000000006000000000000F03F069A9999999999D93F0B0B0B0B0B110E0D4154545249425F435553544F4D0D06617474726962
310
0CFFFFFFFF04FFFFFFFF0CFFFFFFFF0CFFFFFFFF0CD0000000071667656E657269635F7461675F6174747269625F6465660403000000040300000004FFFFFFFF071767656E657269635F7461675F6174747269625F646566200401000000040100000007013604000000000401000000042F0100000400000000110D046661
310
63650C6B01000004FFFFFFFF0CFFFFFFFF0CFFFFFFFF0C6C0100000C070000000CFFFFFFFF0C6D0100000B0B110D06636F656467650CFFFFFFFF04FFFFFFFF0CFFFFFFFF0C6E0100000C4D0100000C6F0100000C700100000A0CD100000004000000000CFFFFFFFF110D06636F656467650CFFFFFFFF04FFFFFFFF0CFFFFFF
310
FF0C710100000CD30000000C580100000C720100000B0C1A01000004000000000CFFFFFFFF110D06636F656467650CFFFFFFFF04FFFFFFFF0CFFFFFFFF0CD30000000C710100000C730100000C740100000B0C1A01000004000000000CFFFFFFFF110D046C6F6F700CFFFFFFFF04FFFFFFFF0CFFFFFFFF0CFFFFFFFF0C1801
310
00000C75010000110E0873747261696768740D0563757276650CFFFFFFFF04FFFFFFFF0CFFFFFFFF1366666666666612400200000000000640000000000000B0BC140000000000000000000000000000F03F45175D74D14597BC0A06F40EF0A485EB0FC00A06BC033C69E1FA2240110D05706F696E740CFFFFFFFF04FFFFFF
310
FF0CFFFFFFFF136666666666661240602F95A7469D2440000000000000CEBC110D06636F656467650CFFFFFFFF04FFFFFFFF0CFFFFFFFF0CD80000000CD70000000C760100000C770100000B0CD900000004000000000CFFFFFFFF110D06636F656467650CFFFFFFFF04FFFFFFFF0CFFFFFFFF0C730100000C780100000CD7
310
0000000C1F0100000A0C7901000004000000000CFFFFFFFF110D04656467650CFFFFFFFF04FFFFFFFF0CFFFFFFFF0CDA00000006000000000000C43C0C7A0100000666732D3852C100400CD70000000C7B0100000A070774616E67656E74110D06636F656467650CFFFFFFFF04FFFFFFFF0CFFFFFFFF0C250100000CDD0000
310
000CD80000000C210100000A0C2601000004000000000CFFFFFFFF110D04656467650CFFFFFFFF04FFFFFFFF0CFFFFFFFF0C7C01000006FAFFFFFFFF1FDC3C0CAA0000000666732D3852C100400CD80000000C7D0100000A070774616E67656E74110D04666163650C7E01000004FFFFFFFF0CFFFFFFFF0C650100000CD900
310
00000C070000000CFFFFFFFF0C7F0100000B0B110D05706F696E740CFFFFFFFF04FFFFFFFF0CFFFFFFFF136666666666661240200AAD86952BE63FCED87D90B21F90BC110D04656467650CFFFFFFFF04FFFFFFFF0CFFFFFFFF0C27010000067BBD549E1A7500C00C0C01000006BF5E2A4F8D3A1E400CE40000000C80010000
310
0B070774616E67656E74110D06636F656467650CFFFFFFFF04FFFFFFFF0CFFFFFFFF0CDD0000000C200100000C810100000C820100000A0C2601000004000000000CFFFFFFFF110D046C6F6F700CFFFFFFFF04FFFFFFFF0CFFFFFFFF0CFFFFFFFF0C250100000C83010000110D067665727465780CFFFFFFFF04FFFFFFFF0C
310
FFFFFFFF0C2401000004000000000C84010000110E07656C6C697073650D0563757276650CFFFFFFFF04FFFFFFFF0CFFFFFFFF139A9999999999D93F200AAD86952BE63F979999999999D93F14000000000000D43C000000000000F0BF00000000000000001400000000000000000000000000000000989999999999D9BF06
310
000000000000F03F0A06182D4454FB21F9BF0A060000000000000080110E07656C6C697073650D0563757276650CFFFFFFFF04FFFFFFFF0CFFFFFFFF139A9999999999D93F602F95A7469D2440899999999999D93F140000000000000000000000000000F03F0000000000000000149A9999999999D9BF0000000000000000
310
000000000000000006000000000000F03F0A06182D4454FB21F9BF0A060000000000000080110E0D4154545249425F435553544F4D0D066174747269620CFFFFFFFF04FFFFFFFF0CFFFFFFFF0CFFFFFFFF0CE1000000071667656E657269635F7461675F6174747269625F6465660403000000040300000004FFFFFFFF0717
310
67656E657269635F7461675F6174747269625F6465662004010000000402000000070231380400000000040100000004320100000400000000110D04666163650C8501000004FFFFFFFF0CFFFFFFFF0C860100000C870100000C070000000CFFFFFFFF0C880100000B0B110E04636F6E650D07737572666163650CFFFFFFFF
310
04FFFFFFFF0CFFFFFFFF139A9999999999D93F0200000000000640949999999999D93F140000000000000000000000000000F03F45175D74D14597BC140B63FF51181AD2BF00000000000000000963FF51181AD2BF06000000000000F03F0B0B06000000000000000006000000000000F03F069A9999999999D93F0B0B0B0B
310
0B110D06636F656467650CFFFFFFFF04FFFFFFFF0CFFFFFFFF0C5F0100000CE40000000C890100000C8A0100000A0CAC00000004000000000CFFFFFFFF110D06636F656467650CFFFFFFFF04FFFFFFFF0CFFFFFFFF0C8B0100000CE50000000C8C0100000C8D0100000A0C8800000004000000000CFFFFFFFF110D06636F65
310
6467650CFFFFFFFF04FFFFFFFF0CFFFFFFFF0C8E0100000C8F0100000CE50000000C300100000B0C9001000004000000000CFFFFFFFF110D04656467650CFFFFFFFF04FFFFFFFF0CFFFFFFFF0C9101000006E4B33C1F6B98F5BF0C370100000642CE3031804D15400CE50000000C920100000B070774616E67656E74110D06
310
636F656467650CFFFFFFFF04FFFFFFFF0CFFFFFFFF0CE60000000C930100000C940100000C950100000A0C8800000004000000000CFFFFFFFF110D06636F656467650CFFFFFFFF04FFFFFFFF0CFFFFFFFF0C960100000C970100000CE60000000C330100000B0C9801000004000000000CFFFFFFFF110D04656467650CFFFF
310
FFFF04FFFFFFFF0CFFFFFFFF0C3801000006D04DAE822721F4BF0C99010000068599E8BAA76507400CE60000000C9A0100000B070774616E67656E74110D06636F656467650CFFFFFFFF04FFFFFFFF0CFFFFFFFF0C9B0100000CE70000000C970100000C9C0100000A0C3601000004000000000CFFFFFFFF110D06636F6564
310
67650CFFFFFFFF04FFFFFFFF0CFFFFFFFF0CE70000000C9B0100000C8E0100000C9D0100000A0C3601000004000000000CFFFFFFFF110D046C6F6F700CFFFFFFFF04FFFFFFFF0CFFFFFFFF0CFFFFFFFF0CE70000000C9E010000110D067665727465780CFFFFFFFF04FFFFFFFF0CFFFFFFFF0CE800000004000000000C9F01
310
0000110D067665727465780CFFFFFFFF04FFFFFFFF0CFFFFFFFF0CE800000004010000000CA0010000110E07656C6C697073650D0563757276650CFFFFFFFF04FFFFFFFF0CFFFFFFFF130000000000000000FAFFE78E1ABC01403E024A38ED89F33F14000000000000F0BF0000000000000080000000000000008014000000
310
0000000000200AAD86952BE6BF7B9999999999D9BF06000000000000F03F0A066D732D3852C1F0BF0A0660732D3852C1F03F110E0D4154545249425F435553544F4D0D066174747269620CFFFFFFFF04FFFFFFFF0CFFFFFFFF0CFFFFFFFF0CEA000000071667656E657269635F7461675F6174747269625F64656604030000
310
00040300000004FFFFFFFF071767656E657269635F7461675F6174747269625F6465662004010000000402000000070233390400000000040100000004320100000400000000110D04666163650CA101000004FFFFFFFF0CFFFFFFFF0CA20100000CA30100000C070000000CFFFFFFFF0CA40100000B0B110D046C6F6F700C
310
FFFFFFFF04FFFFFFFF0CFFFFFFFF0CFFFFFFFF0CA50100000CEA000000110E05746F7275730D07737572666163650CFFFFFFFF04FFFFFFFF0CFFFFFFFF139A9999999999D93F9CFD3920D4C821404A024A38ED89F33F14000000000000F03F0000000000000000000000000000000006A89999999999E93F06989999999999
310
D93F1400000000000000000000000000000000000000000000F0BF0B0B0B0B0B110D06636F656467650CFFFFFFFF04FFFFFFFF0CFFFFFFFF0CA60100000CA70100000CA80100000CA90100000A0CEB00000004000000000CFFFFFFFF110D06636F656467650CFFFFFFFF04FFFFFFFF0CFFFFFFFF0C760100000CEE0000000C
310
AA0100000CAB0100000A0CB000000004000000000CFFFFFFFF110D06636F656467650CFFFFFFFF04FFFFFFFF0CFFFFFFFF0CEE0000000C760100000CAC0100000CAD0100000A0CB000000004000000000CFFFFFFFF110D06636F656467650CFFFFFFFF04FFFFFFFF0CFFFFFFFF0CAE0100000CAF0100000CEE0000000C4201
310
00000B0CB001000004000000000CFFFFFFFF110D04656467650CFFFFFFFF04FFFFFFFF0CFFFFFFFF0CB1010000069A9999999999D93F0CB20100000666666666666612400CEE0000000CB30100000B070774616E67656E74110D067665727465780CFFFFFFFF04FFFFFFFF0CFFFFFFFF0CF100000004000000000CB4010000
310
110E07656C6C697073650D0563757276650CFFFFFFFF04FFFFFFFF0CFFFFFFFF1300000005000004400A00800400000240CDA82E4D4A2D0F40140000000000000080AA4C58E87AB6EB3F020000000000E0BF14000000000000F83F0000000000000000000000000000000006000000000000F03F0B0B110D05706F696E740C
310
FFFFFFFF04FFFFFFFF0CFFFFFFFF130000000A0000F03F5468B5B05CB102406B42C8E6E3C60E40110D05706F696E740CFFFFFFFF04FFFFFFFF0CFFFFFFFF13CCCCCCD6CCCCF43F0300800400000240D1A82E4D4A2D0F40110D06636F656467650CFFFFFFFF04FFFFFFFF0CFFFFFFFF0CF90000000CF80000000CB50100000C
310
B60100000B0CFA00000004000000000CFFFFFFFF110D06636F656467650CFFFFFFFF04FFFFFFFF0CFFFFFFFF0CFF0000000C510100000CF80000000C490100000A0C5201000004000000000CFFFFFFFF110D04656467650CFFFFFFFF04FFFFFFFF0CFFFFFFFF0CC00000000600000000000000800CB701000006182D4454FB
310
21F93F0CF80000000CB80100000A070774616E67656E74110D06636F656467650CFFFFFFFF04FFFFFFFF0CFFFFFFFF0C580100000C030100000CF90000000C4B0100000A0C5901000004000000000CFFFFFFFF110D04656467650CFFFFFFFF04FFFFFFFF0CFFFFFFFF0CB90100000600000000000000000CC500000006182D
310
4454FB21F93F0CF90000000CBA0100000A070774616E67656E74110D04666163650CBB01000004FFFFFFFF0CFFFFFFFF0C750100000CFA0000000C070000000CFFFFFFFF0CBC0100000B0B110D06636F656467650CFFFFFFFF04FFFFFFFF0CFFFFFFFF0C170100000CBD0100000CFC0000000C4E0100000A0CD10000000400
310
0000000CFFFFFFFF110D04656467650CFFFFFFFF04FFFFFFFF0CFFFFFFFF0C4F010000069A9999999999D93F0C530100000666666666666612400C4D0100000CBE0100000B070774616E67656E74110D067665727465780CFFFFFFFF04FFFFFFFF0CFFFFFFFF0C7001000004010000000CBF010000110E07656C6C69707365
310
0D0563757276650CFFFFFFFF04FFFFFFFF0CFFFFFFFF139A9999999999D93F42CAB86F84131D407AA9B3F111A6164014000000000000F0BF00000000000000000000000000000000140000000000000000100AAD86952BD63F809999999999C93F06000000000000F03F0A0667732D3852C1F0BF0A06000000000000008011
310
0D06636F656467650CFFFFFFFF04FFFFFFFF0CFFFFFFFF0C480100000CFF0000000CC00100000CC10100000A0C5201000004000000000CFFFFFFFF110D046C6F6F700CFFFFFFFF04FFFFFFFF0CFFFFFFFF0CFFFFFFFF0C480100000CC2010000110D067665727465780CFFFFFFFF04FFFFFFFF0CFFFFFFFF0C4E0100000401
310
0000000CC3010000110E07656C6C697073650D0563757276650CFFFFFFFF04FFFFFFFF0CFFFFFFFF13666666666666124042CAB86F84131D407AA9B3F111A6164014000000000000F03F000000000000000000000000000000001400000000000000000000000000000000A09999999999D93F06000000000000F03F0A0667
310
732D3852C1F0BF0A060000000000000080110E0D4154545249425F435553544F4D0D066174747269620CFFFFFFFF04FFFFFFFF0CFFFFFFFF0CFFFFFFFF0C01010000071667656E657269635F7461675F6174747269625F6465660403000000040300000004FFFFFFFF071767656E657269635F7461675F6174747269625F64
310
656620040100000004010000000701330400000000040100000004320100000400000000110D04666163650CC401000004FFFFFFFF0CFFFFFFFF0C4C0100000CC50100000C070000000CFFFFFFFF0CC60100000B0B110E04636F6E650D07737572666163650CFFFFFFFF04FFFFFFFF0CFFFFFFFF13000000000000000042CA
310
B86F84131D407AA9B3F111A6164014000000000000F03F00000000000000000000000000000080140000000000000000809999999999C93F2A0AAD86952BD63F06000000000000F03F0B0B06000000000000000006000000000000F03F069A9999999999D93F0B0B0B0B0B110D06636F656467650CFFFFFFFF04FFFFFFFF0C
310
FFFFFFFF0C030100000C4A0100000C180100000C720100000A0C5901000004000000000CFFFFFFFF110D046C6F6F700CFFFFFFFF04FFFFFFFF0CFFFFFFFF0CFFFFFFFF0C580100000C68010000110E07656C6C697073650D0563757276650CFFFFFFFF04FFFFFFFF0CFFFFFFFF136666666666661240602F95A7469D24408B
310
9999999999D93F14000000000000F03F00000000000000800000000000000000140000000000000000200AAD86952BD63F969999999999C93F06000000000000F03F0A0665732D3852C100C00A060000000000000080110E07656C6C697073650D0563757276650CFFFFFFFF04FFFFFFFF0CFFFFFFFF139A9999999999D93F
310
602F95A7469D24408B9999999999D93F14000000000000F0BF0000000000000000000000000000000014000000000000000000000000000000009A9999999999D9BF06000000000000F03F0A0665732D3852C100C00A060000000000000080110E0D4154545249425F435553544F4D0D066174747269620CFFFFFFFF04FFFF
310
FFFF0CFFFFFFFF0CFFFFFFFF0C07010000071667656E657269635F7461675F6174747269625F6465660403000000040300000004FFFFFFFF071767656E657269635F7461675F6174747269625F64656620040100000004010000000701390400000000040100000004320100000400000000110D04666163650CC701000004
310
FFFFFFFF0CFFFFFFFF0CC80100000CC90100000C070000000CFFFFFFFF0CCA0100000B0B110E04636F6E650D07737572666163650CFFFFFFFF04FFFFFFFF0CFFFFFFFF130000000000000000602F95A7469D24408B9999999999D93F14000000000000F03F0000000000000000000000000000000014000000000000000019
310
0AAD86952BD63FB89999999999C9BF06000000000000F03F0B0B06000000000000000006000000000000F03F06999999999999D93F0B0B0B0B0B110D06636F656467650CFFFFFFFF04FFFFFFFF0CFFFFFFFF0C090100000C2D0100000CCB0100000CCC0100000A0CAC00000004000000000CFFFFFFFF110E08737472616967
310
68740D0563757276650CFFFFFFFF04FFFFFFFF0CFFFFFFFF130000000000000000B197CA53A39E2240E8B981FA00050140140000000000000080020000000000E0BFAA4C58E87AB6EB3F0A065FB63FF5F51D0EC00A06B1462E1BF2671740110D04666163650CCD01000004FFFFFFFF0CFFFFFFFF0CE10000000C0B0100000C
310
070000000CFFFFFFFF0CCE0100000B0B110D05706F696E740CFFFFFFFF04FFFFFFFF0CFFFFFFFF130000000000000000602F95A7469D2440889999999999D93F110D06636F656467650CFFFFFFFF04FFFFFFFF0CFFFFFFFF0CCB0100000C6F0100000C0E0100000C640100000B0C6901000004000000000CFFFFFFFF110D04
310
656467650CFFFFFFFF04FFFFFFFF0CFFFFFFFF0C4F0100000600000000000000800C1001000006182D4454FB21F93F0C630100000CCF0100000A070774616E67656E74110D04666163650CD001000004FFFFFFFF0CFFFFFFFF0CCC0000000C0F0100000C070000000CFFFFFFFF0CD10100000B0B110D05706F696E740CFFFF
310
FFFF04FFFFFFFF0CFFFFFFFF13000000000000000042CAB86F84131D407AA9B3F111A61640110E0D4154545249425F435553544F4D0D066174747269620CFFFFFFFF04FFFFFFFF0CFFFFFFFF0CFFFFFFFF0C13010000071667656E657269635F7461675F6174747269625F6465660403000000040300000004FFFFFFFF0717
310
67656E657269635F7461675F6174747269625F6465662004010000000402000000070231310400000000040100000004320100000400000000110D04666163650CD201000004FFFFFFFF0CFFFFFFFF0C070100000C590100000C070000000CFFFFFFFF0CD30100000B0B110D046C6F6F700CFFFFFFFF04FFFFFFFF0CFFFFFF
310
FF0CFFFFFFFF0C630100000C13010000110E04636F6E650D07737572666163650CFFFFFFFF04FFFFFFFF0CFFFFFFFF139A9999999999D93F0200000000001A407AA9B3F111A61640140000000000000000000000000000F03F0000000000000000140863FF51181AD2BF00000000000000000D63FF51181AD23F0600000000
310
0000F03F0B0B06000000000000000006000000000000F03F069A9999999999D93F0B0B0B0B0B110E0D4154545249425F435553544F4D0D066174747269620CFFFFFFFF04FFFFFFFF0CFFFFFFFF0CFFFFFFFF0C16010000071667656E657269635F7461675F6174747269625F6465660403000000040300000004FFFFFFFF07
310
1767656E657269635F7461675F6174747269625F646566200401000000040100000007013204000000000401000000042F0100000400000000110D046C6F6F700CFFFFFFFF04FFFFFFFF0CFFFFFFFF0CD40100000CD50100000C16010000110E05706C616E650D07737572666163650CFFFFFFFF04FFFFFFFF0CFFFFFFFF13
310
0000000000001440020000000000164013434D8BAB3F084014000000000000F03F000000000000000000000000000000001400000000000000000000000000000000000000000000F0BF0B0B0B0B0B110D06636F656467650CFFFFFFFF04FFFFFFFF0CFFFFFFFF0CBD0100000C170100000CD60100000CD70100000A0CD100
310
000004000000000CFFFFFFFF110D06636F656467650CFFFFFFFF04FFFFFFFF0CFFFFFFFF0C630100000CD80100000C170100000C700100000B0C6901000004000000000CFFFFFFFF110D04656467650CFFFFFFFF04FFFFFFFF0CFFFFFFFF0CD901000006809471DF082706C00C4F010000060052C67D239CE83F0C17010000
310
0CDA0100000B070774616E67656E74110D06636F656467650CFFFFFFFF04FFFFFFFF0CFFFFFFFF0C190100000C180100000CDB0100000CDC0100000B0C1A01000004000000000CFFFFFFFF110D04656467650CFFFFFFFF04FFFFFFFF0CFFFFFFFF0CD50000000600000000000000800CB901000006182D4454FB21F93F0C18
310
0100000CDD0100000A070774616E67656E74110D06636F656467650CFFFFFFFF04FFFFFFFF0CFFFFFFFF0C780100000C1E0100000C190100000C740100000A0C7901000004000000000CFFFFFFFF110D04656467650CFFFFFFFF04FFFFFFFF0CFFFFFFFF0CDE01000006FCFFFFFFFF7FD13C0CDA00000006182D4454FB21F9
310
3F0C190100000CDF0100000A070774616E67656E74110D04666163650CE001000004FFFFFFFF0CFFFFFFFF0CE10100000C1A0100000C070000000CFFFFFFFF0CE20100000B0B110D06636F656467650CFFFFFFFF04FFFFFFFF0CFFFFFFFF0C400100000C3F0100000C1D0100000C770100000A0CB000000004000000000CFF
310
FFFFFF110D04656467650CFFFFFFFF04FFFFFFFF0CFFFFFFFF0C7A0100000666666666666612C00C7C010000069A9999999999D9BF0C760100000CE30100000B070774616E67656E74110D06636F656467650CFFFFFFFF04FFFFFFFF0CFFFFFFFF0C1E0100000C730100000CE40100000CE50100000A0C7901000004000000
310
000CFFFFFFFF110D046C6F6F700CFFFFFFFF04FFFFFFFF0CFFFFFFFF0CFFFFFFFF0C780100000C86010000110D067665727465780CFFFFFFFF04FFFFFFFF0CFFFFFFFF0C7701000004000000000CE6010000110E07656C6C697073650D0563757276650CFFFFFFFF04FFFFFFFF0CFFFFFFFF136666666666661240220AAD86
310
952BE63F989999999999D93F14000000000000F03F000000000000000000000000000000001400000000000000000000000000000000999999999999D9BF06000000000000F03F0A0666732D3852C100C00A060000000000000080110D067665727465780CFFFFFFFF04FFFFFFFF0CFFFFFFFF0C7701000004010000000CE7
310
010000110E07656C6C697073650D0563757276650CFFFFFFFF04FFFFFFFF0CFFFFFFFF139A9999999999D93F220AAD86952BE63F989999999999D93F14000000000000F0BF00000000000000800000000000000080140000000000000000200AAD86952BD6BF9C9999999999C93F06000000000000F03F0A0666732D3852C1
310
00C00A060000000000000080110E0D4154545249425F435553544F4D0D066174747269620CFFFFFFFF04FFFFFFFF0CFFFFFFFF0CFFFFFFFF0C22010000071667656E657269635F7461675F6174747269625F6465660403000000040300000004FFFFFFFF071767656E657269635F7461675F6174747269625F646566200401
310
0000000402000000070231340400000000040100000004320100000400000000110E04636F6E650D07737572666163650CFFFFFFFF04FFFFFFFF0CFFFFFFFF130000000000000000220AAD86952BE63F989999999999D93F14000000000000F03F00000000000000000000000000000000140000000000000000220AAD8695
310
2BD6BF9A9999999999C9BF06000000000000F03F0B0B06000000000000000006000000000000F03F069A9999999999D93F0B0B0B0B0B110E0873747261696768740D0563757276650CFFFFFFFF04FFFFFFFF0CFFFFFFFF1300000000000000000200000000000640949999999999D93F140000000000000000000000000000
310
F03F45175D74D14597BC0A06F40EF0A485EB0FC00A06BC033C69E1FA2240110D06636F656467650CFFFFFFFF04FFFFFFFF0CFFFFFFFF0CAA0100000C890100000C250100000C820100000B0CE801000004000000000CFFFFFFFF110D04656467650CFFFFFFFF04FFFFFFFF0CFFFFFFFF0C2701000006030000000080C13C0C
310
7C01000006182D4454FB21F93F0C810100000CE90100000A070774616E67656E74110D04666163650CEA01000004FFFFFFFF0CFFFFFFFF0C610100000C260100000C070000000CFFFFFFFF0CEB0100000B0B110D05706F696E740CFFFFFFFF04FFFFFFFF0CFFFFFFFF1300000000000000001C0AAD86952BE63F9799999999
310
99D93F110E0D4154545249425F435553544F4D0D066174747269620CFFFFFFFF04FFFFFFFF0CFFFFFFFF0CFFFFFFFF0C2B010000071667656E657269635F7461675F6174747269625F6465660403000000040300000004FFFFFFFF071767656E657269635F7461675F6174747269625F646566200401000000040200000007
310
0231370400000000040100000004320100000400000000110D04666163650CEC01000004FFFFFFFF0CFFFFFFFF0C220100000C790100000C070000000CFFFFFFFF0CED0100000B0B110D046C6F6F700CFFFFFFFF04FFFFFFFF0CFFFFFFFF0CFFFFFFFF0CEE0100000C2B010000110E067370686572650D0773757266616365
310
0CFFFFFFFF04FFFFFFFF0CFFFFFFFF139A9999999999D93F846B8E20F7D80D407AA9B3F111A61640069A9999999999D93F14FCFFFFFFFFFFDFBFA44C58E87AB6DBBF030000000000E83F14623FD2779EBECE3FF55961442BD8ECBF90AFDDD9F60ED7BF0B0B0B0B0B110D06636F656467650CFFFFFFFF04FFFFFFFF0CFFFFFF
310
FF0C810100000CEF0100000C2D0100000C8A0100000B0CE801000004000000000CFFFFFFFF110D04656467650CFFFFFFFF04FFFFFFFF0CFFFFFFFF0CF001000006F051C67D239CE2BF0C2701000006BC5E2A4F8DFA15400C2D0100000CF10100000B070774616E67656E74110D06636F656467650CFFFFFFFF04FFFFFFFF0C
310
FFFFFFFF0CF20100000C2E0100000CF30100000CF40100000A0C8800000004000000000CFFFFFFFF110D06636F656467650CFFFFFFFF04FFFFFFFF0CFFFFFFFF0CF50100000CF60100000C2E0100000C8D0100000B0C3C01000004000000000CFFFFFFFF110D04656467650CFFFFFFFF04FFFFFFFF0CFFFFFFFF0CF7010000
310
0643732D3852C1F0BF0C910100000687732D3852C1F03F0C2E0100000CF80100000B070774616E67656E74110D06636F656467650CFFFFFFFF04FFFFFFFF0CFFFFFFFF0CF90100000C2F0100000C350100000C9D0100000B0C9001000004000000000CFFFFFFFF110D06636F656467650CFFFFFFFF04FFFFFFFF0CFFFFFFFF
310
0C2F0100000CF90100000CF50100000CFA0100000B0C9001000004000000000CFFFFFFFF110D046C6F6F700CFFFFFFFF04FFFFFFFF0CFFFFFFFF0CFFFFFFFF0C8E0100000CFB010000110D067665727465780CFFFFFFFF04FFFFFFFF0CFFFFFFFF0C8D01000004010000000CFC010000110E0873747261696768740D056375
310
7276650CFFFFFFFF04FFFFFFFF0CFFFFFFFF1300000000000000003FCEA4788D2B1E40D8D5F4AD81F4DA3F140000000000000000000000000000F0BF00000000000000000A066EAB3996A0420AC00A0641011467AA281D40110D06636F656467650CFFFFFFFF04FFFFFFFF0CFFFFFFFF0C310100000CF20100000CFD010000
310
0CFE0100000A0C8800000004000000000CFFFFFFFF110D06636F656467650CFFFFFFFF04FFFFFFFF0CFFFFFFFF0CFF0100000C000200000C310100000C950100000B0C0102000004000000000CFFFFFFFF110D04656467650CFFFFFFFF04FFFFFFFF0CFFFFFFFF0C99010000065D732D3852C1E0BF0C020200000667732D38
310
52C1E03F0C310100000C030200000B070774616E67656E74110D06636F656467650CFFFFFFFF04FFFFFFFF0CFFFFFFFF0C040200000C320100000C000200000C050200000B0C9801000004000000000CFFFFFFFF110D06636F656467650CFFFFFFFF04FFFFFFFF0CFFFFFFFF0C320100000C040200000C340100000C9C0100
310
000B0C9801000004000000000CFFFFFFFF110D046C6F6F700CFFFFFFFF04FFFFFFFF0CFFFFFFFF0CFFFFFFFF0C960100000C06020000110D067665727465780CFFFFFFFF04FFFFFFFF0CFFFFFFFF0C9501000004000000000C07020000110E0873747261696768740D0563757276650CFFFFFFFF04FFFFFFFF0CFFFFFFFF13
310
0000000000000000E650E80D7F390140DDA21C6B8BAF0540140000000000000000040000000000E03FA94C58E87AB6EB3F0A06D2F65E595DEB0BC00A06B05D5B684AEE1040110D06636F656467650CFFFFFFFF04FFFFFFFF0CFFFFFFFF0C350100000C340100000C080200000C090200000A0C3601000004000000000CFFFF
310
FFFF110D04656467650CFFFFFFFF04FFFFFFFF0CFFFFFFFF0C0A0200000600000000000000000C3801000006192D4454FB21F93F0C970100000C0B0200000B070774616E67656E74110D04656467650CFFFFFFFF04FFFFFFFF0CFFFFFFFF0C370100000600000000000000000C0C02000006182D4454FB21F93F0C8E010000
310
0C0D0200000B070774616E67656E74110D04666163650C0E02000004FFFFFFFF0CFFFFFFFF0C060200000C360100000C070000000CFFFFFFFF0C0F0200000B0B110D05706F696E740CFFFFFFFF04FFFFFFFF0CFFFFFFFF130000000000000000FAFFE78E1ABC0140D8D5F4AD81F4DA3F110D05706F696E740CFFFFFFFF04FF
310
FFFFFF0CFFFFFFFF130000000000000000E27A795A6A62F83FA768B09E53F0F93F110E0D4154545249425F435553544F4D0D066174747269620CFFFFFFFF04FFFFFFFF0CFFFFFFFF0CFFFFFFFF0C3B010000071667656E657269635F7461675F6174747269625F6465660403000000040300000004FFFFFFFF071767656E65
310
7269635F7461675F6174747269625F6465662004010000000402000000070233380400000000040100000004320100000400000000110D04666163650C1002000004FFFFFFFF0CFFFFFFFF0C110200000C010200000C070000000CFFFFFFFF0C120200000B0B110D046C6F6F700CFFFFFFFF04FFFFFFFF0CFFFFFFFF0CFFFF
310
FFFF0C130200000C3B010000110E04636F6E650D07737572666163650CFFFFFFFF04FFFFFFFF0CFFFFFFFF139A9999999999D93F92A52750BCA91E4049146CA533C81340140000000000000000FEFFFFFFFFFFDF3FAC4C58E87AB6EBBF14FE62FF51181AD2BF5F68DBEC7C5ACFBF1863FF51181AC2BF06000000000000F03F
310
0B0B06000000000000000006000000000000F03F069A9999999999D93F0B0B0B0B0B110D06636F656467650CFFFFFFFF04FFFFFFFF0CFFFFFFFF0CF60100000CF50100000C140200000C150200000A0C3C01000004000000000CFFFFFFFF110D06636F656467650CFFFFFFFF04FFFFFFFF0CFFFFFFFF0C160200000C3E0100
310
000C170200000C180200000A0CEB00000004000000000CFFFFFFFF110D06636F656467650CFFFFFFFF04FFFFFFFF0CFFFFFFFF0C3E0100000C160200000C190200000C1A0200000A0CEB00000004000000000CFFFFFFFF110D06636F656467650CFFFFFFFF04FFFFFFFF0CFFFFFFFF0C1B0200000C1C0200000C3E0100000C
310
A90100000B0C1D02000004000000000CFFFFFFFF110D04656467650CFFFFFFFF04FFFFFFFF0CFFFFFFFF0C1E0200000600000000000000800C1F020000066C732D3852C1F03F0CA80100000C200200000A070774616E67656E74110D06636F656467650CFFFFFFFF04FFFFFFFF0CFFFFFFFF0CEF0100000C810100000C3F01
310
00000CAB0100000B0CE801000004000000000CFFFFFFFF110D04656467650CFFFFFFFF04FFFFFFFF0CFFFFFFFF0C7C01000006BC5E2A4F8DFA15C00CB101000006F051C67D239CE23F0C3F0100000C210200000B070774616E67656E74110D06636F656467650CFFFFFFFF04FFFFFFFF0CFFFFFFFF0CE40100000C22020000
310
0C400100000CAD0100000B0C2302000004000000000CFFFFFFFF110D04656467650CFFFFFFFF04FFFFFFFF0CFFFFFFFF0CB201000006F051C67D239CE2BF0C7A01000006BC5E2A4F8DFA15400C400100000C240200000B070774616E67656E74110D06636F656467650CFFFFFFFF04FFFFFFFF0CFFFFFFFF0CD60100000C41
310
0100000C250200000C260200000B0CB001000004000000000CFFFFFFFF110D06636F656467650CFFFFFFFF04FFFFFFFF0CFFFFFFFF0C410100000CD60100000CEE0100000C270200000B0CB001000004000000000CFFFFFFFF110D046C6F6F700CFFFFFFFF04FFFFFFFF0CFFFFFFFF0CFFFFFFFF0CAE0100000CC801000011
310
0D067665727465780CFFFFFFFF04FFFFFFFF0CFFFFFFFF0C4201000004000000000C28020000110D067665727465780CFFFFFFFF04FFFFFFFF0CFFFFFFFF0C4201000004010000000C29020000110E0873747261696768740D0563757276650CFFFFFFFF04FFFFFFFF0CFFFFFFFF13000000000000000040CAB86F84130B40
310
477680BEDE72174014000000000000F03F000000000000000000000000000000800A06E31DE0490BD7F3BF0A06790778D2C2F51840110D05706F696E740CFFFFFFFF04FFFFFFFF0CFFFFFFFF130000000A0000F03F0300800400000240D1A82E4D4A2D0F40110D06636F656467650CFFFFFFFF04FFFFFFFF0CFFFFFFFF0C2A
310
0200000CDB0100000C470100000CB60100000A0CD401000004000000000CFFFFFFFF110D04656467650CFFFFFFFF04FFFFFFFF0CFFFFFFFF0CB7010000063ECAB86F845310C00CB901000006F27AA93C35EAFF3F0CB50100000C2B0200000B070774616E67656E74110D067665727465780CFFFFFFFF04FFFFFFFF0CFFFFFF
310
FF0C2C02000004010000000C2D020000110E07656C6C697073650D0563757276650CFFFFFFFF04FFFFFFFF0CFFFFFFFF13666666666666124042CAB86F84131D407AA9B3F111A61640140000000000000000040000000000E0BFA84C58E87AB6EB3F140000000000000000200AAD86952BD63FA09999999999C93F06000000
310
000000F03F0A06182D4454FB21F9BF0A060000000000000080110D067665727465780CFFFFFFFF04FFFFFFFF0CFFFFFFFF0CB601000004010000000C2E020000110E07656C6C697073650D0563757276650CFFFFFFFF04FFFFFFFF0CFFFFFFFF136666666666661240602F95A7469D24408C9999999999D93F140000000000
310
000000010000000000E03FAB4C58E87AB6EBBF14A09999999999D93F0000000000000000000000000000000006000000000000F03F0A06182D4454FB21F9BF0A060000000000000080110E0D4154545249425F435553544F4D0D066174747269620CFFFFFFFF04FFFFFFFF0CFFFFFFFF0CFFFFFFFF0C4C010000071667656E
310
657269635F7461675F6174747269625F6465660403000000040300000004FFFFFFFF071767656E657269635F7461675F6174747269625F64656620040100000004010000000701320400000000040100000004320100000400000000110E04636F6E650D07737572666163650CFFFFFFFF04FFFFFFFF0CFFFFFFFF13666666
310
6666661240B197CA53A39E2240E8B981FA00050140140000000000000000020000000000E0BFAA4C58E87AB6EB3F140363FF51181AD23F6068DBEC7C5ACF3F0363FF51181AC23F06000000000000F03F0B0B06000000000000000006000000000000F03F069A9999999999D93F0B0B0B0B0B110D06636F656467650CFFFFFF
310
FF04FFFFFFFF0CFFFFFFFF0C4D0100000C6E0100000C2F0200000C300200000A0CD100000004000000000CFFFFFFFF110E0873747261696768740D0563757276650CFFFFFFFF04FFFFFFFF0CFFFFFFFF13000000000000000042CAB86F84131D4014434D8BAB3F184014000000000000F03F00000000000000000000000000
310
0000800A06E31DE0490BD7F3BF0A06790778D2C2F51840110D05706F696E740CFFFFFFFF04FFFFFFFF0CFFFFFFFF139A9999999999D93F42CAB86F84131D4014434D8BAB3F1840110D06636F656467650CFFFFFFFF04FFFFFFFF0CFFFFFFFF0C2F0200000C310200000C510100000CC10100000B0CC501000004000000000C
310
FFFFFFFF110D04656467650CFFFFFFFF04FFFFFFFF0CFFFFFFFF0CB70100000600000000000000800C5301000006182D4454FB21F93F0CC00100000C320200000A070774616E67656E74110D04666163650C3302000004FFFFFFFF0CFFFFFFFF0C010100000C520100000C070000000CFFFFFFFF0C340200000B0B110D0570
310
6F696E740CFFFFFFFF04FFFFFFFF0CFFFFFFFF13666666666666124042CAB86F84131D4014434D8BAB3F1840110E0D4154545249425F435553544F4D0D066174747269620CFFFFFFFF04FFFFFFFF0CFFFFFFFF0CFFFFFFFF0C56010000071667656E657269635F7461675F6174747269625F64656604030000000403000000
310
04FFFFFFFF071767656E657269635F7461675F6174747269625F64656620040100000004010000000701310400000000040100000004320100000400000000110D046C6F6F700CFFFFFFFF04FFFFFFFF0CFFFFFFFF0CFFFFFFFF0C350200000C56010000110E04636F6E650D07737572666163650CFFFFFFFF04FFFFFFFF0C
310
FFFFFFFF1366666666666612400200000000001A407AA9B3F111A61640140000000000000000000000000000F0BF0000000000000000140A63FF51181AD23F00000000000000000A63FF51181AD23F06000000000000F03F0B0B06000000000000000006000000000000F03F069A9999999999D93F0B0B0B0B0B110E0D4154
310
545249425F435553544F4D0D066174747269620CFFFFFFFF04FFFFFFFF0CFFFFFFFF0CFFFFFFFF0C5D010000071667656E657269635F7461675F6174747269625F6465660403000000040300000004FFFFFFFF071767656E657269635F7461675F6174747269625F6465662004010000000401000000070137040000000004
310
0100000004320100000400000000110D04666163650C3602000004FFFFFFFF0CFFFFFFFF0C370200000CB00100000C070000000CFFFFFFFF0C380200000B0B110D046C6F6F700CFFFFFFFF04FFFFFFFF0CFFFFFFFF0CFFFFFFFF0C390200000C5D010000110E067370686572650D07737572666163650CFFFFFFFF04FFFFFF
310
FF0CFFFFFFFF136666666666661240846B8E20F7D80D407AA9B3F111A61640069A9999999999D93F14010000000000E03FA34C58E87AB6DBBF020000000000E83F14653FD2779EBECEBFF55961442BD8ECBF8DAFDDD9F60ED7BF0B0B0B0B0B110D06636F656467650CFFFFFFFF04FFFFFFFF0CFFFFFFFF0CD80100000C6301
310
00000C5F0100000CCC0100000B0C6901000004000000000CFFFFFFFF110D04656467650CFFFFFFFF04FFFFFFFF0CFFFFFFFF0C10010000060052C67D239CE8BF0CF001000006809471DF082706400C5F0100000C3A0200000B070774616E67656E74110E0D4154545249425F435553544F4D0D066174747269620CFFFFFFFF
310
04FFFFFFFF0CFFFFFFFF0CFFFFFFFF0C61010000071667656E657269635F7461675F6174747269625F6465660403000000040300000004FFFFFFFF071767656E657269635F7461675F6174747269625F6465662004010000000402000000070231390400000000040100000004320100000400000000110E06737068657265
310
0D07737572666163650CFFFFFFFF04FFFFFFFF0CFFFFFFFF139A9999999999D93F602F95A7469D2440899999999999D93F069A9999999999D93F14CE3B7F669EA0E6BF2E2109148E98E33FCC3B7F669EA0D6BF142A2460E5CE1AD13F0215507951A0CDBF4A3F6811EAEEEDBF0B0B0B0B0B110E07656C6C697073650D056375
310
7276650CFFFFFFFF04FFFFFFFF0CFFFFFFFF139A9999999999D93F42CAB86F84131D407AA9B3F111A61640140000000000000000000000000000F03F00000000000000801400000000000000000000000000000000A09999999999D93F06000000000000F03F0A06182D4454FB21F9BF0A060000000000000080110E0D4154
310
545249425F435553544F4D0D066174747269620CFFFFFFFF04FFFFFFFF0CFFFFFFFF0CFFFFFFFF0C65010000071667656E657269635F7461675F6174747269625F6465660403000000040300000004FFFFFFFF071767656E657269635F7461675F6174747269625F6465662004010000000402000000070231330400000000
310
040100000004320100000400000000110E067370686572650D07737572666163650CFFFFFFFF04FFFFFFFF0CFFFFFFFF139A9999999999D93F42CAB86F84131D407AA9B3F111A61640069A9999999999D93F14FCFFFFFFFFFFDFBFA44C58E87AB6DB3F030000000000E83F14623FD2779EBECEBFF55961442BD8ECBF90AFDD
310
D9F60ED73F0B0B0B0B0B110E0D4154545249425F435553544F4D0D066174747269620CFFFFFFFF04FFFFFFFF0CFFFFFFFF0CFFFFFFFF0C68010000071667656E657269635F7461675F6174747269625F6465660403000000040300000004FFFFFFFF071767656E657269635F7461675F6174747269625F6465662004010000
310
000402000000070231300400000000040100000004320100000400000000110E067370686572650D07737572666163650CFFFFFFFF04FFFFFFFF0CFFFFFFFF136666666666661240602F95A7469D24408B9999999999D93F06979999999999D93F14D03B7F669EA0E63F2B2109148E98E33FCE3B7F669EA0D6BF142D2460E5
310
CE1AD1BF0015507951A0CDBF4A3F6811EAEEEDBF0B0B0B0B0B110D046C6F6F700CFFFFFFFF04FFFFFFFF0CFFFFFFFF0CFFFFFFFF0C3B0200000C16010000110D06636F656467650CFFFFFFFF04FFFFFFFF0CFFFFFFFF0C3C0200000C3D0200000C3E0200000C3F0200000A0C6C01000004000000000CFFFFFFFF110D06636F
310
656467650CFFFFFFFF04FFFFFFFF0CFFFFFFFF0CAF0100000CAE0100000C6E0100000CD70100000B0CB001000004000000000CFFFFFFFF110D04656467650CFFFFFFFF04FFFFFFFF0CFFFFFFFF0C400200000666666666666612C00CD9010000069A9999999999D9BF0C6E0100000C410200000B070774616E67656E74110D
310
06636F656467650CFFFFFFFF04FFFFFFFF0CFFFFFFFF0C6F0100000CCB0100000C420200000C430200000B0C6901000004000000000CFFFFFFFF110D067665727465780CFFFFFFFF04FFFFFFFF0CFFFFFFFF0C7001000004000000000C44020000110E0873747261696768740D0563757276650CFFFFFFFF04FFFFFFFF0CFF
310
FFFFFF139A9999999999D93F0200000000001A4014434D8BAB3F1840140000000000000000000000000000F03F00000000000000000A0647D4449F8FC21BC00A0646D4449F8FC21340110D06636F656467650CFFFFFFFF04FFFFFFFF0CFFFFFFFF0CB50100000C3B0200000C710100000CDC0100000A0CD401000004000000
310
000CFFFFFFFF110D04656467650CFFFFFFFF04FFFFFFFF0CFFFFFFFF0CB901000006BF5E2A4F8D3A1EC00CDE010000067BBD549E1A7500400CDB0100000C450200000B070774616E67656E74110E07656C6C697073650D0563757276650CFFFFFFFF04FFFFFFFF0CFFFFFFFF136666666666661240602F95A7469D24408999
310
99999999D93F140000000000000080000000000000F03F00000000000000001400000000000000000000000000000000989999999999D9BF06000000000000F03F0A06182D4454FB21F9BF0A060000000000000080110D067665727465780CFFFFFFFF04FFFFFFFF0CFFFFFFFF0C4602000004000000000C47020000110E07
310
656C6C697073650D0563757276650CFFFFFFFF04FFFFFFFF0CFFFFFFFF136666666666661240200AAD86952BE63F979999999999D93F140000000000000000000000000000F0BF000000000000000014A09999999999D93F0000000000000000000000000000000006000000000000F03F0A06182D4454FB21F9BF0A060000
310
000000000080110E0D4154545249425F435553544F4D0D066174747269620CFFFFFFFF04FFFFFFFF0CFFFFFFFF0CFFFFFFFF0C75010000071667656E657269635F7461675F6174747269625F6465660403000000040300000004FFFFFFFF071767656E657269635F7461675F6174747269625F646566200401000000040100
310
00000701380400000000040100000004320100000400000000110D04666163650C4802000004FFFFFFFF0CFFFFFFFF0C5F0000000CE80100000C070000000CFFFFFFFF0C490200000B0B110E04636F6E650D07737572666163650CFFFFFFFF04FFFFFFFF0CFFFFFFFF13666666666666124002000000000006409499999999
310
99D93F140000000000000000000000000000F03F45175D74D14597BC140E63FF51181AD23F00000000000000000863FF51181AD2BF06000000000000F03F0B0B06000000000000000006000000000000F03F069B9999999999D93F0B0B0B0B0B110E0873747261696768740D0563757276650CFFFFFFFF04FFFFFFFF0CFFFF
310
FFFF130000000000000000240AAD86952BD63F333333333333E33F14000000000000F0BF000000000000008000000000000000800A06790778D2C2F518C00A06E31DE0490BD7F33F110D06636F656467650CFFFFFFFF04FFFFFFFF0CFFFFFFFF0C4A0200000CAC0100000C780100000CE50100000B0C230200000400000000
310
0CFFFFFFFF110D04656467650CFFFFFFFF04FFFFFFFF0CFFFFFFFF0C7A0100000600000000000000800CDE01000006182D4454FB21F93F0CE40100000C4B0200000A070774616E67656E74110D05706F696E740CFFFFFFFF04FFFFFFFF0CFFFFFFFF136666666666661240240AAD86952BD63F333333333333E33F110D0570
310
6F696E740CFFFFFFFF04FFFFFFFF0CFFFFFFFF139A9999999999D93F180AAD86952BD63F303333333333E33F110D046C6F6F700CFFFFFFFF04FFFFFFFF0CFFFFFFFF0CFFFFFFFF0CEF0100000CE1010000110E07656C6C697073650D0563757276650CFFFFFFFF04FFFFFFFF0CFFFFFFFF139A9999999999D93F1C0AAD8695
310
2BE63F909999999999D93F140000000000000080040000000000E0BFA94C58E87AB6EBBF149A9999999999D9BF0000000000000000000000000000000006000000000000F03F0A06182D4454FB21F9BF0A060000000000000080110E0D4154545249425F435553544F4D0D066174747269620CFFFFFFFF04FFFFFFFF0CFFFF
310
FFFF0CFFFFFFFF0C83010000071667656E657269635F7461675F6174747269625F6465660403000000040300000004FFFFFFFF071767656E657269635F7461675F6174747269625F6465662004010000000402000000070232300400000000040100000004320100000400000000110E067370686572650D07737572666163
310
650CFFFFFFFF04FFFFFFFF0CFFFFFFFF139A9999999999D93F200AAD86952BE63F979999999999D93F06989999999999D93F14C93B7F669EA0E6BF342109148E98E3BFCD3B7F669EA0D6BF14272460E5CE1AD13F0B15507951A0CD3F4A3F6811EAEEEDBF0B0B0B0B0B110E0D4154545249425F435553544F4D0D0661747472
310
69620CFFFFFFFF04FFFFFFFF0CFFFFFFFF0CFFFFFFFF0C86010000071667656E657269635F7461675F6174747269625F6465660403000000040300000004FFFFFFFF071767656E657269635F7461675F6174747269625F6465662004010000000402000000070231350400000000040100000004320100000400000000110E
310
067370686572650D07737572666163650CFFFFFFFF04FFFFFFFF0CFFFFFFFF136666666666661240220AAD86952BE63F989999999999D93F06999999999999D93F14C93B7F669EA0E63F332109148E98E3BFCF3B7F669EA0D6BF14292460E5CE1AD1BF0E15507951A0CD3F493F6811EAEEEDBF0B0B0B0B0B110D06636F6564
310
67650CFFFFFFFF04FFFFFFFF0CFFFFFFFF0C420200000C4C0200000CAF0100000C270200000A0C8701000004000000000CFFFFFFFF110D06636F656467650CFFFFFFFF04FFFFFFFF0CFFFFFFFF0C890100000CAA0100000C4C0200000C4D0200000B0CE801000004000000000CFFFFFFFF110D067665727465780CFFFFFFFF
310
04FFFFFFFF0CFFFFFFFF0CCC01000004010000000C4E020000110E0873747261696768740D0563757276650CFFFFFFFF04FFFFFFFF0CFFFFFFFF13000000000000000046A1D5B072850B407E7EE74256A21440140000000000000080020000000000E0BFAA4C58E87AB6EBBF0A06638D5C36E4CF02C00A062EDB9FFAFA0E1D
310
40110D06636F656467650CFFFFFFFF04FFFFFFFF0CFFFFFFFF0C930100000C8B0100000C160200000C4F0200000A0C8800000004000000000CFFFFFFFF110D06636F656467650CFFFFFFFF04FFFFFFFF0CFFFFFFFF0C130200000C190200000C8B0100000CF40100000B0CA301000004000000000CFFFFFFFF110D04656467
310
650CFFFFFFFF04FFFFFFFF0CFFFFFFFF0C50020000067825BFBD0706D6BF0CF701000006BADB87847AB50E400C8B0100000C510200000B070774616E67656E74110D06636F656467650CFFFFFFFF04FFFFFFFF0CFFFFFFFF0CA50100000C8C0100000C8F0100000CFA0100000A0C3C01000004000000000CFFFFFFFF110D06
310
636F656467650CFFFFFFFF04FFFFFFFF0CFFFFFFFF0C8C0100000CA50100000C130200000C520200000A0C3C01000004000000000CFFFFFFFF110D067665727465780CFFFFFFFF04FFFFFFFF0CFFFFFFFF0C8D01000004000000000C53020000110E07656C6C697073650D0563757276650CFFFFFFFF04FFFFFFFF0CFFFFFF
310
FF1300000000000000009CFD3920D4C8214034024A38ED89F33F14000000000000F0BF000000000000008000000000000000801400000000000000005A0AAD86952BE63F5E9999999999D9BF06000000000000F03F0A0643732D3852C1F0BF0A0687732D3852C1F03F110D06636F656467650CFFFFFFFF04FFFFFFFF0CFFFF
310
FFFF0C8F0100000C8E0100000C540200000C550200000B0C9001000004000000000CFFFFFFFF110D04656467650CFFFFFFFF04FFFFFFFF0CFFFFFFFF0C560200000600000000000000000C9101000006182D4454FB21F93F0C8F0100000C570200000B070774616E67656E74110D04666163650C5802000004FFFFFFFF0CFF
310
FFFFFF0C590200000C900100000C070000000CFFFFFFFF0C5A0200000B0B110D05706F696E740CFFFFFFFF04FFFFFFFF0CFFFFFFFF1300000000000000009CFD3920D4C82140D8D5F4AD81F4DA3F110D06636F656467650CFFFFFFFF04FFFFFFFF0CFFFFFFFF0C170200000C5B0200000C930100000CFE0100000B0C5C0200
310
0004000000000CFFFFFFFF110D04656467650CFFFFFFFF04FFFFFFFF0CFFFFFFFF0C020200000640D1A64942BFDEBF0C5D02000006EA5B8B2C121900400C930100000C5E0200000B070774616E67656E74110D06636F656467650CFFFFFFFF04FFFFFFFF0CFFFFFFFF0C5F0200000C940100000C5B0200000C600200000A0C
310
0102000004000000000CFFFFFFFF110D06636F656467650CFFFFFFFF04FFFFFFFF0CFFFFFFFF0C940100000C5F0200000C960100000C050200000A0C0102000004000000000CFFFFFFFF110D046C6F6F700CFFFFFFFF04FFFFFFFF0CFFFFFFFF0CFFFFFFFF0C5F0200000CA2010000110D067665727465780CFFFFFFFF04FF
310
FFFFFF0CFFFFFFFF0C9501000004010000000C61020000110E07656C6C697073650D0563757276650CFFFFFFFF04FFFFFFFF0CFFFFFFFF13000000000000000019F083269C3B11402BE282E2C45F134014000000000000F0BF00000000000000800000000000000080140000000000000000989999999999D9BF1E0AAD8695
310
2BE63F06000000000000F03F0A065D732D3852C1E0BF0A0667732D3852C1E03F110D06636F656467650CFFFFFFFF04FFFFFFFF0CFFFFFFFF0C970100000C960100000C620200000C630200000B0C9801000004000000000CFFFFFFFF110D04656467650CFFFFFFFF04FFFFFFFF0CFFFFFFFF0C990100000600000000000000
310
000C6402000006182D4454FB21F93F0C960100000C650200000B070774616E67656E74110D04666163650C6602000004FFFFFFFF0CFFFFFFFF0C670200000C980100000C070000000CFFFFFFFF0C680200000B0B110D05706F696E740CFFFFFFFF04FFFFFFFF0CFFFFFFFF130000000000000000AB9D5CEB52EC0C40C57B1C
310
7C5EF91440110D06636F656467650CFFFFFFFF04FFFFFFFF0CFFFFFFFF0C690200000C6A0200000C9B0100000C090200000B0C6B02000004000000000CFFFFFFFF110D04656467650CFFFFFFFF04FFFFFFFF0CFFFFFFFF0C0C0200000600000000000000800C0A0200000667732D3852C100400C080200000C6C0200000A07
310
0774616E67656E74110D067665727465780CFFFFFFFF04FFFFFFFF0CFFFFFFFF0C6302000004010000000C6D020000110E07656C6C697073650D0563757276650CFFFFFFFF04FFFFFFFF0CFFFFFFFF139A9999999999D93FE47A795A6A62F83FAA68B09E53F0F93F14F163E99C89FDE1BC080000000000E03FA74C58E87AB6
310
EB3F140000000000000000280AAD86952BD63FB09999999999C9BF06000000000000F03F0A0600000000000000000A06192D4454FB21F93F110D067665727465780CFFFFFFFF04FFFFFFFF0CFFFFFFFF0C6E02000004010000000C6F020000110E07656C6C697073650D0563757276650CFFFFFFFF04FFFFFFFF0CFFFFFFFF
310
139A9999999999D93FFAFFE78E1ABC0140D8D5F4AD81F4DA3F140000000000000080000000000000F03F0000000000000080149A9999999999D9BF0000000000000000000000000000000006000000000000F03F0A0600000000000000000A06182D4454FB21F93F110E0D4154545249425F435553544F4D0D066174747269
310
620CFFFFFFFF04FFFFFFFF0CFFFFFFFF0CFFFFFFFF0C9E010000071667656E657269635F7461675F6174747269625F6465660403000000040300000004FFFFFFFF071767656E657269635F7461675F6174747269625F6465662004010000000402000000070233330400000000040100000004320100000400000000110E05
310
746F7275730D07737572666163650CFFFFFFFF04FFFFFFFF0CFFFFFFFF13799999999999D93FFAFFE78E1ABC014040024A38ED89F33F14000000000000F0BF0000000000000080FC0FBD4504C6E4BC06949999999999E93F069A9999999999D93F14FC0FBD4504C6E4BC0000000000000000000000000000F03F0B0B0B0B0B
310
110E0D4154545249425F435553544F4D0D066174747269620CFFFFFFFF04FFFFFFFF0CFFFFFFFF0CFFFFFFFF0CA2010000071667656E657269635F7461675F6174747269625F6465660403000000040300000004FFFFFFFF071767656E657269635F7461675F6174747269625F646566200401000000040200000007023337
310
0400000000040100000004320100000400000000110D04666163650C7002000004FFFFFFFF0CFFFFFFFF0C710200000C720200000C070000000CFFFFFFFF0C730200000B0B110E05746F7275730D07737572666163650CFFFFFFFF04FFFFFFFF0CFFFFFFFF139A9999999999D93F19F083269C3B114027E282E2C45F134014
310
000000000000F03F0000000000000000000000000000000006B09999999999E93F06A09999999999D93F1400000000000000000000000000000000000000000000F0BF0B0B0B0B0B110D06636F656467650CFFFFFFFF04FFFFFFFF0CFFFFFFFF0C740200000CF30100000CF60100000C520200000B0CA30100000400000000
310
0CFFFFFFFF110D06636F656467650CFFFFFFFF04FFFFFFFF0CFFFFFFFF0C750200000C760200000CA50100000C150200000B0C7702000004000000000CFFFFFFFF110D04656467650CFFFFFFFF04FFFFFFFF0CFFFFFFFF0C7802000006D5FFFFFFFFBFD23C0C560200000664732D3852C100400C140200000C790200000A07
310
0774616E67656E74110D06636F656467650CFFFFFFFF04FFFFFFFF0CFFFFFFFF0CA70100000CA60100000CF20100000C4F0200000B0CEB00000004000000000CFFFFFFFF110D06636F656467650CFFFFFFFF04FFFFFFFF0CFFFFFFFF0C7A0200000CFD0100000CA60100000C180200000B0C5C02000004000000000CFFFFFF
310
FF110D04656467650CFFFFFFFF04FFFFFFFF0CFFFFFFFF0C5D0200000600000000000000000C1E02000006182D4454FB21F93F0C170200000C7B0200000B070774616E67656E74110D06636F656467650CFFFFFFFF04FFFFFFFF0CFFFFFFFF0CF30100000C740200000CA70100000C1A0200000B0CA301000004000000000C
310
FFFFFFFF110D04656467650CFFFFFFFF04FFFFFFFF0CFFFFFFFF0C1F0200000600000000000000000C5002000006102D4454FB21F93F0C190200000C7C0200000B070774616E67656E74110D06636F656467650CFFFFFFFF04FFFFFFFF0CFFFFFFFF0C7D0200000CA80100000C7E0200000C7F0200000B0C1D020000040000
310
00000CFFFFFFFF110D06636F656467650CFFFFFFFF04FFFFFFFF0CFFFFFFFF0CA80100000C7D0200000C800200000C810200000B0C1D02000004000000000CFFFFFFFF110D046C6F6F700CFFFFFFFF04FFFFFFFF0CFFFFFFFF0CFFFFFFFF0C7D0200000C71020000110D067665727465780CFFFFFFFF04FFFFFFFF0CFFFFFF
310
FF0C8102000004010000000C82020000110D067665727465780CFFFFFFFF04FFFFFFFF0CFFFFFFFF0C8302000004010000000C84020000110E07656C6C697073650D0563757276650CFFFFFFFF04FFFFFFFF0CFFFFFFFF139A9999999999D93F220B646119341B402AE282E2C45F134014000000000000F03F000000000000
310
000000000000000000001400000000000000000000000000000000909999999999D93F06000000000000F03F0A066C732D3852C1F0BF0A060000000000000080110E0873747261696768740D0563757276650CFFFFFFFF04FFFFFFFF0CFFFFFFFF139A9999999999D93F0200000000C008404B4BB40F236F15401400000000
310
00000080020000000000E03FAA4C58E87AB6EB3F0A062EDB9FFAFA0E1DC00A06638D5C36E4CF0240110D06636F656467650CFFFFFFFF04FFFFFFFF0CFFFFFFFF0CAC0100000C4A0200000C850200000C860200000B0C2302000004000000000CFFFFFFFF110D046C6F6F700CFFFFFFFF04FFFFFFFF0CFFFFFFFF0CFFFFFFFF
310
0CE40100000C37020000110E0873747261696768740D0563757276650CFFFFFFFF04FFFFFFFF0CFFFFFFFF1366666666666612400200000000C008404B4BB40F236F1540140000000000000000020000000000E0BFAA4C58E87AB6EBBF0A06638D5C36E4CF02C00A062EDB9FFAFA0E1D40110D06636F656467650CFFFFFFFF
310
04FFFFFFFF0CFFFFFFFF0C850200000C390200000CAE0100000C260200000A0CC901000004000000000CFFFFFFFF110D04656467650CFFFFFFFF04FFFFFFFF0CFFFFFFFF0CB20100000600000000000000800C400200000663732D3852C1F03F0CAE0100000C870200000A070774616E67656E74110D04656467650CFFFFFF
310
FF04FFFFFFFF0CFFFFFFFF0CD90100000600000000000000800CB10100000663732D3852C1F03F0CAF0100000C880200000A070774616E67656E74110D05706F696E740CFFFFFFFF04FFFFFFFF0CFFFFFFFF139A9999999999D93F40CAB86F84130B40477680BEDE721740110D05706F696E740CFFFFFFFF04FFFFFFFF0CFF
310
FFFFFF13666666666666124040CAB86F84130B40477680BEDE721740110D06636F656467650CFFFFFFFF04FFFFFFFF0CFFFFFFFF0C3B0200000CB50100000C310200000C2C0200000A0CD401000004000000000CFFFFFFFF110E0873747261696768740D0563757276650CFFFFFFFF04FFFFFFFF0CFFFFFFFF130000000000
310
001440B197CA53A39E2240E8B981FA00050140140000000000000080020000000000E03FAA4C58E87AB6EBBF0A06B1462E1BF26717C00A065FB63FF5F51D0E40110D04656467650CFFFFFFFF04FFFFFFFF0CFFFFFFFF0C8902000006809471DF082706C00CB7010000060052C67D239CE83F0C2A0200000C8A0200000B0707
310
74616E67656E74110D05706F696E740CFFFFFFFF04FFFFFFFF0CFFFFFFFF13000000000000144042CAB86F84131D407AA9B3F111A61640110D05706F696E740CFFFFFFFF04FFFFFFFF0CFFFFFFFF130000000000001440602F95A7469D2440899999999999D93F110D06636F656467650CFFFFFFFF04FFFFFFFF0CFFFFFFFF
310
0C350200000CC00100000CBD0100000C300200000B0CC501000004000000000CFFFFFFFF110D04656467650CFFFFFFFF04FFFFFFFF0CFFFFFFFF0C53010000060052C67D239CE8BF0C4002000006809471DF082706400CBD0100000C8B0200000B070774616E67656E74110D06636F656467650CFFFFFFFF04FFFFFFFF0CFF
310
FFFFFF0CC00100000C350200000C2A0200000C2C0200000B0CC501000004000000000CFFFFFFFF110E07656C6C697073650D0563757276650CFFFFFFFF04FFFFFFFF0CFFFFFFFF13666666666666124042CAB86F84131D407AA9B3F111A61640140000000000000000000000000000F03F000000000000000014A099999999
310
99D93F0000000000000000000000000000000006000000000000F03F0A06182D4454FB21F9BF0A060000000000000080110E0D4154545249425F435553544F4D0D066174747269620CFFFFFFFF04FFFFFFFF0CFFFFFFFF0CFFFFFFFF0CC2010000071667656E657269635F7461675F6174747269625F646566040300000004
310
0300000004FFFFFFFF071767656E657269635F7461675F6174747269625F64656620040100000004010000000701340400000000040100000004320100000400000000110E067370686572650D07737572666163650CFFFFFFFF04FFFFFFFF0CFFFFFFFF13666666666666124042CAB86F84131D407AA9B3F111A6164006A0
310
9999999999D93F14070000000000E03F994C58E87AB6DB3F000000000000E83F14663FD2779EBECE3FF85961442BD8ECBF81AFDDD9F60ED73F0B0B0B0B0B110D06636F656467650CFFFFFFFF04FFFFFFFF0CFFFFFFFF0C310200000C2F0200000C390200000C8C0200000B0CC501000004000000000CFFFFFFFF110E0D4154
310
545249425F435553544F4D0D066174747269620CFFFFFFFF04FFFFFFFF0CFFFFFFFF0CFFFFFFFF0CC8010000071667656E657269635F7461675F6174747269625F6465660403000000040300000004FFFFFFFF071767656E657269635F7461675F6174747269625F6465662004010000000401000000070136040000000004
310
0100000004320100000400000000110D04666163650C8D02000004FFFFFFFF0CFFFFFFFF0CC20100000C230200000C070000000CFFFFFFFF0C8E0200000B0B110E04636F6E650D07737572666163650CFFFFFFFF04FFFFFFFF0CFFFFFFFF130000000000000000846B8E20F7D80D407AA9B3F111A6164014000000000000F0
310
3F000000000000000000000000000000801400000000000000008B9999999999C9BF260AAD86952BD63F06000000000000F03F0B0B06000000000000000006000000000000F03F069A9999999999D93F0B0B0B0B0B110D06636F656467650CFFFFFFFF04FFFFFFFF0CFFFFFFFF0C250200000C850200000C350200000C8C02
310
00000A0CC901000004000000000CFFFFFFFF110E0873747261696768740D0563757276650CFFFFFFFF04FFFFFFFF0CFFFFFFFF1300000000000000000200000000001A407AA9B3F111A61640140000000000000080000000000000F0BF00000000000000800A0646D4449F8FC213C00A0647D4449F8FC21B40110D06636F65
310
6467650CFFFFFFFF04FFFFFFFF0CFFFFFFFF0CDB0100000C2A0200000C4A0200000C460200000A0CD401000004000000000CFFFFFFFF110D06636F656467650CFFFFFFFF04FFFFFFFF0CFFFFFFFF0C8F0200000CD50100000C900200000C910200000A0C6C01000004000000000CFFFFFFFF110D06636F656467650CFFFFFF
310
FF04FFFFFFFF0CFFFFFFFF0CD50100000C920200000C930200000C940200000A0C6C01000004000000000CFFFFFFFF110D06636F656467650CFFFFFFFF04FFFFFFFF0CFFFFFFFF0C950200000C960200000CD50100000C3F0200000B0C9702000004000000000CFFFFFFFF110D04656467650CFFFFFFFF04FFFFFFFF0CFFFF
310
FFFF0C980200000664732D3852C1F0BF0C990200000669732D3852C1F03F0CD50100000C9A0200000B070774616E67656E74110D067665727465780CFFFFFFFF04FFFFFFFF0CFFFFFFFF0CD701000004000000000C9B020000110E0873747261696768740D0563757276650CFFFFFFFF04FFFFFFFF0CFFFFFFFF1300000000
310
00000000846B8E20F7D80D4014434D8BAB3F184014000000000000F0BF000000000000008000000000000000000A06790778D2C2F518C00A06E31DE0490BD7F33F110D06636F656467650CFFFFFFFF04FFFFFFFF0CFFFFFFFF0C4C0200000CEE0100000CD80100000C430200000A0C8701000004000000000CFFFFFFFF110D
310
04656467650CFFFFFFFF04FFFFFFFF0CFFFFFFFF0CF00100000600000000000000800CD901000006182D4454FB21F93F0CD80100000C9C0200000A070774616E67656E74110D05706F696E740CFFFFFFFF04FFFFFFFF0CFFFFFFFF139A9999999999D93F846B8E20F7D80D4014434D8BAB3F1840110E087374726169676874
310
0D0563757276650CFFFFFFFF04FFFFFFFF0CFFFFFFFF1300000000000014400200000000000640949999999999D93F140000000000000080000000000000F0BF45175D74D145973C0A06BC033C69E1FA22C00A06F40EF0A485EB0F40110D04656467650CFFFFFFFF04FFFFFFFF0CFFFFFFFF0CDE01000006BC5E2A4F8DFA15
310
C00C8902000006F051C67D239CE23F0C3B0200000C9D0200000B070774616E67656E74110D05706F696E740CFFFFFFFF04FFFFFFFF0CFFFFFFFF1300000000000014401C0AAD86952BE63F909999999999D93F110E0D4154545249425F435553544F4D0D066174747269620CFFFFFFFF04FFFFFFFF0CFFFFFFFF0CFFFFFFFF
310
0CE1010000071667656E657269635F7461675F6174747269625F6465660403000000040300000004FFFFFFFF071767656E657269635F7461675F6174747269625F6465662004010000000402000000070231360400000000040100000004320100000400000000110E04636F6E650D07737572666163650CFFFFFFFF04FFFF
310
FFFF0CFFFFFFFF139A9999999999D93F46A1D5B072850B407E7EE74256A21440140000000000000080020000000000E03FAA4C58E87AB6EB3F140E63FF51181AD2BF4D68DBEC7C5ACFBFFB62FF51181AC23F06000000000000F03F0B0B06000000000000000006000000000000F03F069A9999999999D93F0B0B0B0B0B110D
310
06636F656467650CFFFFFFFF04FFFFFFFF0CFFFFFFFF0C220200000CE40100000C3B0200000C460200000B0C2302000004000000000CFFFFFFFF110E07656C6C697073650D0563757276650CFFFFFFFF04FFFFFFFF0CFFFFFFFF1366666666666612401C0AAD86952BE63F909999999999D93F140000000000000000040000
310
000000E0BFA84C58E87AB6EBBF140000000000000000200AAD86952BD6BFA09999999999C93F06000000000000F03F0A06182D4454FB21F9BF0A060000000000000080110D06636F656467650CFFFFFFFF04FFFFFFFF0CFFFFFFFF0CEE0100000C420200000CEF0100000C4D0200000A0C8701000004000000000CFFFFFFFF
310
110D04656467650CFFFFFFFF04FFFFFFFF0CFFFFFFFF0CB10100000600000000000000800CF001000006182D4454FB21F93F0CEF0100000C9E0200000A070774616E67656E74110D05706F696E740CFFFFFFFF04FFFFFFFF0CFFFFFFFF130000000000000000846B8E20F7D80D407AA9B3F111A61640110D04656467650CFF
310
FFFFFF04FFFFFFFF0CFFFFFFFF0C5D0200000667732D3852C1E0BF0C500200000667732D3852C1E03F0CF20100000C9F0200000B070774616E67656E74110D067665727465780CFFFFFFFF04FFFFFFFF0CFFFFFFFF0C4F02000004010000000CA0020000110E0873747261696768740D0563757276650CFFFFFFFF04FFFFFF
310
FF0CFFFFFFFF13000000000000000092A52750BCA91E4049146CA533C81340140000000000000000FEFFFFFFFFFFDF3FAC4C58E87AB6EBBF0A06210D0C1B5C6FFABF0A06CFD5470E22481840110D04656467650CFFFFFFFF04FFFFFFFF0CFFFFFFFF0CF70100000600000000000000000C7802000006182D4454FB21F93F0C
310
130200000CA10200000B070774616E67656E74110D05706F696E740CFFFFFFFF04FFFFFFFF0CFFFFFFFF13000000000000000040CEA4788D2B2340A268B09E53F0F93F110D06636F656467650CFFFFFFFF04FFFFFFFF0CFFFFFFFF0CA20200000CA30200000CF90100000C550200000A0CA402000004000000000CFFFFFFFF
310
110D04656467650CFFFFFFFF04FFFFFFFF0CFFFFFFFF0C0C0200000642CE3031804D15C00C5602000006E4B33C1F6B98F53F0C540200000CA50200000B070774616E67656E74110D067665727465780CFFFFFFFF04FFFFFFFF0CFFFFFFFF0CA602000004000000000CA7020000110E07656C6C697073650D0563757276650C
310
FFFFFFFF04FFFFFFFF0CFFFFFFFF139A9999999999D93F9CFD3920D4C82140D8D5F4AD81F4DA3F140000000000000080000000000000F0BF00000000000000001400000000000000000000000000000000989999999999D93F06000000000000F03F0A0600000000000000000A06182D4454FB21F93F110E0D415454524942
310
5F435553544F4D0D066174747269620CFFFFFFFF04FFFFFFFF0CFFFFFFFF0CFFFFFFFF0CFB010000071667656E657269635F7461675F6174747269625F6465660403000000040300000004FFFFFFFF071767656E657269635F7461675F6174747269625F646566200401000000040200000007023331040000000004010000
310
0004320100000400000000110D04666163650CA802000004FFFFFFFF0CFFFFFFFF0CA90200000C5C0200000C070000000CFFFFFFFF0CAA0200000B0B110E04636F6E650D07737572666163650CFFFFFFFF04FFFFFFFF0CFFFFFFFF139A9999999999D93F3FCEA4788D2B1E40D8D5F4AD81F4DA3F1400000000000000000000
310
00000000F0BF0000000000000000140B63FF51181AD2BF00000000000000000963FF51181AD23F06000000000000F03F0B0B06000000000000000006000000000000F03F069A9999999999D93F0B0B0B0B0B110D06636F656467650CFFFFFFFF04FFFFFFFF0CFFFFFFFF0CFD0100000C7A0200000CFF0100000C600200000B
310
0C5C02000004000000000CFFFFFFFF110D046C6F6F700CFFFFFFFF04FFFFFFFF0CFFFFFFFF0CFFFFFFFF0C170200000C59020000110D067665727465780CFFFFFFFF04FFFFFFFF0CFFFFFFFF0C4F02000004000000000CAB020000110E0873747261696768740D0563757276650CFFFFFFFF04FFFFFFFF0CFFFFFFFF130000
310
0000000000002D5D1E4B902713405D15B615F8921640140000000000000000000000000000F03F00000000000000000A062F908D39AD2412C00A06D7D550A38CD51740110D06636F656467650CFFFFFFFF04FFFFFFFF0CFFFFFFFF0C000200000CFF0100000CAC0200000CAD0200000A0C0102000004000000000CFFFFFFFF
310
110D04656467650CFFFFFFFF04FFFFFFFF0CFFFFFFFF0CAE0200000600000000000000000C0202000006182D4454FB21F93F0C5B0200000CAF0200000B070774616E67656E74110D05706F696E740CFFFFFFFF04FFFFFFFF0CFFFFFFFF13000000000000000019F083269C3B11405D15B615F8921640110D06636F65646765
310
0CFFFFFFFF04FFFFFFFF0CFFFFFFFF0CB00200000CB10200000C040200000C630200000A0CB202000004000000000CFFFFFFFF110D04656467650CFFFFFFFF04FFFFFFFF0CFFFFFFFF0C64020000068299E8BAA76507C00C0A02000006CC4DAE822721F43F0C620200000CB30200000B070774616E67656E74110D06766572
310
7465780CFFFFFFFF04FFFFFFFF0CFFFFFFFF0C6302000004000000000CB4020000110E07656C6C697073650D0563757276650CFFFFFFFF04FFFFFFFF0CFFFFFFFF139A9999999999D93FAB9D5CEB52EC0C40C57B1C7C5EF91440140000000000000080220000000000E0BF974C58E87AB6EBBF149A9999999999D9BF000000
310
0000000000000000000000000006000000000000F03F0A0600000000000000000A06182D4454FB21F93F110E0D4154545249425F435553544F4D0D066174747269620CFFFFFFFF04FFFFFFFF0CFFFFFFFF0CFFFFFFFF0C06020000071667656E657269635F7461675F6174747269625F6465660403000000040300000004FF
310
FFFFFF071767656E657269635F7461675F6174747269625F6465662004010000000402000000070233320400000000040100000004320100000400000000110D04666163650CB502000004FFFFFFFF0CFFFFFFFF0CB60200000CB70200000C070000000CFFFFFFFF0CB80200000B0B110E04636F6E650D0773757266616365
310
0CFFFFFFFF04FFFFFFFF0CFFFFFFFF139A9999999999D93FE650E80D7F390140DDA21C6B8BAF0540140000000000000080040000000000E03FA94C58E87AB6EB3F140A63FF51181AD2BF4768DBEC7C5ACF3F0E63FF51181AC2BF06000000000000F03F0B0B06000000000000000006000000000000F03F06999999999999D9
310
3F0B0B0B0B0B110D06636F656467650CFFFFFFFF04FFFFFFFF0CFFFFFFFF0CB90200000C080200000CB10200000CBA0200000B0C6B02000004000000000CFFFFFFFF110D06636F656467650CFFFFFFFF04FFFFFFFF0CFFFFFFFF0C080200000CB90200000CA20200000C6E0200000B0C6B02000004000000000CFFFFFFFF11
310
0D046C6F6F700CFFFFFFFF04FFFFFFFF0CFFFFFFFF0CFFFFFFFF0CB90200000CBB020000110E07656C6C697073650D0563757276650CFFFFFFFF04FFFFFFFF0CFFFFFFFF139A9999999999D93FFAFFE78E1ABC014042024A38ED89F33F14000000000000F03F00000000000000000000000000000000140000000000000000
310
0000000000000000989999999999D9BF06000000000000F03F0A0667732D3852C100C00A060000000000000080110D05706F696E740CFFFFFFFF04FFFFFFFF0CFFFFFFFF139A9999999999D93F6EBD24BC4FEDFD3F75357D6B20BDF63F110D04656467650CFFFFFFFF04FFFFFFFF0CFFFFFFFF0CBC02000006666666666666
310
12C00C0C020000069A9999999999D9BF0CA20200000CBD0200000B070774616E67656E74110D05706F696E740CFFFFFFFF04FFFFFFFF0CFFFFFFFF139A9999999999D93FFAFFE78E1ABC0140B837C7A30D47EA3F110E0D4154545249425F435553544F4D0D066174747269620CFFFFFFFF04FFFFFFFF0CFFFFFFFF0CFFFFFF
310
FF0C11020000071667656E657269635F7461675F6174747269625F6465660403000000040300000004FFFFFFFF071767656E657269635F7461675F6174747269625F6465662004010000000402000000070233350400000000040100000004320100000400000000110D04666163650CBE02000004FFFFFFFF0CFFFFFFFF0C
310
9E0100000C1D0200000C070000000CFFFFFFFF0CBF0200000B0B110D046C6F6F700CFFFFFFFF04FFFFFFFF0CFFFFFFFF0CFFFFFFFF0CC00200000C11020000110E05746F7275730D07737572666163650CFFFFFFFF04FFFFFFFF0CFFFFFFFF136666666666661240220B646119341B4029E282E2C45F134014000000000000
310
F0BF0000000000000080000000000000000006A09999999999E93F06A09999999999D93F1400000000000000000000000000000000000000000000F03F0B0B0B0B0B110D06636F656467650CFFFFFFFF04FFFFFFFF0CFFFFFFFF0C190200000C130200000CC10200000C830200000B0CA301000004000000000CFFFFFFFF11
310
0D06636F656467650CFFFFFFFF04FFFFFFFF0CFFFFFFFF0CC20200000C140200000CA30200000CA60200000B0C7702000004000000000CFFFFFFFF110D06636F656467650CFFFFFFFF04FFFFFFFF0CFFFFFFFF0C140200000CC20200000CC30200000CC40200000B0C7702000004000000000CFFFFFFFF110D046C6F6F700C
310
FFFFFFFF04FFFFFFFF0CFFFFFFFF0CFFFFFFFF0CC20200000CB6020000110D067665727465780CFFFFFFFF04FFFFFFFF0CFFFFFFFF0C8302000004000000000CC5020000110E07656C6C697073650D0563757276650CFFFFFFFF04FFFFFFFF0CFFFFFFFF139A9999999999D93F9CFD3920D4C8214042024A38ED89F33F1400
310
0000000000F03F00000000000000800000000000000000140000000000000000400AAD86952BD63FB09999999999C93F06000000000000F03F0A0664732D3852C100C00A060000000000000080110D06636F656467650CFFFFFFFF04FFFFFFFF0CFFFFFFFF0C5B0200000C170200000CC60200000CC70200000B0C5C020000
310
04000000000CFFFFFFFF110E07656C6C697073650D0563757276650CFFFFFFFF04FFFFFFFF0CFFFFFFFF139A9999999999D93F220B646119341B405D15B615F8921640140000000000000080000000000000F0BF0000000000000080149A9999999999D9BF0000000000000000000000000000000006000000000000F03F0A
310
0600000000000000000A06182D4454FB21F93F110E07656C6C697073650D0563757276650CFFFFFFFF04FFFFFFFF0CFFFFFFFF139A9999999999D93F67AC39128CF91D40C37B1C7C5EF9144014FAFFFFFFFFFFD3BCF7FFFFFFFFFFDF3FAD4C58E87AB6EBBF140000000000000000300AAD86952BD6BFA09999999999C9BF06
310
000000000000F03F0A0600000000000000000A06102D4454FB21F93F110D06636F656467650CFFFFFFFF04FFFFFFFF0CFFFFFFFF0C1C0200000C1B0200000CC80200000CC90200000B0C1D02000004000000000CFFFFFFFF110D06636F656467650CFFFFFFFF04FFFFFFFF0CFFFFFFFF0CC10200000CCA0200000C1B020000
310
0C7F0200000A0CCB02000004000000000CFFFFFFFF110D04656467650CFFFFFFFF04FFFFFFFF0CFFFFFFFF0C1F020000069A9999999999D93F0CCC0200000666666666666612400C7E0200000CCD0200000B070774616E67656E74110D06636F656467650CFFFFFFFF04FFFFFFFF0CFFFFFFFF0CCE0200000CC60200000C1C
310
0200000C810200000A0CCF02000004000000000CFFFFFFFF110D04656467650CFFFFFFFF04FFFFFFFF0CFFFFFFFF0CD00200000666666666666612C00C1E020000069A9999999999D9BF0C800200000CD10200000B070774616E67656E74110D05706F696E740CFFFFFFFF04FFFFFFFF0CFFFFFFFF139A9999999999D93F22
310
0B646119341B40C37B1C7C5EF91440110D04656467650CFFFFFFFF04FFFFFFFF0CFFFFFFFF0C7802000006B6DB87847AB50EC00C1F020000067025BFBD0706D63F0CC10200000CD20200000B070774616E67656E74110D05706F696E740CFFFFFFFF04FFFFFFFF0CFFFFFFFF139A9999999999D93FC4DBCEB9D2961C40F6AE
310
4FAF912C1440110D06636F656467650CFFFFFFFF04FFFFFFFF0CFFFFFFFF0C390200000C250200000C220200000C860200000A0CC901000004000000000CFFFFFFFF110D04656467650CFFFFFFFF04FFFFFFFF0CFFFFFFFF0C890200000600000000000000800CB201000006182D4454FB21F93F0C220200000CD30200000A
310
070774616E67656E74110E07656C6C697073650D0563757276650CFFFFFFFF04FFFFFFFF0CFFFFFFFF136666666666661240846B8E20F7D80D407AA9B3F111A6164014000000000000F03F00000000000000000000000000000080140000000000000000200AAD86952BD6BFA09999999999C93F06000000000000F03F0A06
310
63732D3852C1F0BF0A060000000000000080110E07656C6C697073650D0563757276650CFFFFFFFF04FFFFFFFF0CFFFFFFFF139A9999999999D93F846B8E20F7D80D407AA9B3F111A6164014000000000000F0BF000000000000000000000000000000001400000000000000000000000000000000A09999999999D93F0600
310
0000000000F03F0A0663732D3852C1F0BF0A060000000000000080110D067665727465780CFFFFFFFF04FFFFFFFF0CFFFFFFFF0C4602000004010000000CD4020000110E0873747261696768740D0563757276650CFFFFFFFF04FFFFFFFF0CFFFFFFFF1300000000000014400200000000001A407AA9B3F111A61640140000
310
000000000080000000000000F03F00000000000000800A0647D4449F8FC21BC00A0646D4449F8FC21340110E0873747261696768740D0563757276650CFFFFFFFF04FFFFFFFF0CFFFFFFFF1366666666666612400200000000001A4014434D8BAB3F1840140000000000000000000000000000F0BF00000000000000000A06
310
46D4449F8FC213C00A0647D4449F8FC21B40110D04656467650CFFFFFFFF04FFFFFFFF0CFFFFFFFF0C400200000600000000000000800C8902000006182D4454FB21F93F0C350200000CD50200000A070774616E67656E74110E0D4154545249425F435553544F4D0D066174747269620CFFFFFFFF04FFFFFFFF0CFFFFFFFF
310
0CFFFFFFFF0C37020000071667656E657269635F7461675F6174747269625F6465660403000000040300000004FFFFFFFF071767656E657269635F7461675F6174747269625F64656620040100000004010000000701350400000000040100000004320100000400000000110E04636F6E650D07737572666163650CFFFFFF
310
FF04FFFFFFFF0CFFFFFFFF13666666666666124046A1D5B072850B407E7EE74256A21440140000000000000000020000000000E0BFAA4C58E87AB6EBBF141063FF51181AD23F4A68DBEC7C5ACFBFF962FF51181AC23F06000000000000F03F0B0B06000000000000000006000000000000F03F069A9999999999D93F0B0B0B
310
0B0B110D06636F656467650CFFFFFFFF04FFFFFFFF0CFFFFFFFF0CD60200000C3C0200000CD70200000CD80200000A0C6C01000004000000000CFFFFFFFF110D06636F656467650CFFFFFFFF04FFFFFFFF0CFFFFFFFF0CD90200000CDA0200000C3C0200000C910200000B0CDB02000004000000000CFFFFFFFF110D046564
310
67650CFFFFFFFF04FFFFFFFF0CFFFFFFFF0CDC020000068599E8BAA76507C00C9802000006CC4DAE822721F43F0C3C0200000CDD0200000B070774616E67656E74110D06636F656467650CFFFFFFFF04FFFFFFFF0CFFFFFFFF0C3D0200000CDE0200000CDF0200000CE00200000A0C6C01000004000000000CFFFFFFFF110D
310
06636F656467650CFFFFFFFF04FFFFFFFF0CFFFFFFFF0CE10200000CE20200000C3D0200000C940200000B0CE302000004000000000CFFFFFFFF110D04656467650CFFFFFFFF04FFFFFFFF0CFFFFFFFF0C990200000642CE3031804D15C00CE402000006E4B33C1F6B98F53F0C3D0200000CE50200000B070774616E67656E
310
74110D06636F656467650CFFFFFFFF04FFFFFFFF0CFFFFFFFF0CE60200000C3E0200000CE20200000CE70200000A0C9702000004000000000CFFFFFFFF110D06636F656467650CFFFFFFFF04FFFFFFFF0CFFFFFFFF0C3E0200000CE60200000CD90200000CE80200000A0C9702000004000000000CFFFFFFFF110D046C6F6F
310
700CFFFFFFFF04FFFFFFFF0CFFFFFFFF0CFFFFFFFF0C950200000CE9020000110D067665727465780CFFFFFFFF04FFFFFFFF0CFFFFFFFF0C3F02000004000000000CEA020000110D067665727465780CFFFFFFFF04FFFFFFFF0CFFFFFFFF0C3F02000004010000000CEB020000110E07656C6C697073650D0563757276650C
310
FFFFFFFF04FFFFFFFF0CFFFFFFFF130000000000001440FAFFE78E1ABC014040024A38ED89F33F14000000000000F03F00000000000000000000000000000000140000000000000000260AAD86952BE6BF8F9999999999D9BF06000000000000F03F0A0664732D3852C1F0BF0A0669732D3852C1F03F110D05706F696E740C
310
FFFFFFFF04FFFFFFFF0CFFFFFFFF136666666666661240846B8E20F7D80D4014434D8BAB3F1840110E07656C6C697073650D0563757276650CFFFFFFFF04FFFFFFFF0CFFFFFFFF139A9999999999D93F846B8E20F7D80D407AA9B3F111A61640140000000000000000000000000000F0BF0000000000000000149A99999999
310
99D9BF0000000000000000000000000000000006000000000000F03F0A06182D4454FB21F9BF0A060000000000000080110E0873747261696768740D0563757276650CFFFFFFFF04FFFFFFFF0CFFFFFFFF13000000000000144046A1D5B072850B407E7EE74256A21440140000000000000080020000000000E03FAA4C58E8
310
7AB6EB3F0A062EDB9FFAFA0E1DC00A06638D5C36E4CF0240110E07656C6C697073650D0563757276650CFFFFFFFF04FFFFFFFF0CFFFFFFFF139A9999999999D93F846B8E20F7D80D407AA9B3F111A61640140000000000000000040000000000E03FA94C58E87AB6EB3F140000000000000000200AAD86952BD6BFA0999999
310
9999C93F06000000000000F03F0A06182D4454FB21F9BF0A060000000000000080110E07656C6C697073650D0563757276650CFFFFFFFF04FFFFFFFF0CFFFFFFFF130000000000000000220B646119341B402AE282E2C45F134014000000000000F0BF000000000000008000000000000000801400000000000000009A9999
310
999999D93F200AAD86952BE63F06000000000000F03F0A0667732D3852C1E0BF0A0667732D3852C1E03F110D05706F696E740CFFFFFFFF04FFFFFFFF0CFFFFFFFF13000000000000000066AC39128CF91D40C37B1C7C5EF91440110E07656C6C697073650D0563757276650CFFFFFFFF04FFFFFFFF0CFFFFFFFF139A999999
310
9999D93F40CEA4788D2B2340A268B09E53F0F93F140000000000000080AAFFFFFFFFFFDFBFC44C58E87AB6EB3F149A9999999999D9BF0000000000000000000000000000000006000000000000F03F0A0600000000000000000A06182D4454FB21F93F110D06636F656467650CFFFFFFFF04FFFFFFFF0CFFFFFFFF0CEC0200
310
000C540200000C6A0200000C6E0200000A0CA402000004000000000CFFFFFFFF110D06636F656467650CFFFFFFFF04FFFFFFFF0CFFFFFFFF0C540200000CEC0200000C750200000CA60200000A0CA402000004000000000CFFFFFFFF110D046C6F6F700CFFFFFFFF04FFFFFFFF0CFFFFFFFF0CFFFFFFFF0CA20200000CED02
310
0000110E0873747261696768740D0563757276650CFFFFFFFF04FFFFFFFF0CFFFFFFFF139A9999999999D93F3FCEA4788D2B1E40B837C7A30D47EA3F140000000000000080000000000000F03F00000000000000800A0641011467AA281DC00A066EAB3996A0420A40110D04656467650CFFFFFFFF04FFFFFFFF0CFFFFFFFF
310
0C56020000069A9999999999D93F0CEE0200000666666666666612400CA30200000CEF0200000B070774616E67656E74110D05706F696E740CFFFFFFFF04FFFFFFFF0CFFFFFFFF139A9999999999D93F9CFD3920D4C82140B837C7A30D47EA3F110E0D4154545249425F435553544F4D0D066174747269620CFFFFFFFF04FF
310
FFFFFF0CFFFFFFFF0CFFFFFFFF0C59020000071667656E657269635F7461675F6174747269625F6465660403000000040300000004FFFFFFFF071767656E657269635F7461675F6174747269625F6465662004010000000402000000070233360400000000040100000004320100000400000000110D04666163650CF00200
310
0004FFFFFFFF0CFFFFFFFF0CF10200000CCB0200000C070000000CFFFFFFFF0CF20200000B0B110E04636F6E650D07737572666163650CFFFFFFFF04FFFFFFFF0CFFFFFFFF139A9999999999D93F2D5D1E4B902713405D15B615F8921640140000000000000080000000000000F03F0000000000000000140863FF51181AD2
310
BF00000000000000000D63FF51181AD2BF06000000000000F03F0B0B06000000000000000006000000000000F03F069A9999999999D93F0B0B0B0B0B110D05706F696E740CFFFFFFFF04FFFFFFFF0CFFFFFFFF130000000000000000220B646119341B405D15B615F8921640110D06636F656467650CFFFFFFFF04FFFFFFFF
310
0CFFFFFFFF0CF30200000CF40200000C5F0200000CAD0200000B0CF502000004000000000CFFFFFFFF110D04656467650CFFFFFFFF04FFFFFFFF0CFFFFFFFF0C64020000060600000000E0C53C0CAE0200000663732D3852C1F03F0CAC0200000CF60200000A070774616E67656E74110D067665727465780CFFFFFFFF04FF
310
FFFFFF0CFFFFFFFF0CF702000004000000000CF8020000110E07656C6C697073650D0563757276650CFFFFFFFF04FFFFFFFF0CFFFFFFFF139A9999999999D93F19F083269C3B11405D15B615F8921640140000000000000000000000000000F03F00000000000000001400000000000000000000000000000000A099999999
310
99D9BF06000000000000F03F0A0600000000000000000A06182D4454FB21F93F110D06636F656467650CFFFFFFFF04FFFFFFFF0CFFFFFFFF0CF90200000C620200000CF40200000CFA0200000A0CB202000004000000000CFFFFFFFF110D06636F656467650CFFFFFFFF04FFFFFFFF0CFFFFFFFF0C620200000CF90200000C
310
690200000CBA0200000A0CB202000004000000000CFFFFFFFF110D046C6F6F700CFFFFFFFF04FFFFFFFF0CFFFFFFFF0CFFFFFFFF0C620200000CF1020000110E0873747261696768740D0563757276650CFFFFFFFF04FFFFFFFF0CFFFFFFFF139A9999999999D93F2BF2BDBEF1FE0340420983D1F115044014000000000000
310
0000040000000000E0BFA94C58E87AB6EBBF0A06B05D5B684AEE10C00A06D2F65E595DEB0B40110D05706F696E740CFFFFFFFF04FFFFFFFF0CFFFFFFFF139A9999999999D93FEF3E329CC5B10F40F6AE4FAF912C1440110E0D4154545249425F435553544F4D0D066174747269620CFFFFFFFF04FFFFFFFF0CFFFFFFFF0CFF
310
FFFFFF0C67020000071667656E657269635F7461675F6174747269625F6465660403000000040300000004FFFFFFFF071767656E657269635F7461675F6174747269625F6465662004010000000402000000070233300400000000040100000004320100000400000000110D04666163650CFB02000004FFFFFFFF0CFFFFFF
310
FF0CFC0200000C770200000C070000000CFFFFFFFF0CFD0200000B0B110D046C6F6F700CFFFFFFFF04FFFFFFFF0CFFFFFFFF0CFFFFFFFF0CFE0200000C67020000110E05746F7275730D07737572666163650CFFFFFFFF04FFFFFFFF0CFFFFFFFF1363666666666612409CFD3920D4C821403D024A38ED89F33F1400000000
310
0000F0BF0000000000000000EE1F7A8B088CFF3C06AC9999999999E93F069A9999999999D93F14EE1F7A8B088CFF3C0000000000000080000000000000F03F0B0B0B0B0B110D06636F656467650CFFFFFFFF04FFFFFFFF0CFFFFFFFF0C6A0200000C690200000CE60200000CFF0200000B0C6B02000004000000000CFFFFFF
310
FF110D04656467650CFFFFFFFF04FFFFFFFF0CFFFFFFFF0C0A020000069A9999999999D93F0C000300000666666666666612400CB10200000C010300000B070774616E67656E74110D04666163650C0203000004FFFFFFFF0CFFFFFFFF0C030300000C6B0200000C070000000CFFFFFFFF0C040300000B0B110D0676657274
310
65780CFFFFFFFF04FFFFFFFF0CFFFFFFFF0C6E02000004000000000C05030000110E0873747261696768740D0563757276650CFFFFFFFF04FFFFFFFF0CFFFFFFFF130000000000000000FAFFE78E1ABC0140B837C7A30D47EA3F14000000000000F0BF000000000000000000000000000000000A06790778D2C2F518C00A06
310
E31DE0490BD7F33F110E0D4154545249425F435553544F4D0D066174747269620CFFFFFFFF04FFFFFFFF0CFFFFFFFF0CFFFFFFFF0C71020000071667656E657269635F7461675F6174747269625F6465660403000000040300000004FFFFFFFF071767656E657269635F7461675F6174747269625F64656620040100000004
310
02000000070233340400000000040100000004320100000400000000110E04636F6E650D07737572666163650CFFFFFFFF04FFFFFFFF0CFFFFFFFF130000000000000000220B646119341B402AE282E2C45F134014000000000000F03F00000000000000800000000000000000140000000000000000AC9999999999C93F1D
310
0AAD86952BD63F06000000000000F03F0B0B06000000000000000006000000000000F0BF069A9999999999D93F0B0B0B0B0B110D06636F656467650CFFFFFFFF04FFFFFFFF0CFFFFFFFF0CC80200000C060300000C070300000C080300000A0C7202000004000000000CFFFFFFFF110D06636F656467650CFFFFFFFF04FFFF
310
FFFF0CFFFFFFFF0CC30200000C7E0200000C740200000C830200000A0CCB02000004000000000CFFFFFFFF110D06636F656467650CFFFFFFFF04FFFFFFFF0CFFFFFFFF0C760200000C750200000C090300000C0A0300000B0C7702000004000000000CFFFFFFFF110D06636F656467650CFFFFFFFF04FFFFFFFF0CFFFFFFFF
310
0CCA0200000CC10200000C760200000CC40200000A0CCB02000004000000000CFFFFFFFF110D04656467650CFFFFFFFF04FFFFFFFF0CFFFFFFFF0C0B0300000666666666666612C00C78020000069A9999999999D9BF0CC30200000C0C0300000B070774616E67656E74110D05706F696E740CFFFFFFFF04FFFFFFFF0CFFFF
310
FFFF139A9999999999D93FEE656FCC307A224076357D6B20BDF63F110D06636F656467650CFFFFFFFF04FFFFFFFF0CFFFFFFFF0C800200000C0D0300000C7A0200000CC70200000A0CCF02000004000000000CFFFFFFFF110D04656467650CFFFFFFFF04FFFFFFFF0CFFFFFFFF0C1E02000006EA5B8B2C121900C00CAE0200
310
000640D1A64942BFDE3F0CC60200000C0E0300000B070774616E67656E74110D06636F656467650CFFFFFFFF04FFFFFFFF0CFFFFFFFF0C0F0300000CC00200000C7D0200000CC90200000A0C7202000004000000000CFFFFFFFF110D04656467650CFFFFFFFF04FFFFFFFF0CFFFFFFFF0CCC0200000600000000000000800C
310
D0020000066C732D3852C1F03F0C7D0200000C100300000A070774616E67656E74110D06636F656467650CFFFFFFFF04FFFFFFFF0CFFFFFFFF0C7E0200000CC30200000C110300000C120300000A0CCB02000004000000000CFFFFFFFF110D046C6F6F700CFFFFFFFF04FFFFFFFF0CFFFFFFFF0CFFFFFFFF0CC10200000CA9
310
020000110D067665727465780CFFFFFFFF04FFFFFFFF0CFFFFFFFF0C7F02000004010000000C13030000110E0873747261696768740D0563757276650CFFFFFFFF04FFFFFFFF0CFFFFFFFF130000000000000000C4DBCEB9D2961C40F6AE4FAF912C144014000000000000F03F000000000000000000000000000000000A06
310
E31DE0490BD7F3BF0A06790778D2C2F51840110D06636F656467650CFFFFFFFF04FFFFFFFF0CFFFFFFFF0C0D0300000C800200000C140300000C150300000A0CCF02000004000000000CFFFFFFFF110D046C6F6F700CFFFFFFFF04FFFFFFFF0CFFFFFFFF0CFFFFFFFF0C0D0300000C16030000110D067665727465780CFFFF
310
FFFF04FFFFFFFF0CFFFFFFFF0C8102000004000000000C17030000110E0873747261696768740D0563757276650CFFFFFFFF04FFFFFFFF0CFFFFFFFF130000000000000000220B646119341B40C37B1C7C5EF9144014000000000000F0BF000000000000000000000000000000800A06790778D2C2F518C00A06E31DE0490B
310
D7F33F110E0873747261696768740D0563757276650CFFFFFFFF04FFFFFFFF0CFFFFFFFF139A9999999999D93FEFD4BCF702471D407C479FD866FB1240140000000000000080FEFFFFFFFFFFDFBFAC4C58E87AB6EB3F0A06CFD5470E224818C00A06210D0C1B5C6FFA3F110E07656C6C697073650D0563757276650CFFFFFF
310
FF04FFFFFFFF0CFFFFFFFF136666666666661240846B8E20F7D80D407AA9B3F111A61640140000000000000080040000000000E03FA84C58E87AB6EB3F14A09999999999D93F0000000000000000000000000000000006000000000000F03F0A06182D4454FB21F9BF0A060000000000000080110D05706F696E740CFFFFFF
310
FF04FFFFFFFF0CFFFFFFFF130000000000001440846B8E20F7D80D407AA9B3F111A61640110E07656C6C697073650D0563757276650CFFFFFFFF04FFFFFFFF0CFFFFFFFF136666666666661240846B8E20F7D80D407AA9B3F111A61640140000000000000000000000000000F0BF0000000000000000140000000000000000
310
0000000000000000A09999999999D93F06000000000000F03F0A06182D4454FB21F9BF0A060000000000000080110D06636F656467650CFFFFFFFF04FFFFFFFF0CFFFFFFFF0C180300000C8F0200000C190300000C1A0300000A0C6C01000004000000000CFFFFFFFF110D06636F656467650CFFFFFFFF04FFFFFFFF0CFFFF
310
FFFF0C1B0300000C1C0300000C8F0200000CD80200000B0C1D03000004000000000CFFFFFFFF110D04656467650CFFFFFFFF04FFFFFFFF0CFFFFFFFF0C1E0300000667732D3852C1E0BF0CDC020000065D732D3852C1E03F0C8F0200000C1F0300000B070774616E67656E74110D06636F656467650CFFFFFFFF04FFFFFFFF
310
0CFFFFFFFF0C200300000C900200000C960200000CE80200000B0CDB02000004000000000CFFFFFFFF110D06636F656467650CFFFFFFFF04FFFFFFFF0CFFFFFFFF0C900200000C200300000C1B0300000C210300000B0CDB02000004000000000CFFFFFFFF110D046C6F6F700CFFFFFFFF04FFFFFFFF0CFFFFFFFF0CFFFFFF
310
FF0CDA0200000C03030000110D067665727465780CFFFFFFFF04FFFFFFFF0CFFFFFFFF0CD802000004010000000C22030000110E0873747261696768740D0563757276650CFFFFFFFF04FFFFFFFF0CFFFFFFFF130000000000001440E650E80D7F390140DCA21C6B8BAF0540140000000000000000040000000000E0BFA94C
310
58E87AB6EBBF0A06B15D5B684AEE10C00A06D1F65E595DEB0B40110D06636F656467650CFFFFFFFF04FFFFFFFF0CFFFFFFFF0C920200000C180300000C230300000C240300000A0C6C01000004000000000CFFFFFFFF110D06636F656467650CFFFFFFFF04FFFFFFFF0CFFFFFFFF0CFE0200000C250300000C920200000CE0
310
0200000B0CB702000004000000000CFFFFFFFF110D04656467650CFFFFFFFF04FFFFFFFF0CFFFFFFFF0CE40200000687732D3852C1F0BF0C260300000643732D3852C1F03F0C920200000C270300000B070774616E67656E74110D06636F656467650CFFFFFFFF04FFFFFFFF0CFFFFFFFF0C280300000C930200000C250300
310
000C290300000B0CE302000004000000000CFFFFFFFF110D06636F656467650CFFFFFFFF04FFFFFFFF0CFFFFFFFF0C930200000C280300000C950200000CE70200000B0CE302000004000000000CFFFFFFFF110D046C6F6F700CFFFFFFFF04FFFFFFFF0CFFFFFFFF0CFFFFFFFF0CE20200000C2A030000110D067665727465
310
780CFFFFFFFF04FFFFFFFF0CFFFFFFFF0CE002000004000000000C2B030000110E0873747261696768740D0563757276650CFFFFFFFF04FFFFFFFF0CFFFFFFFF1300000000000014403FCEA4788D2B1E40D8D5F4AD81F4DA3F140000000000000080000000000000F03F00000000000000800A0641011467AA281DC00A066A
310
AB3996A0420A40110D06636F656467650CFFFFFFFF04FFFFFFFF0CFFFFFFFF0C960200000C950200000CB90200000CFF0200000A0C9702000004000000000CFFFFFFFF110D04656467650CFFFFFFFF04FFFFFFFF0CFFFFFFFF0CBC0200000600000000000000000C9902000006182D4454FB21F93F0CE20200000C2C030000
310
0B070774616E67656E74110D04656467650CFFFFFFFF04FFFFFFFF0CFFFFFFFF0C980200000600000000000000000C0003000006182D4454FB21F93F0CD90200000C2D0300000B070774616E67656E74110D04666163650C2E03000004FFFFFFFF0CFFFFFFFF0CBB0200000C970200000C070000000CFFFFFFFF0C2F030000
310
0B0B110D05706F696E740CFFFFFFFF04FFFFFFFF0CFFFFFFFF130000000000001440E47A795A6A62F83FA868B09E53F0F93F110D05706F696E740CFFFFFFFF04FFFFFFFF0CFFFFFFFF130000000000001440FAFFE78E1ABC0140D8D5F4AD81F4DA3F110D06636F656467650CFFFFFFFF04FFFFFFFF0CFFFFFFFF0CA3020000
310
0CA20200000C280300000C300300000A0CA402000004000000000CFFFFFFFF110D04666163650C3103000004FFFFFFFF0CFFFFFFFF0C830100000CA40200000C070000000CFFFFFFFF0C320300000B0B110D067665727465780CFFFFFFFF04FFFFFFFF0CFFFFFFFF0CA602000004010000000C33030000110E087374726169
310
6768740D0563757276650CFFFFFFFF04FFFFFFFF0CFFFFFFFF1300000000000000009CFD3920D4C82140B837C7A30D47EA3F14000000000000F03F000000000000000000000000000000800A06E31DE0490BD7F3BF0A06790778D2C2F51840110E0D4154545249425F435553544F4D0D066174747269620CFFFFFFFF04FFFF
310
FFFF0CFFFFFFFF0CFFFFFFFF0CA9020000071667656E657269635F7461675F6174747269625F6465660403000000040300000004FFFFFFFF071767656E657269635F7461675F6174747269625F646566200401000000040100000007013904000000000401000000042F0100000400000000110D04666163650C3403000004
310
FFFFFFFF0CFFFFFFFF0C160300000CB20200000C070000000CFFFFFFFF0C350300000B0B110E05706C616E650D07737572666163650CFFFFFFFF04FFFFFFFF0CFFFFFFFF130000000000000000E340ABF194201C40C37B1C7C5EF91440140000000000000000AC4C58E87AB6EBBFFEFFFFFFFFFFDFBF140000000000000000
310
FEFFFFFFFFFFDF3FAC4C58E87AB6EBBF0B0B0B0B0B110D06636F656467650CFFFFFFFF04FFFFFFFF0CFFFFFFFF0C360300000CAC0200000C0D0300000CF70200000B0CF502000004000000000CFFFFFFFF110D06636F656467650CFFFFFFFF04FFFFFFFF0CFFFFFFFF0CAC0200000C360300000CB00200000CFA0200000B0C
310
F502000004000000000CFFFFFFFF110D046C6F6F700CFFFFFFFF04FFFFFFFF0CFFFFFFFF0CFFFFFFFF0C360300000C37030000110E07656C6C697073650D0563757276650CFFFFFFFF04FFFFFFFF0CFFFFFFFF139A9999999999D93F19F083269C3B114029E282E2C45F134014000000000000F03F00000000000000000000
310
000000000080140000000000000000200AAD86952BD6BFA09999999999C93F06000000000000F03F0A0663732D3852C1F0BF0A060000000000000080110D04656467650CFFFFFFFF04FFFFFFFF0CFFFFFFFF0CAE020000069A9999999999D93F0C380300000666666666666612400C0D0300000C390300000B070774616E67
310
656E74110D05706F696E740CFFFFFFFF04FFFFFFFF0CFFFFFFFF139A9999999999D93F19F083269C3B1140C37B1C7C5EF91440110D06636F656467650CFFFFFFFF04FFFFFFFF0CFFFFFFFF0CB10200000CB00200000C200300000C3A0300000A0CB202000004000000000CFFFFFFFF110D04656467650CFFFFFFFF04FFFFFF
310
FF0CFFFFFFFF0C3B0300000666666666666612C00C64020000069A9999999999D9BF0CB00200000C3C0300000B070774616E67656E74110E0D4154545249425F435553544F4D0D066174747269620CFFFFFFFF04FFFFFFFF0CFFFFFFFF0CFFFFFFFF0CB6020000071667656E657269635F7461675F6174747269625F646566
310
0403000000040300000004FFFFFFFF071767656E657269635F7461675F6174747269625F6465662004010000000402000000070232390400000000040100000004320100000400000000110D04666163650C3D03000004FFFFFFFF0CFFFFFFFF0C370300000C1D0300000C070000000CFFFFFFFF0C3E0300000B0B110E0463
310
6F6E650D07737572666163650CFFFFFFFF04FFFFFFFF0CFFFFFFFF1300000000000000009CFD3920D4C8214042024A38ED89F33F14000000000000F03F00000000000000000000000000000080140000000000000000300AAD86952BD63F6D9999999999C9BF06000000000000F03F0B0B0600000000000000000600000000
310
0000F0BF069A9999999999D93F0B0B0B0B0B110D06636F656467650CFFFFFFFF04FFFFFFFF0CFFFFFFFF0C090300000CDF0200000C3F0300000C400300000A0CB702000004000000000CFFFFFFFF110D04656467650CFFFFFFFF04FFFFFFFF0CFFFFFFFF0C00030000060F00000000C0C23C0CBC0200000667732D3852C100
310
400CB90200000C410300000A070774616E67656E74110D067665727465780CFFFFFFFF04FFFFFFFF0CFFFFFFFF0CBA02000004010000000C42030000110E0873747261696768740D0563757276650CFFFFFFFF04FFFFFFFF0CFFFFFFFF1300000000000000006EBD24BC4FEDFD3F75357D6B20BDF63F14000000000000F03F
310
000000000000008000000000000000000A06E31DE0490BD7F3BF0A06790778D2C2F51840110E0D4154545249425F435553544F4D0D066174747269620CFFFFFFFF04FFFFFFFF0CFFFFFFFF0CFFFFFFFF0CBB020000071667656E657269635F7461675F6174747269625F6465660403000000040300000004FFFFFFFF071767
310
656E657269635F7461675F6174747269625F6465662004010000000402000000070232330400000000040100000004320100000400000000110D04666163650C4303000004FFFFFFFF0CFFFFFFFF0C2A0300000CDB0200000C070000000CFFFFFFFF0C440300000B0B110E04636F6E650D07737572666163650CFFFFFFFF04
310
FFFFFFFF0CFFFFFFFF130000000000000000FAFFE78E1ABC014042024A38ED89F33F14000000000000F03F00000000000000800000000000000080140000000000000000200AAD86952BD6BFA09999999999C9BF06000000000000F03F0B0B06000000000000000006000000000000F0BF069A9999999999D93F0B0B0B0B0B
310
110D05706F696E740CFFFFFFFF04FFFFFFFF0CFFFFFFFF136666666666661240FAFFE78E1ABC0140B837C7A30D47EA3F110D06636F656467650CFFFFFFFF04FFFFFFFF0CFFFFFFFF0CC00200000C0F0300000C180300000C450300000B0C7202000004000000000CFFFFFFFF110D06636F656467650CFFFFFFFF04FFFFFFFF
310
0CFFFFFFFF0C190300000C140300000CC00200000C080300000B0C4603000004000000000CFFFFFFFF110D04656467650CFFFFFFFF04FFFFFFFF0CFFFFFFFF0CD00200000600000000000000000C4703000006182D4454FB21F93F0C070300000C480300000B070774616E67656E74110D06636F656467650CFFFFFFFF04FF
310
FFFFFF0CFFFFFFFF0C250300000CFE0200000CC20200000C0A0300000A0CB702000004000000000CFFFFFFFF110D04656467650CFFFFFFFF04FFFFFFFF0CFFFFFFFF0CEE0200000600000000000000800C0B0300000664732D3852C100400CC20200000C490300000A070774616E67656E74110D067665727465780CFFFFFF
310
FF04FFFFFFFF0CFFFFFFFF0CC402000004000000000C4A030000110E0873747261696768740D0563757276650CFFFFFFFF04FFFFFFFF0CFFFFFFFF130000000000000000EE656FCC307A224078357D6B20BDF63F14000000000000F0BF000000000000008000000000000000800A06790778D2C2F518C00A06E31DE0490BD7
310
F33F110D06636F656467650CFFFFFFFF04FFFFFFFF0CFFFFFFFF0CC60200000CCE0200000CF30200000CF70200000A0CCF02000004000000000CFFFFFFFF110E0873747261696768740D0563757276650CFFFFFFFF04FFFFFFFF0CFFFFFFFF139A9999999999D93F2D5D1E4B90271340C37B1C7C5EF9144014000000000000
310
0000000000000000F0BF00000000000000800A06D7D550A38CD517C00A062F908D39AD241240110D06636F656467650CFFFFFFFF04FFFFFFFF0CFFFFFFFF0C060300000CC80200000C4B0300000C4C0300000A0C7202000004000000000CFFFFFFFF110E07656C6C697073650D0563757276650CFFFFFFFF04FFFFFFFF0CFF
310
FFFFFF136666666666661240220B646119341B402AE282E2C45F134014000000000000F0BF00000000000000000000000000000000140000000000000000200AAD86952BD63F809999999999C93F06000000000000F03F0A066C732D3852C1F0BF0A060000000000000080110D06636F656467650CFFFFFFFF04FFFFFFFF0C
310
FFFFFFFF0C3F0300000C4B0300000CCA0200000C120300000B0C4D03000004000000000CFFFFFFFF110D04656467650CFFFFFFFF04FFFFFFFF0CFFFFFFFF0CCC020000067025BFBD0706D6BF0C0B03000006B4DB87847AB50E400CCA0200000C4E0300000B070774616E67656E74110D05706F696E740CFFFFFFFF04FFFFFF
310
FF0CFFFFFFFF136666666666661240C4DBCEB9D2961C40F6AE4FAF912C1440110D06636F656467650CFFFFFFFF04FFFFFFFF0CFFFFFFFF0C070300000C4F0300000CCE0200000C150300000B0C4603000004000000000CFFFFFFFF110D04656467650CFFFFFFFF04FFFFFFFF0CFFFFFFFF0C380300000640D1A64942BFDEBF
310
0CD002000006EA5B8B2C121900400CCE0200000C500300000B070774616E67656E74110D04666163650C5103000004FFFFFFFF0CFFFFFFFF0CED0200000CCF0200000C070000000CFFFFFFFF0C520300000B0B110D05706F696E740CFFFFFFFF04FFFFFFFF0CFFFFFFFF136666666666661240220B646119341B40C37B1C7C
310
5EF91440110D06636F656467650CFFFFFFFF04FFFFFFFF0CFFFFFFFF0CDE0200000CD60200000C060300000C450300000A0C6C01000004000000000CFFFFFFFF110D06636F656467650CFFFFFFFF04FFFFFFFF0CFFFFFFFF0C4F0300000C070300000CD60200000C1A0300000B0C4603000004000000000CFFFFFFFF110D04
310
656467650CFFFFFFFF04FFFFFFFF0CFFFFFFFF0C4703000006EA5B8B2C121900C00C1E0300000640D1A64942BFDE3F0CD60200000C530300000B070774616E67656E74110D06636F656467650CFFFFFFFF04FFFFFFFF0CFFFFFFFF0C540300000CD70200000CDA0200000C210300000A0C1D03000004000000000CFFFFFFFF
310
110D06636F656467650CFFFFFFFF04FFFFFFFF0CFFFFFFFF0CD70200000C540300000C4F0300000C550300000A0C1D03000004000000000CFFFFFFFF110D046C6F6F700CFFFFFFFF04FFFFFFFF0CFFFFFFFF0CFFFFFFFF0C1B0300000CFC020000110D067665727465780CFFFFFFFF04FFFFFFFF0CFFFFFFFF0CD802000004
310
000000000C56030000110E07656C6C697073650D0563757276650CFFFFFFFF04FFFFFFFF0CFFFFFFFF13000000000000144019F083269C3B11402AE282E2C45F134014000000000000F03F000000000000000000000000000000001400000000000000009A9999999999D9BF200AAD86952BE63F06000000000000F03F0A06
310
67732D3852C1E0BF0A065D732D3852C1E03F110D06636F656467650CFFFFFFFF04FFFFFFFF0CFFFFFFFF0CDA0200000CD90200000CF90200000C3A0300000B0CDB02000004000000000CFFFFFFFF110D04656467650CFFFFFFFF04FFFFFFFF0CFFFFFFFF0C3B03000006E3FFFFFFFFFF68B90CDC02000006142D4454FB21F9
310
3F0CDA0200000C570300000B070774616E67656E74110D05706F696E740CFFFFFFFF04FFFFFFFF0CFFFFFFFF130000000000001440AB9D5CEB52EC0C40C47B1C7C5EF91440110D06636F656467650CFFFFFFFF04FFFFFFFF0CFFFFFFFF0C4B0300000C3F0300000CDE0200000C240300000B0C4D03000004000000000CFFFF
310
FFFF110D04656467650CFFFFFFFF04FFFFFFFF0CFFFFFFFF0C2603000006BADB87847AB50EC00C58030000067825BFBD0706D63F0CDE0200000C590300000B070774616E67656E74110D06636F656467650CFFFFFFFF04FFFFFFFF0CFFFFFFFF0CDF0200000C090300000CE10200000C290300000A0CB70200000400000000
310
0CFFFFFFFF110D067665727465780CFFFFFFFF04FFFFFFFF0CFFFFFFFF0CE002000004010000000C5A030000110E07656C6C697073650D0563757276650CFFFFFFFF04FFFFFFFF0CFFFFFFFF1300000000000014409CFD3920D4C8214034024A38ED89F33F14000000000000F03F0000000000000000000000000000000014
310
0000000000000000230AAD86952BE63F1F9999999999D9BF06000000000000F03F0A0687732D3852C1F0BF0A0643732D3852C1F03F110D06636F656467650CFFFFFFFF04FFFFFFFF0CFFFFFFFF0CE20200000CE10200000CEC0200000C300300000B0CE302000004000000000CFFFFFFFF110D04656467650CFFFFFFFF04FF
310
FFFFFF0CFFFFFFFF0CE40200000600000000000000000CEE02000006182D4454FB21F93F0CE10200000C5B0300000B070774616E67656E74110D04666163650C5C03000004FFFFFFFF0CFFFFFFFF0C5D0300000CE30200000C070000000CFFFFFFFF0C5E0300000B0B110D05706F696E740CFFFFFFFF04FFFFFFFF0CFFFFFF
310
FF1300000000000014409CFD3920D4C82140D8D5F4AD81F4DA3F110E07656C6C697073650D0563757276650CFFFFFFFF04FFFFFFFF0CFFFFFFFF136666666666661240FAFFE78E1ABC0140D8D5F4AD81F4DA3F140000000000000080000000000000F03F000000000000008014000000000000000000000000000000009899
310
99999999D93F06000000000000F03F0A0600000000000000000A06182D4454FB21F93F110E07656C6C697073650D0563757276650CFFFFFFFF04FFFFFFFF0CFFFFFFFF136666666666661240E47A795A6A62F83FA868B09E53F0F93F140000000000000080FFFFFFFFFFFFDF3FAB4C58E87AB6EB3F14A09999999999D93F00
310
00000000000000000000000000000006000000000000F03F0A0600000000000000000A06182D4454FB21F93F110E0D4154545249425F435553544F4D0D066174747269620CFFFFFFFF04FFFFFFFF0CFFFFFFFF0CFFFFFFFF0CE9020000071667656E657269635F7461675F6174747269625F64656604030000000403000000
310
04FFFFFFFF071767656E657269635F7461675F6174747269625F6465662004010000000402000000070232340400000000040100000004320100000400000000110E05746F7275730D07737572666163650CFFFFFFFF04FFFFFFFF0CFFFFFFFF136666666666661240FAFFE78E1ABC014042024A38ED89F33F140000000000
310
00F0BF0000000000000080000000000000000006989999999999E93F06989999999999D93F1400000000000000000000000000000000000000000000F03F0B0B0B0B0B110D04656467650CFFFFFFFF04FFFFFFFF0CFFFFFFFF0CEE02000006E4B33C1F6B98F5BF0CBC0200000642CE3031804D15400CEC0200000C5F030000
310
0B070774616E67656E74110E0D4154545249425F435553544F4D0D066174747269620CFFFFFFFF04FFFFFFFF0CFFFFFFFF0CFFFFFFFF0CED020000071667656E657269635F7461675F6174747269625F6465660403000000040300000004FFFFFFFF071767656E657269635F7461675F6174747269625F6465662004010000
310
0004020000000702313004000000000401000000042F0100000400000000110E05706C616E650D07737572666163650CFFFFFFFF04FFFFFFFF0CFFFFFFFF1300000000000000003ECEA4788D2B2340B837C7A30D47EA3F1400000000000000000000000000000000000000000000F03F140000000000000080000000000000
310
F0BF00000000000000800B0B0B0B0B110D05706F696E740CFFFFFFFF04FFFFFFFF0CFFFFFFFF1366666666666612409CFD3920D4C82140B837C7A30D47EA3F110E0D4154545249425F435553544F4D0D066174747269620CFFFFFFFF04FFFFFFFF0CFFFFFFFF0CFFFFFFFF0CF1020000071667656E657269635F7461675F61
310
74747269625F6465660403000000040300000004FFFFFFFF071767656E657269635F7461675F6174747269625F646566200401000000040100000007013704000000000401000000042F0100000400000000110E05706C616E650D07737572666163650CFFFFFFFF04FFFFFFFF0CFFFFFFFF130000000000000000E47A795A
310
6A62F83FB837C7A30D47EA3F140000000000000000A94C58E87AB6EB3F040000000000E0BF140000000000000000040000000000E03FA94C58E87AB6EB3F0B0B0B0B0B110D06636F656467650CFFFFFFFF04FFFFFFFF0CFFFFFFFF0CF40200000CF30200000C540300000C600300000B0CF502000004000000000CFFFFFFFF
310
110D04666163650C6103000004FFFFFFFF0CFFFFFFFF0C620300000CF50200000C070000000CFFFFFFFF0C630300000B0B110D067665727465780CFFFFFFFF04FFFFFFFF0CFFFFFFFF0CF702000004010000000C64030000110E0873747261696768740D0563757276650CFFFFFFFF04FFFFFFFF0CFFFFFFFF130000000000
310
00000019F083269C3B1140C37B1C7C5EF9144014000000000000F03F000000000000008000000000000000000A06E31DE0490BD7F3BF0A06790778D2C2F51840110D04656467650CFFFFFFFF04FFFFFFFF0CFFFFFFFF0C0003000006CC4DAE822721F4BF0C3B030000068299E8BAA76507400CF90200000C650300000B0707
310
74616E67656E74110D067665727465780CFFFFFFFF04FFFFFFFF0CFFFFFFFF0CFA02000004000000000C66030000110E0873747261696768740D0563757276650CFFFFFFFF04FFFFFFFF0CFFFFFFFF130000000000000000EE3E329CC5B10F40F6AE4FAF912C144014000000000000F0BF0000000000000000000000000000
310
00800A06790778D2C2F518C00A06E31DE0490BD7F33F110E0D4154545249425F435553544F4D0D066174747269620CFFFFFFFF04FFFFFFFF0CFFFFFFFF0CFFFFFFFF0CFC020000071667656E657269635F7461675F6174747269625F6465660403000000040300000004FFFFFFFF071767656E657269635F7461675F617474
310
7269625F6465662004010000000402000000070232370400000000040100000004320100000400000000110E05746F7275730D07737572666163650CFFFFFFFF04FFFFFFFF0CFFFFFFFF13666666666666124019F083269C3B114028E282E2C45F134014000000000000F0BF0000000000000080FA3FF4161118C7BC06A299
310
99999999E93F06A89999999999D93F14FA3FF4161118C7BC0000000000000000000000000000F03F0B0B0B0B0B110D06636F656467650CFFFFFFFF04FFFFFFFF0CFFFFFFFF0C230300000C110300000CFE0200000C400300000B0C4D03000004000000000CFFFFFFFF110D04656467650CFFFFFFFF04FFFFFFFF0CFFFFFFFF
310
0C0B0300000600000000000000000C2603000006202D4454FB21F93F0C3F0300000C670300000B070774616E67656E74110E07656C6C697073650D0563757276650CFFFFFFFF04FFFFFFFF0CFFFFFFFF136666666666661240FAFFE78E1ABC014042024A38ED89F33F14000000000000F0BF00000000000000800000000000
310
000080140000000000000000180AAD86952BD6BF989999999999C93F06000000000000F03F0A0667732D3852C100C00A060000000000000080110D05706F696E740CFFFFFFFF04FFFFFFFF0CFFFFFFFF1366666666666612406EBD24BC4FEDFD3F74357D6B20BDF63F110E0D4154545249425F435553544F4D0D0661747472
310
69620CFFFFFFFF04FFFFFFFF0CFFFFFFFF0CFFFFFFFF0C03030000071667656E657269635F7461675F6174747269625F6465660403000000040300000004FFFFFFFF071767656E657269635F7461675F6174747269625F6465662004010000000402000000070232310400000000040100000004320100000400000000110E
310
04636F6E650D07737572666163650CFFFFFFFF04FFFFFFFF0CFFFFFFFF136666666666661240E650E80D7F390140DCA21C6B8BAF0540140000000000000080040000000000E03FA94C58E87AB6EB3F140D63FF51181AD23F4568DBEC7C5ACF3F0D63FF51181AC2BF06000000000000F03F0B0B060000000000000000060000
310
00000000F03F069A9999999999D93F0B0B0B0B0B110D04656467650CFFFFFFFF04FFFFFFFF0CFFFFFFFF0C580300000668732D3852C1E0BF0C470300000667732D3852C1E03F0C180300000C680300000B070774616E67656E74110D046C6F6F700CFFFFFFFF04FFFFFFFF0CFFFFFFFF0CFFFFFFFF0C070300000C62030000
310
110D067665727465780CFFFFFFFF04FFFFFFFF0CFFFFFFFF0C4503000004010000000C69030000110E07656C6C697073650D0563757276650CFFFFFFFF04FFFFFFFF0CFFFFFFFF136666666666661240220B646119341B405D15B615F8921640140000000000000000000000000000F0BF0000000000000080140000000000
310
0000000000000000000000A09999999999D9BF06000000000000F03F0A0600000000000000000A06182D4454FB21F93F110E07656C6C697073650D0563757276650CFFFFFFFF04FFFFFFFF0CFFFFFFFF1366666666666612409CFD3920D4C8214042024A38ED89F33F14000000000000F0BF00000000000000000000000000
310
0000001400000000000000000000000000000000989999999999D9BF06000000000000F03F0A0664732D3852C100C00A060000000000000080110D05706F696E740CFFFFFFFF04FFFFFFFF0CFFFFFFFF136666666666661240EE656FCC307A224078357D6B20BDF63F110D06636F656467650CFFFFFFFF04FFFFFFFF0CFFFF
310
FFFF0C110300000C230300000C0F0300000C4C0300000B0C4D03000004000000000CFFFFFFFF110D04656467650CFFFFFFFF04FFFFFFFF0CFFFFFFFF0C580300000600000000000000000CCC02000006182D4454FB21F93F0C4B0300000C6A0300000B070774616E67656E74110D046C6F6F700CFFFFFFFF04FFFFFFFF0CFF
310
FFFFFF0CFFFFFFFF0C3F0300000C5D030000110E0873747261696768740D0563757276650CFFFFFFFF04FFFFFFFF0CFFFFFFFF136666666666661240EFD4BCF702471D407C479FD866FB1240140000000000000000FEFFFFFFFFFFDF3FAC4C58E87AB6EBBF0A06210D0C1B5C6FFABF0A06CFD5470E22481840110D06636F65
310
6467650CFFFFFFFF04FFFFFFFF0CFFFFFFFF0C140300000C190300000C1C0300000C550300000B0C4603000004000000000CFFFFFFFF110E0873747261696768740D0563757276650CFFFFFFFF04FFFFFFFF0CFFFFFFFF1366666666666612402D5D1E4B90271340C37B1C7C5EF91440140000000000000080000000000000
310
F03F00000000000000000A062F908D39AD2412C00A06D7D550A38CD51740110E0D4154545249425F435553544F4D0D066174747269620CFFFFFFFF04FFFFFFFF0CFFFFFFFF0CFFFFFFFF0C16030000071667656E657269635F7461675F6174747269625F6465660403000000040300000004FFFFFFFF071767656E65726963
310
5F7461675F6174747269625F646566200401000000040100000007013804000000000401000000042F0100000400000000110E05706C616E650D07737572666163650CFFFFFFFF04FFFFFFFF0CFFFFFFFF13000000000000000058BA3C96204F1040C37B1C7C5EF91440140000000000000000000000000000000000000000
310
0000F0BF140000000000000000000000000000F03F00000000000000000B0B0B0B0B110E0873747261696768740D0563757276650CFFFFFFFF04FFFFFFFF0CFFFFFFFF1300000000000014402D5D1E4B902713405D15B615F8921640140000000000000000000000000000F0BF00000000000000800A06D7D550A38CD517C0
310
0A062F908D39AD241240110D06636F656467650CFFFFFFFF04FFFFFFFF0CFFFFFFFF0C1C0300000C1B0300000C360300000C600300000A0C1D03000004000000000CFFFFFFFF110D04656467650CFFFFFFFF04FFFFFFFF0CFFFFFFFF0C1E0300000600000000000000000C3803000006182D4454FB21F93F0C4F0300000C6B
310
0300000B070774616E67656E74110D05706F696E740CFFFFFFFF04FFFFFFFF0CFFFFFFFF13000000000000144019F083269C3B11405D15B615F8921640110E07656C6C697073650D0563757276650CFFFFFFFF04FFFFFFFF0CFFFFFFFF136666666666661240AA9D5CEB52EC0C40C47B1C7C5EF91440140E0000000000C43C
310
100000000000E0BFA24C58E87AB6EBBF140000000000000000280AAD86952BD63FC09999999999C9BF06000000000000F03F0A06E3FFFFFFFFFF68B90A06142D4454FB21F93F110D067665727465780CFFFFFFFF04FFFFFFFF0CFFFFFFFF0C4503000004000000000C6C030000110E0873747261696768740D056375727665
310
0CFFFFFFFF04FFFFFFFF0CFFFFFFFF13000000000000144092A52750BCA91E4049146CA533C81340140000000000000080FEFFFFFFFFFFDFBFAC4C58E87AB6EB3F0A06CFD5470E224818C00A06210D0C1B5C6FFA3F110D05706F696E740CFFFFFFFF04FFFFFFFF0CFFFFFFFF13000000000000144040CEA4788D2B2340A268
310
B09E53F0F93F110E07656C6C697073650D0563757276650CFFFFFFFF04FFFFFFFF0CFFFFFFFF1366666666666612409CFD3920D4C82140D8D5F4AD81F4DA3F140000000000000080000000000000F0BF000000000000008014A09999999999D93F0000000000000000000000000000000006000000000000F03F0A06000000
310
00000000000A06182D4454FB21F93F110E0D4154545249425F435553544F4D0D066174747269620CFFFFFFFF04FFFFFFFF0CFFFFFFFF0CFFFFFFFF0C2A030000071667656E657269635F7461675F6174747269625F6465660403000000040300000004FFFFFFFF071767656E657269635F7461675F6174747269625F646566
310
2004010000000402000000070232320400000000040100000004320100000400000000110D04666163650C6D03000004FFFFFFFF0CFFFFFFFF0CFB0100000C4D0300000C070000000CFFFFFFFF0C6E0300000B0B110E04636F6E650D07737572666163650CFFFFFFFF04FFFFFFFF0CFFFFFFFF1366666666666612403FCEA4
310
788D2B1E40D8D5F4AD81F4DA3F140000000000000000000000000000F0BF0000000000000000140E63FF51181AD23F00000000000000000863FF51181AD23F06000000000000F03F0B0B06000000000000000006000000000000F03F069B9999999999D93F0B0B0B0B0B110E0873747261696768740D0563757276650CFFFF
310
FFFF04FFFFFFFF0CFFFFFFFF1366666666666612403FCEA4788D2B1E40B837C7A30D47EA3F140000000000000000000000000000F0BF00000000000000000A066AAB3996A0420AC00A0641011467AA281D40110D04656467650CFFFFFFFF04FFFFFFFF0CFFFFFFFF0C380300000600000000000000800C3B0300000663732D
310
3852C1F03F0C360300000C6F0300000A070774616E67656E74110E0D4154545249425F435553544F4D0D066174747269620CFFFFFFFF04FFFFFFFF0CFFFFFFFF0CFFFFFFFF0C37030000071667656E657269635F7461675F6174747269625F6465660403000000040300000004FFFFFFFF071767656E657269635F7461675F
310
6174747269625F6465662004010000000402000000070232360400000000040100000004320100000400000000110D04666163650C7003000004FFFFFFFF0CFFFFFFFF0CE90200000C460300000C070000000CFFFFFFFF0C710300000B0B110E04636F6E650D07737572666163650CFFFFFFFF04FFFFFFFF0CFFFFFFFF1300
310
0000000000000019F083269C3B114029E282E2C45F134014000000000000F03F000000000000008000000000000000801400000000000000009C9999999999C9BF220AAD86952BD63F06000000000000F03F0B0B06000000000000000006000000000000F0BF069A9999999999D93F0B0B0B0B0B110D05706F696E740CFFFF
310
FFFF04FFFFFFFF0CFFFFFFFF13666666666666124019F083269C3B1140C37B1C7C5EF91440110E0873747261696768740D0563757276650CFFFFFFFF04FFFFFFFF0CFFFFFFFF1366666666666612402BF2BDBEF1FE0340420983D1F1150440140000000000000080040000000000E03FA94C58E87AB6EB3F0A06D1F65E595D
310
EB0BC00A06B15D5B684AEE1040110D05706F696E740CFFFFFFFF04FFFFFFFF0CFFFFFFFF136666666666661240EE3E329CC5B10F40F6AE4FAF912C1440110E07656C6C697073650D0563757276650CFFFFFFFF04FFFFFFFF0CFFFFFFFF1366666666666612403FCEA4788D2B2340AA68B09E53F0F93F14E52F37D10C52FB3C
310
040000000000E0BFA84C58E87AB6EB3F140000000000000000200AAD86952BD6BFA09999999999C9BF06000000000000F03F0A0600000000000000000A06202D4454FB21F93F110E07656C6C697073650D0563757276650CFFFFFFFF04FFFFFFFF0CFFFFFFFF130000000000001440220B646119341B402AE282E2C45F1340
310
14000000000000F03F00000000000000000000000000000000140000000000000000979999999999D93F1E0AAD86952BE63F06000000000000F03F0A0668732D3852C1E0BF0A0667732D3852C1E03F110D05706F696E740CFFFFFFFF04FFFFFFFF0CFFFFFFFF130000000000001440220B646119341B405D15B615F8921640
310
110E07656C6C697073650D0563757276650CFFFFFFFF04FFFFFFFF0CFFFFFFFF13666666666666124066AC39128CF91D40C37B1C7C5EF91440140000000000000080040000000000E03FA84C58E87AB6EBBF14A09999999999D93F0000000000000000000000000000000006000000000000F03F0A0600000000000000000A
310
06182D4454FB21F93F110E07656C6C697073650D0563757276650CFFFFFFFF04FFFFFFFF0CFFFFFFFF13666666666666124019F083269C3B11405D15B615F8921640140000000000000080000000000000F03F000000000000008014A09999999999D93F0000000000000000000000000000000006000000000000F03F0A06
310
00000000000000000A06182D4454FB21F93F110D05706F696E740CFFFFFFFF04FFFFFFFF0CFFFFFFFF13000000000000144066AC39128CF91D40C37B1C7C5EF91440110E0D4154545249425F435553544F4D0D066174747269620CFFFFFFFF04FFFFFFFF0CFFFFFFFF0CFFFFFFFF0C5D030000071667656E657269635F7461
310
675F6174747269625F6465660403000000040300000004FFFFFFFF071767656E657269635F7461675F6174747269625F6465662004010000000402000000070232380400000000040100000004320100000400000000110E04636F6E650D07737572666163650CFFFFFFFF04FFFFFFFF0CFFFFFFFF13666666666666124092
310
A52750BCA91E4049146CA533C81340140000000000000000FEFFFFFFFFFFDF3FAC4C58E87AB6EBBF140063FF51181AD23F5C68DBEC7C5ACFBF1763FF51181AC2BF06000000000000F03F0B0B06000000000000000006000000000000F03F069A9999999999D93F0B0B0B0B0B110E07656C6C697073650D0563757276650CFF
310
FFFFFF04FFFFFFFF0CFFFFFFFF13666666666666124019F083269C3B114029E282E2C45F134014000000000000F0BF000000000000000000000000000000001400000000000000000000000000000000A09999999999D93F06000000000000F03F0A0663732D3852C1F0BF0A060000000000000080110E0D4154545249425F
310
435553544F4D0D066174747269620CFFFFFFFF04FFFFFFFF0CFFFFFFFF0CFFFFFFFF0C62030000071667656E657269635F7461675F6174747269625F6465660403000000040300000004FFFFFFFF071767656E657269635F7461675F6174747269625F64656620040100000004020000000702323504000000000401000000
310
04320100000400000000110E04636F6E650D07737572666163650CFFFFFFFF04FFFFFFFF0CFFFFFFFF1366666666666612402D5D1E4B902713405D15B615F8921640140000000000000080000000000000F03F0000000000000000140A63FF51181AD23F00000000000000000A63FF51181AD2BF06000000000000F03F0B0B
310
06000000000000000006000000000000F03F069A9999999999D93F0B0B0B0B0B110E03456E640E026F660E0341534D0D0464617461
  0
ACDSRECORD
 90
        0
  2
AcDbDs::ID
280
    10
320
85
  2
ASM_Data
280
    15
 94
    26810
310
414349532042696E61727946696C652855000000000000020000000C00000007104175746F6465736B204175746F434144071441534D203233312E302E302E3635353335204E540718536174204D61722032322031343A35393A31342032303235066666666666663940068DEDB5A0F7C6B03E06BBBDD7D9DF7CDB3D0D0961
310
736D6865616465720CFFFFFFFF04FFFFFFFF070D3233312E302E302E3635353335110D04626F64790C0200000004FFFFFFFF0CFFFFFFFF0C030000000CFFFFFFFF0C04000000110E0D4154545249425F435553544F4D0D066174747269620CFFFFFFFF04FFFFFFFF0C050000000CFFFFFFFF0C01000000071454696D657374
310
616D705F6174747269625F646566040100000006286DDC0EBEC31843110D046C756D700CFFFFFFFF04FFFFFFFF0CFFFFFFFF0CFFFFFFFF0C060000000C01000000110D097472616E73666F726D0CFFFFFFFF04FFFFFFFF14000000000000F03F00000000000000000000000000000000140000000000000000000000000000
310
F03F00000000000000001400000000000000000000000000000000000000000000F03F1400000000000000000000000000000000000000000000000006000000000000F03F0B0B0B110E0D4154545249425F435553544F4D0D066174747269620CFFFFFFFF04FFFFFFFF0CFFFFFFFF0C020000000C01000000071667656E65
310
7269635F7461675F6174747269625F6465660403000000040300000004FFFFFFFF071767656E657269635F7461675F6174747269625F6465662004020000000403000000070333333504040000000400000000040000000004030000000703333438040B00000004000000000400000000110D057368656C6C0CFFFFFFFF04
310
FFFFFFFF0CFFFFFFFF0CFFFFFFFF0CFFFFFFFF0C070000000CFFFFFFFF0C03000000110D04666163650C0800000004FFFFFFFF0CFFFFFFFF0C090000000C0A0000000C060000000CFFFFFFFF0C0B0000000B0B110E0D4154545249425F435553544F4D0D066174747269620CFFFFFFFF04FFFFFFFF0CFFFFFFFF0CFFFFFFFF
310
0C07000000071667656E657269635F7461675F6174747269625F6465660403000000040300000004FFFFFFFF071767656E657269635F7461675F6174747269625F646566200401000000040100000007013104000000000401000000045E0100000400000000110D04666163650C0C00000004FFFFFFFF0CFFFFFFFF0C0D00
310
00000C0E0000000C060000000CFFFFFFFF0C0F0000000B0B110D046C6F6F700CFFFFFFFF04FFFFFFFF0CFFFFFFFF0CFFFFFFFF0C100000000C07000000110E0673706C696E650D07737572666163650CFFFFFFFF04FFFFFFFF0CFFFFFFFF0A0F0D1072625F626C656E645F73706C5F73757204105900000715626C656E645F
310
737570706F72745F737572666163650D04636F6E65136666666B66660E409074904EAF1DEEBF850F3A2A4BDBF73F1400000000000000005E0400000000E03F264A58E87AB6EB3F14A09999999999D93F00000000000000000000000000000000066EC3AC78B341EF3F0B0B06000000000000000006000000000000F03F06A0
310
9999999999D93F0B0B0B0B0B0D0A6E756C6C5F63757276650D046E75627304030000001502000000041100000006182D4454FB2109C0040300000006A805DA6F760406C00403000000064BF4AB6DD7BB02C0040300000006B70538B0F1D7FCBF040300000006939A35A50C88F3BF0403000000067C4941AE1580E6BF040300
310
00000618FBD2C7A4A4DFBF040300000006500F4E598C4BC8BF04030000000600757CC9DC9B893F0403000000067006C016EA97CC3F0403000000063C62B5FB8C8AE13F04030000000678049D178A56F03F04030000000688DBB131EB77F93F0403000000066CA63D4263440140040300000006C2DB2D1968F8044004030000
310
00063A6AE6FBD27B0740040300000006182D4454FB2109400403000000066319516CE0A707400646843925E5D822C0060557E55185AB07400630256C5F694D22C0064094002D08AF0740061C2038D98FE021C006E5DBCAAFF5B10740069B4E2713F29221C00619927AB40BB5074006F266D26F224121C006B36179AD93B707
310
4006F89720DADF0321C006C510954590B90740062A55124D90CB20C006EC6D11232CBC07400614E1C8629E8120C006739CAA38D9BD074006195E95CA1C4220C0068582D1869FBE0740069D29DC972E0420C006FC999BA775BF0740060DD0F7C59E821FC006B8058DD53EBF074006C2F60D611A021FC006C1F2D8DEF9BD0740
310
063E0DC45499791EC0069B0806E1D8BC0740064F058D8F34001EC0065D0EFC0BE2BA074006055B905EF7811DC006417089E90CB80740066060FC64D5EA1CC006850C7281E8B6074006C57FD5DEE3AD1CC006DE2054DA9FB50740069799A1C3B46C1CC00683C3C07F32B4074006FC08338C73231CC006FE10EA411DB2074006
310
5D9B9DD588B81BC006E8BB2AA0B7AF0740067194C6B5643E1BC006077DD02A0DAD0740061AC0A00AB0941AC006683C0AEB47AB07400613469D9FFA231AC006DC1D041463A907400681547ED09A9619C0063F4EE1987EA7074006C0D1456DEC0519C006E822B59685A5074006223083B81C6F18C006E614341F93A3074006F9
310
F2B8E535E517C006071BA02DC5A107400620EBDD97287717C0066A6A4FBEFD9E074006224E392BABCD16C0060D32BB94889C074006EAEAC51C205416C00605520E006E9A0740067D888BD364E815C006C14085AD5D97074006B1F9F9C3814B15C0064479BC9F099507400612E6AEEAE4CE14C006019ACC776A93074006634B
310
BA6AA15914C006FC1534917591074006106A6ACD25CC13C0068034FD608790074006BE157924054C13C006B9F963E59A90074006F957F7D6DDCA12C006DC227946AE9007400681F49D41A04A12C0068B6E19BDBF91074006DD890F46A3CA11C006B1650AF5D493074006A3D4ACDB193C11C006DACBC0928895074006D7078A
310
9CA7C710C0064AB4980CEA97074006C6AA8421674B10C00655032338009B07400649143025AC5A0FC00612DC5A81189D074006505E991F1D840EC006238EC2F3859F074006C19A239486900DC0065768AC913EA20740062741EB1F253D0CC0061A0DB4A107A4074006EA1D21AB785E0BC006020CDA9AF2A5074006725E7AEC
310
F3460AC0066319516CE0A7074006EAB65DEC9D1F09C0130000000000000000000000000000000000000000000000000D066E756C6C627304000000000D066E756C6C62730715626C656E645F737570706F72745F737572666163650D05706C616E65136666666B66660E400A2374A8BB85C4BF14FF2A124EBF064014000000
310
0000000080061BC9E21F91E53F5E0E461EF2A3E73F14000000000000F03F000000000000000000000000000000000A0B0B0B0B0D0A6E756C6C5F63757276650D066E756C6C6273130000000000000000000000000000000000000000000000000D066E756C6C627304000000000D066E756C6C62730D08696E746375727665
310
0B0F0D0B6F66665F696E745F637572041059000015000000000D046E75627304050000001502000000041100000006182D4454FB2109C0040500000006A805DA6F760406C00402000000064BF4AB6DD7BB02C0040200000006B70538B0F1D7FCBF040200000006939A35A50C88F3BF0402000000067C4941AE1580E6BF0402
310
0000000618FBD2C7A4A4DFBF040200000006500F4E598C4BC8BF04020000000600757CC9DC9B893F0402000000067006C016EA97CC3F0402000000063C62B5FB8C8AE13F04020000000678049D178A56F03F04020000000688DBB131EB77F93F0402000000066CA63D4263440140040200000006C2DB2D1968F80440040200
310
0000063A6AE6FBD27B0740040200000006182D4454FB21094004050000000641A4A6C8F5280E4006B7216A7C2962D6BF060CFB91647A1F044006529282FDF6280E4006D0336D82487AD6BF06264098913A220440060F6E51B4CB290E400608062AB86292D6BF06E36B1832FA240440064F10D7611E2D0E4006B4D57622D8C0
310
D6BF06A9199479462A044006EEA1FF0955320E4006DC4BDD038AE8D6BF06EABFED4BCD2E044006841E78B4013D0E4006221EC323311FD7BF066E645FCA08350440069412D487CA450E4006504B7095413CD7BF062AE0234559380440064EF171EC06550E40064A198C1EDE5BD7BF0652B5941CF43B04400634858970CA600E
310
4006F5E90AD10066D7BF06C71A3C001C3D044006E1526CA10D720E4006A847077AFF61D7BF067A383A13A73C04400641EE72296F7D0E40060CD7C555E752D7BF0693C35C6CEE3A0440062F4F59BB0B8A0E4006249739D1F431D7BF066E5D59952C37044006ABCE873C94900E4006D4C0E905141AD7BF06050F008173340440
310
061DF0BB03BE980E4006D2543A6219F0D6BF063A76A2FFA92F044006DE9B5FA65C9C0E4006B8F32C9E52D8D6BF066F6123E3F32C044006D87C640F89A00E40067B00ABE736B3D6BF066EEC9C93B828044006F6F32F87BAA20E4006E247C0371F96D6BF065A216545672504400693986EC522A40E4006152063E81A6AD6BF06
310
F653C4466220044006F35A9448FCA30E4006B3DA86571C50D6BF06D121576A6B1D044006AB094DE616A20E40066F1F04907623D6BF064DBAE5015418044006FD5B83AF7B9F0E4006A333BC408C05D6BF069E48ECAEEA14044006506BAAEC21990E4006286BE15F33D3D5BF06BF23A2E22C0F04400638D1ED95BF920E400624
310
993D0947B2D5BF068AC703C06B0B044006BE10DE1678860E4006487C0C57A085D5BF06A044CF3C5406044006AE1EB9EB127C0E4006E34FFED50F6FD5BF06919FDC81C103044006BE8252B35B6B0E4006CE6ED1E3A05DD5BF0604F2F291C40104400610BC07E04B5F0E4006C7CE8194955ED5BF0667714079E001044006D893
310
E9D0C54E0E4006202D56409D72D5BF0679EFA7362904044006D66D5D4E9F440E4006CB07CC7B7D8AD5BF06A2BF993AE2060440065AB77726C6380E400640BC53FC48B8D5BF064903C4211B0C044006B2BFD076B4320E400673E9A5D156D9D5BF069C353516E00F044006909B9154BF2C0E400694FB654A6C0BD6BF066387AD
310
329615044006CAA23B1C5D2A0E4006D5A2C5E5E928D6BF06DDD34320F318044006C13A53C52F290E4006983D0DC89E48D6BF06D83383BE901C04400677F02825F5280E4006ACD5DFCE6455D6BF06CD8C3AA5051E04400641A4A6C8F5280E4006B7216A7C2962D6BF060CFB91647A1F0440060000000000408F400D05706C61
310
6E65136666666B66660E400A2374A8BB85C4BF14FF2A124EBF0640140000000000000080061BC9E21F91E53F5E0E461EF2A3E73F14000000000000F03F000000000000000000000000000000000A0B0B0B0B0D04636F6E65136666666B66660E409074904EAF1DEEBF850F3A2A4BDBF73F1400000000000000005E04000000
310
00E03F264A58E87AB6EB3F14A09999999999D93F00000000000000000000000000000000066EC3AC78B341EF3F0B0B06000000000000000006000000000000F03F06A09999999999D93F0B0B0B0B0B0D066E756C6C62730D046E75627304030000001502000000041100000006182D4454FB2109C0040300000006A805DA6F
310
760406C00403000000064BF4AB6DD7BB02C0040300000006B70538B0F1D7FCBF040300000006939A35A50C88F3BF0403000000067C4941AE1580E6BF04030000000618FBD2C7A4A4DFBF040300000006500F4E598C4BC8BF04030000000600757CC9DC9B893F0403000000067006C016EA97CC3F0403000000063C62B5FB8C
310
8AE13F04030000000678049D178A56F03F04030000000688DBB131EB77F93F0403000000066CA63D4263440140040300000006C2DB2D1968F804400403000000063A6AE6FBD27B0740040300000006182D4454FB2109400403000000066319516CE0A707400646843925E5D822C0060557E55185AB07400630256C5F694D22
310
C0064094002D08AF0740061C2038D98FE021C006E5DBCAAFF5B10740069B4E2713F29221C00619927AB40BB5074006F266D26F224121C006B36179AD93B7074006F89720DADF0321C006C510954590B90740062A55124D90CB20C006EC6D11232CBC07400614E1C8629E8120C006739CAA38D9BD074006195E95CA1C4220C0
310
068582D1869FBE0740069D29DC972E0420C006FC999BA775BF0740060DD0F7C59E821FC006B8058DD53EBF074006C2F60D611A021FC006C1F2D8DEF9BD0740063E0DC45499791EC0069B0806E1D8BC0740064F058D8F34001EC0065D0EFC0BE2BA074006055B905EF7811DC006417089E90CB80740066060FC64D5EA1CC006
310
850C7281E8B6074006C57FD5DEE3AD1CC006DE2054DA9FB50740069799A1C3B46C1CC00683C3C07F32B4074006FC08338C73231CC006FE10EA411DB20740065D9B9DD588B81BC006E8BB2AA0B7AF0740067194C6B5643E1BC006077DD02A0DAD0740061AC0A00AB0941AC006683C0AEB47AB07400613469D9FFA231AC006DC
310
1D041463A907400681547ED09A9619C0063F4EE1987EA7074006C0D1456DEC0519C006E822B59685A5074006223083B81C6F18C006E614341F93A3074006F9F2B8E535E517C006071BA02DC5A107400620EBDD97287717C0066A6A4FBEFD9E074006224E392BABCD16C0060D32BB94889C074006EAEAC51C205416C0060552
310
0E006E9A0740067D888BD364E815C006C14085AD5D97074006B1F9F9C3814B15C0064479BC9F099507400612E6AEEAE4CE14C006019ACC776A93074006634BBA6AA15914C006FC1534917591074006106A6ACD25CC13C0068034FD608790074006BE157924054C13C006B9F963E59A90074006F957F7D6DDCA12C006DC2279
310
46AE9007400681F49D41A04A12C0068B6E19BDBF91074006DD890F46A3CA11C006B1650AF5D493074006A3D4ACDB193C11C006DACBC0928895074006D7078A9CA7C710C0064AB4980CEA97074006C6AA8421674B10C00655032338009B07400649143025AC5A0FC00612DC5A81189D074006505E991F1D840EC006238EC2F3
310
859F074006C19A239486900DC0065768AC913EA20740062741EB1F253D0CC0061A0DB4A107A4074006EA1D21AB785E0BC006020CDA9AF2A5074006725E7AECF3460AC0066319516CE0A7074006EAB65DEC9D1F09C00B0B040000000004000000000400000000040000000006AF47E17A14AED7BF06AF47E17A14AED7BF100B
310
0B06AF47E17A14AED7BF06AF47E17A14AED7BF15FFFFFFFF0A0600000000000000000A06000000000000F03F0B0B040100000006FCA9F1D24D62503F06A0A3F8543E7B4E3F040100000015000000000D046E756273040300000004030000001500000000150200000015000000001500000000040500000004170000000600
310
00000000000000040300000006000000000000D03F040100000006000000000000E03F040100000006000000000000E83F040100000006000000000000F03F040300000006182D4454FB2109C004030000000681A50E15080408C0040200000006B4137CFC0B0407C0040200000006CA6542B67F5205C00402000000062C42
310
A752F80604C0040200000006A27452D5F0E301C0040200000006EC43429CC12700C0040200000006E8617CEDADC1FABF040200000006939A35A50C88F3BF0402000000067C4941AE1580E6BF04020000000618FBD2C7A4A4DFBF0402000000061C90CF7F0622C7BF04020000000600757CC9DC9B893F0402000000063EC150
310
AF446EC03F040200000006F60BB2B020D0D73F040200000006C26210648E3EE33F04020000000605B3AE2C9EF6E93F04020000000675215D2D2983F23F04020000000688DBB131EB77F93F0402000000066CA63D4263440140040200000006C2DB2D1968F804400402000000063A6AE6FBD27B0740040200000006182D4454
310
FB210940040300000006F91AFE5B33330B4006EA7FFF4F5E68D6BF060AA3780EED1F044006E38DF2EC2C330B40061426B56E7951D4BF064539D65437690440062B5840FE975A0B400654EB40CB9C23D0BF069A5D1028BDFB04400668C2632C1E030C40066A7A05F421A4C5BF06993B9EA501B60540063B655C0D63FF0C4006
310
4E721FB5740DBDBF06FE29B6565B32064006DCDF97ECC0C50D4006546F15E3D3B4B9BF06E1DED23B5C4F06400641A4A6C8F5280E4006EC920D9A1EB2B9BF066CB30278484F064006861079034B330B4006BF744424C983D8BF065263DE6575470440064F549F4024310B4006B0C424A4A065D6BF06DEA7D956C091044006E2
310
B00DE764550B4006D5A30982E60DD2BF06086053854D240540066B53B034E8FC0B4006C3E76A7E4277C8BF064B606CF9C8D70540069C155BED5DFB0C40061B27AD47F206C0BF061302A7BBC9460640066B1E68176AC40D40067F86E9879BD3BABF06EAE5313E89570640062C453881F6280E4006F3A079F3C6EBB9BF064B18
310
AA45ED500640069B7B11D9E83F0B4006780C3B617F92DABF06741DD582126E0440064B6A64179D3B0B400658E8E77CAB71D8BF0692BA2331BFB90440069079F14C045C0B4006C8515EBC76F7D3BF061082FC7DF44C054006A625509EC6FF0B400614A1D8F67D52CBBF0681D152540FFA054006C877ABAA68FC0C4006C19365
310
9D278EC1BF06843BAE699E5B064006445EEFD501C50D4006AF989EF5EFF6BBBF06EE988775D75F064006147D701755290E40065A86EA394025BABF0634A7C1BB9052064006F2300B415E630B4006EAD5D64FF7D7DDBF06E9BA6E379CAB04400640B5C790F05B0B4006647E684E40B8DBBF0656F41AD6F6F90440065F6B231A
310
D8750B4006D087392C4E0FD7BF0647A714ACFD8E0540069004738575100C40063D650E7617FECFBF06C4E599D94F32064006FC2F693002050D400688F93BB60614C4BF064C74417E117E064006D6710E96B7C80D400680079E66F6DEBDBF06781A3A38C16D064006DA10A25A992A0E4006F290E79F3B8EBABF06849CD5EC8E
310
55064006E77B356E80780B4006CE7E7501D027DFBF0676B0B4AC59C40440066EDFD444F16F0B4006D0DB0EA2E20ADDBF0664E84B5DFD13054006631E1E0A13870B40060872BC68BA52D8BF061EC2DA9215AA054006EF09403C9A1C0C400608B86559FAF5D0BF06262D0F2FA349064006FDD39C0C970B0D4006DFC3412B7421
310
C5BF06838068B5768C064006E540CA3177CB0D40068D98D90B7CADBEBF064BDC767BA473064006BA4D4E6E6E2B0E4006B82C2C673CBEBABF069F7B3044ED56064006DD28615484B40B4006596784B43D1AE1BF062E178CF0FBFD044006016F3FFEB0A90B400616FA90308610E0BF061E0E95A2E150054006EA03399F62BA0B
310
400613BB7551364ADBBF068FCF797FE6E90540061723742A00420C400609D315CBB73DD3BF06A0595EECEA80064006DB73758150200D4006B10A4E49CDA2C7BF06A287C446C5AE064006CE35A6412DD40D400683A77F65C54FC0BF066B497576D7810640064F173ADF222E0E40063C63BB44DA39BBBF06D376A175735A0640
310
0618A89D3076DD0B40062FB6680AA7D0E1BF06DE7A57BE0F19054006FBF78AC6FFD10B4006F4CD2DD5E9CAE0BF064EC083E6CB6D054006B380D0DBAEDF0B400662DF89301CB6DCBF065709ACC0B208064006E6972585525E0C40061667DB11DE59D4BF062E6C9726FC9B064006E8E26DEF6A300D40062D9208F500E0C8BF06
310
1408EB88C8BF064006AD7298FFFFDA0D40061642409A84CEC0BF06B9D7358A11890640064CBF15A351300E4006833250FF5D81BBBF0654FE2B657D5C0640067055DC8604250C4006E3DB218B16DBE2BF067FF76F7FB7400540066F8DD7F621190C4006546BA34808DCE1BF065AE682A94A98054006D2CB6445A3220C400682
310
302BAC30CEDEBF0632A12597343606400674BEF48311920C4006FF345B27EAFED5BF06988AE84930C40640063C6FEC1C434E0D4006BD6AFD433EB9CABF06ADE5C26531D906400666C16D73DCE70D4006C2079D2B4C8EC1BF06A513E2DF0094064006018DDAD6AF340E4006B61C6051E2F3BBBF064D52DD2CC15F0640063B0C
310
0C2011440C4006E465AA80763BE3BF06B9DF6A691B4F054006B21E36333D380C4006F41B700B423FE2BF069D40035BC9A70540063B8E26384E400C4006572F752D5892DFBF060D69CA37EB46064006D9F848534CA90C4006B3D8A6AA219AD6BF061876B7830DD3064006BF74BBB1CA5B0D40060D05CB712069CBBF061A14AC
310
28A6E20640060D205A53C0ED0D40067013C72DB3D6C1BF06012C7BB42198064006ED8FA8A3C1360E400640935FD8B821BCBF0654241FB70F61064006C4A970F6CA950C4006EDE09BAE5619E4BF0653FCC68D4C70054006A47F87C1848A0C40061E14DE003624E3BF069127D4FB9CCB054006639DCB986F8F0C400608C9F495
310
4FACE0BF06BF692C8FB46D06400630177159C7E70C400645B32D940503D8BF0622C6D308ABF50640069EFB91D66F800D4006628BA03CEA03CDBF0682686613C0F80640068C786AECD9FD0D4006C062304D5281C2BF069AAA5334DCA1064006DBCC8EC9943C0E40060F4C2EA13691BCBF06ABBF016A3D640640060994D3E91A
310
C80C4006ED5F54023981E4BF068304A090E97F054006E0C352BF95BD0C40063FEB8B180390E3BF0654389C5791DC054006631E609E37C10C400631C2433F3C18E1BF06BA30721A3A8006400628EFDC0F9D0F0D4006D8B60D6526B0D8BF06A05200695606074006E3B2773D0E980D400632E1FE271CCBCDBF063DA45A507C03
310
074006BC846EBA5F080E400613D9200ECCD5C2BF060DF76043ADA6064006AA47BDC78D400E4006CE6AD7F958CCBCBF06AEC466FEEC65064006813C280035220D4006C0C6B2351E17E5BF06668167927A96054006CE8BEEE26C190D40060F2A0297D42BE4BF0683E02F201EF505400686CBA98E611B0D400682DA5D7BADB4E1
310
BF066E1789E91E9B064006CD01344147580D4006828A7C3EE3ABD9BF0698061C609B1E074006C4D40B7C6AC30D4006CED3F5E9CFEDCEBF06AEA6FD572913074006AF324180E01B0E40066B1E76C6FB51C3BF06CE103FF7C1AD064006FC4718CD1F480E400621EC494F4925BDBF061CC5D5187668064006BAE935E7394A0D40
310
06039A4629F14BE5BF0679CBDE81739E05400614B146455D420D40068ED66E43E462E4BF06E27173D7D0FD054006A106A206D0430D4006396FF31F34ECE1BF062D468DB7B0A4064006663D712E0E790D4006C9FB96E9A705DABF066EBF08174727074006799F944213D70D40063C654E1D0856CFBF06B80EAF40C918074006
310
0A496FFDC8240E4006D833CE33F87EC3BF0646B53B9C52B00640061955BAA8A74B0E400651F6539C8646BDBF06B21D61B0686906400636CA49A4A7B10D40066D61CFA812B8E5BF068A3D882EC9AE054006BB4908A364AC0D4006A19FB1A2B5D3E4BF06E5A775B5A70F064006D53ECCFDE3AC0D4006B8231762265EE2BF06BF
310
9390A558B8064006DEF4B44189CE0D4006E23A71BD2DBEDABF06D6037FF11C390740067FE7F9C7810A0E400635153F9D5616D0BF06414E4DB45F2407400605BF489C333C0E4006F551BE1FF9DBC3BF06FF3D2C26A0B506400665CF03030F550E4006B731B195038CBDBF0612C1E2D5636B06400623A566F4ADF00D4006BF4D
310
6AEE03DEE5BF06FFF2690D89B40540069B15DAED38ED0D40062EFD999C6CFBE4BF06CBABCB8FF4150640064E9A78447FED0D40063ABB7E7E7886E2BF06C0D54EA652BF0640068BE25B6B62030E40069F93EFBBD5FFDABF06C7C00C36793F07400686B35968762A0E40067E01A6E8C43CD0BF0604AFAFFE86280740066A964C
310
FFDB4A0E40062339BCBDAFFDC3BF06EEAC11408CB7064006191A6C6B105B0E4006C722C2F617A6BDBF061656312C226C064006E31E2C935D810E4006590E5CDC75FEE5BF06D9EE781173B9054006C38A28DA25820E4006FBFC9B0B5E1DE5BF063A347E56561B064006229E3DC111820E4006CBD2A548E7A8E2BF06814C2822
310
47C5064006053524310C7D0E40064E4A76F8DA37DBBF06D2C3C708E64407400619917A361A740E400635188135875DD0BF065FE95639112C0740063B28DDF3B06C0E4006E8A4EA355F1AC4BF06056FF3F52EB9064006C625C1F3FB680E40060A8166ED2BBCBDBF06EA27FE4DC36C06400661849C3FEFD20E40066B553D6FDE
310
E8E5BF06A11E9D042CB6054006CB5EA94B30D60E400690842821BA06E5BF060F7F9A39BD17064006BDDA30270BD60E4006CCBD0611DA91E2BF062FAB575648C1064006CF7E9D90EBC10E400618DBFC753412DBBF064C9E72253F41074006A99EFC15D99D0E4006260C619F6947D0BF06771A6A02AD290740067593AE25E97F
310
0E4006E7653430D706C4BF0656F87DDE11B8064006991F01A9EF700E40068EA98B58C8ACBDBF064564B1FD526C06400600B1AF51C5830F400681805365275BE5BF06C0F082A7BDA0054006FC7AAF50C78B0F40064EB653F5B372E4BF064FA409724E00064006691B57C8818A0F400628723B3A13FCE1BF06723BFB116BA706
310
400673AD944822550F40064BF28538301FDABF06D5E19B26BD290740060CFFA1D8A4F60E4006FC5D3BED8073CFBF06525B0813601A0740060AC3DD9B7DA80E4006C98ADD1D8C8BC3BF06EDB81E340AB10640060FDB222466810E4006E822448E814FBDBF063000CD3AAA69064006DD488CCC67E30F4006291078F579D9E4BF
310
06E01CD1C41D8D054006DF0FA8D2ADED0F400647AC222E18EBE3BF0624DCC773D2EA0540063808EAB44BEB0F40061CFDA51A9E72E1BF0612831CA3A98F06400614E5B352AAA30F4006B933C81FCA3FD9BF061E0ED4C11D1407400691281D1FC3250F40067479AD06A76ECEBF06EF181EEE480C074006857428CED5BD0E4006
310
4CA282FCC119C3BF06B3FF7B428DAA0640061E35BD1EDA890E40061C49289AD4F8BCBF064E99DDA43167064006DBFE91AE833610400654D7A574EE8CE3BF06B2E8D31C485B0540065EBB01945F3C1040063A1565FC3793E2BF062F0A71DAE8B40540060815A879EF38104006AEE0B2844B1CE0BF06B28C31BD18550640064E
310
F9883B4A07104006CABCA2D9E81DD7BF06C99DAE64AEDF064006F4DD3341C9640F400653FD917FBFFECBBF063023941DB2EA06400645EB130AB5D90E40066B696C828914C2BF06C135E851A89B0640068A2016A524940E40062F389F986E49BCBF067E13F5873162064006D7ABEAA67E4A104006F94CBF1B341BE3BF06B3F7
310
3305464A054006E3D97ACD7450104006C4A2E674E31DE2BF062770192F8EA20540065A6A8618324C104006E45DA7E0E04FDFBF06072961BF3B41064006A40467007416104006CCE5A9322065D6BF067519181FF6CD064006A407B93C86760F400612AB99B48E2CCBBF06EF4E9E6663DF0640063CE0D0BE77E10E4006E46DA5
310
8F5EBDC1BF069E0DF0F6AF960640065860E0E5E9960E40068CEC5FD2C710BCBF069E702A12946006400672E046BD907C104006B0E383A262B3E1BF06501D7533B014054006FCF1AE0150821040069EA1E6F2BFACE0BF0676E99C14156905400629EC291D417B10400649717B20627ADCBF06D3494BDF9A03064006CEA6798C
310
EC3A104006B4EA05A4862AD4BF06A52FAFCB7297064006D53710A0AEA00F400647858B3943AAC8BF0605DCCEA8E4BC0640068E9391D0ACF30E40069738123F52B8C0BF063E99FA8ACD8706400643FDC4BA249D0E40068793C7452573BBBF0651A1059A155C06400660C61FF52E9C10400665FA99C84C9EE0BF0663219EA58C
310
EB04400628F7EF8E67A1104006AFAA38812222DFBF06689CDF250D3D054006E74907CBF59710400640B89BF2E54EDABF06D5C950968ED4054006FE0D9485A6501040065937E2C7B777D2BF068B313C05016E064006461F2BE543B90F40068CE3045C44C4C6BF0661963C4ED2A2064006C194BB6EF7FD0E4006C6F2577156EC
310
BFBF066C037B92BB7C06400661BB8FD649A00E4006D90ED540BF05BBBF06C976512DF7580640069D785AA347C31040068AB58BCBD28CDBBF063892865F6D80044006B7280229F0C51040068A83BABFE96AD9BF0689119A77C6CC044006C558927DA9B610400697E1796D98E0D4BF06EBFFD7745260054006365336CEB66510
310
400625DE69A01FAFCCBF06AF300C4E680A064006C1E36882C6CF0F400689A907C9D848C2BF06BB0927B28F65064006D5C0EE047A070F4006A46ADF5D1C82BCBF066904CF30CF6306400627F221F14CA30E4006340A3FFDE140BABF064C934B665A53064006CE898F2129CE104006DF5D7046A5B3D8BF0660BCB2ABF74A0440
310
0611EB4C9251CF1040069C3B7BD0DF93D6BF0622552EC14295044006A0F635BB3DBD104006EF9DE0790A37D2BF06A75A296DAD27054006DDC9E06837691040069594A184FDB1C8BF06E3FF6D4781DA054006E67A6F2CE5D20F40064E3A8F38A925C0BF0611C4AA806A48064006982CC032EE080F4006D8518934EDEABABF06
310
449ABF6E3358064006847FE054ECA30E400682C2736605F1B9BF06B75E478B135106400682E0B4FEBCCB104006F52C5606060CD4BF06AF37AF52A2F303400607F3EAB191CA104006C3E4EE5508FED1BF06B1D554E6DE3B0440064DCBEAA528B51040060D99F30B5900CCBF064A2AB53D78CE04400698DF39C2936010400685
310
9A0EBC407EC2BF06E67E6E8061900540068E134D7709C80F400614D7A64EDCB5B9BF06445BE0C49C1B0640060200FAC435050F4006C4FB77393775B8BF06041DFE9A3F460640064DE7A476C6A30E4006AE45BB1E6E71B9BF06511F6D58704D064006A6AE4DB9A4C61040066DD272269C5BD2BF0651584DD2EDD30340068860
310
FF68ADC4104006CEF4035DF056D0BF064229FC74AE1B04400662D1464059AE104006253BFF2A48FFC8BF061FE80E9FC0AE044006DCA4E294815A10400689B85A3FFC4DC0BF06B40C89F64976054006B6D97686D7C00F40066B7978BF8F65B7BF067C3D9BA0E10B064006B66B2C6C9B020F40067531546A2796B7BF06238280
310
A1E33F064006726A4E4778A30E4006C7540D0ED241B9BF06FEA81BE0144C064006CABBC828C7AF104006E766FFCF1B95CBBF06CDE75A7B0E7E0340062C80508DE6AB1040068628DAFA22C8C7BF065506107EF6C40340065D7C14BBE9931040061E3BADA3ADF7C0BF0624525AC4015A044006AF7C2E3C2144104006199BD962
310
F4F8B4BF066C55F075F630054006BAEC4AE8BDA60F4006C3BB3FA3F23CB1BF0661D03E5901E2054006DF2ACF50D6F80E40062CF011D72339B5BF063F77A40CA42E0640060A123A70DEA10E4006F5D6AD0537B2B8BF063C16FACBFC470640064567DA943F98104006DA382FB7F639C7BF06EBBAAE74DD54034006D701C8DBD0
310
93104006C017A0AEB596C3BF06F3EB9E1DF89B0340067531F4E4337C10400602B3D3C07283BABF06D2CE0C34DB32044006D5FEA4ED34311040069864DC809958AFBF067900465B6D11054006EB8939AD09910F40060EC77BF59CD5ACBF06AAFCD296D0CE0540061B9946C847F00E400651DF52132F13B4BF06E66363AA4226
310
064006615E7344E39F0E40068097DD5D3E57B8BF067B7B12DC6445064006A7DB1B17876B1040064483C6AF1E9CC0BF0631FF32A41316034006DC6423E09A66104006D6D962781D76BABF066D2BA25C9F5D034006C5F3DA637F50104006BE4FE23DEF92AEBF06B8D31BE87FF7034006D536B2E6B90E1040068BC84445FF9E9E
310
BF0634F85E8FA1E104400669986C4A41690F4006932DB37B943AA4BF06BCE5D4B381B105400621BECD4DD4DF0E40066F8581B3F044B2BF06BA720C111519064006909E59081B9B0E40066E075445FAB7B7BF067FC98A7CDA40064006B55CAC125C551040064AC28E3D8F69BCBF065CAB43C724FF0240067BF30E0377501040
310
064CBBFE0469DDB5BF06A41682A6FD46034006A1F1FE547D3B104006C6F382B75E85A6BF06EC20943528E2034006ADD035F2BAFC0F4006EAC3B9172E2993BF06E322019585D00440065661C6FE4E560F400648CD0886AF1EA1BF06D27BC3F3E6A60540065A4A13EEACD70E4006FC203542CB95B1BF067C2D58CB1614064006
310
046D0A6B59980E400678CDAF0D5772B7BF0638A3EC3FDE3E064006D5075C75692B1040066F3098D894CAB4BF066028933DB3DA024006B0960D05C8261040068ED0037EF52CADBF067E52633416230340068555FCD73C14104006C0A077E9AB9793BF062D2EABA861C0034006E8927151DBBF0F4006F8D148DEF3DF50BF06B3
310
04646075B5044006594D82FCDF320F400615DED8A9535C98BF0685F304330A96054006B98DCF41FFC70E4006D374DF31007AB0BF065B371E95FF0B064006F7C83AE98C920E4006164BAF6187FBB6BF062D3DD2207B3B064006762C15CF8317104006B44B7FF4C1DFB1BF063C18D7B5B2CC0240067B38FDFB1B131040067A97
310
96E6319EA7BF06477B3B6F5515034006296D5453DB0110400628B00A1EE6D183BF0688F9C7BE80B3034006E22082F17BA30F40063B709502CD4F773F06D059F96327AB044006B3C5E9DC47220F40068B76727BE39294BF06CC370B82918F054006CD91B3AD76C00E4006685957D6EC09B0BF064EE8999ECD08064006D5800E
310
4F8C8F0E4006DC9D810F1CC9B6BF06AB0026270B3A0640065CAFC5B8C3C60F4006646AB85CBAD4A6BF06682798EAA4AD0240065B9BA71D6ABF0F40069795009C5FA696BF061154BCEFDDF60240065B7652D30DA40F4006FDF7CE0D31F5863F0688D6E1550597034006B38BCC8FCF590F4006D6BF2E153108953F062247E4A2
310
5E94044006433262C004F70E40065888D385CB5888BF06883F2D4734810540067347324B79AC0E4006C22B5423DB1BAEBF063A2827779E01064006B5561D4732870E400648567DF24254B6BF0607FFDF5BB6360640067BAEB21BE9860F400673B84108DF5CA1BF068D0D94AB6EA002400663553EE3BE800F4006AA03698024
310
8A88BF066672B1B5F2E9024006E61E75C5266A0F40067635102F5479943F0645DC47D7008B0340062BF21A08612D0F4006FC0CD3F3DE6C9B3F06F6ACDAADC38A04400606D8E7C6BFDC0E4006090B82A3BB3281BF064FEAEEF9147B054006DA6F59B9F99F0E400682AFEB933D3DADBF06CBE8511B72FE05400606C768AA9581
310
0E40061BAC90D27F1CB6BF06B0D18A631F35064006AADAAA8B11F80E40069AA91D3120A691BF06CD427551C98B02400655A9DFBCCBF40E4006BC24ADF013796F3F06B20B2545C4D502400663AFBCA32DE90E4006F7FB37D97341A13F06A0AFC2F43C780340060E45EC9F82CA0E4006B706A41ADAB3A23F0668AB057CC37B04
310
400619780D8814A20E4006A53E39D6E61168BF064F10E0FD807105400661B429F0AD830E4006CA0E300B2BDFABBF064CE03FA374F9054006C09CFF247A740E4006221A427AE2C3B5BF062082C9A69832064006897E330D6AA90E40068850B3606B108BBF060971EC0BCA860240063CCB8839EAA70E400650234A3D92557F3F
310
062A964897E4D0024006C4D8C02794A20E4006936B2F1CC1F0A23F069237249FB873034006A40DB75778940E40068F38C7D1A1E6A33F0616250B36277804400683FED83FDC810E4006D49B1FDC9F735ABF0621EA5BA32D6F054006CD967D39DD730E4006A314AF80E487ABBF063731D12736F8054006198F897BDD6C0E4006
310
615631FDA0ACB5BF0624CB5CECEE31064006976BCE671FF40D4006146B624B1D3A8DBF06AD9B918A1988024006DEE9CCF6ADF60D4006BFA462E5DE3B7B3F0682A6CC1B2CD20240060B77AB85C7FF0D400626203158407FA23F0662942094E87403400615A4E9A3D6170E4006857571CFE995A33F064430C72E1A7904400610
310
C02FA992370E4006D365FD335C1160BF0627943594C96F054006D01C77A3704F0E4006A09C18C6819EABBF06E144C6AD88F80540062EBED304605B0E40063CD86A4F88B2B5BF06244275021A32064006FEEF9CF9768D0D40068EB7FC942DC296BF067790EC89FF91024006C72F573A54920D4006209250C761D74CBF066902
310
3185D1DB0240063D3FA3BE9EA30D400691A3E191AD569E3F06F3D4DF67D67D0340068BF2DC004DD10D4006C27E6032FD37A13F06B8E68EDB3C8004400698BEE6A2890D0E40068FCB218C02C672BF060AB5A34665740540065231F104D63A0E4006DAB359EFD34CACBF0669A8A0CD04FB0540069605B5F37C510E4006816654
310
B0ABE1B5BF065BBBF70972330640067D5A8DD5EECE0C4006199519E1C966ACBF06B49D4AB30EBB024006AC2D40862FD70C40068A99DADA419FA0BF069FF3A56B03040340068DE0B6187FF60C4006801EA657CC2E623F0626D0AAF24AA30340061DE349925B4C0D40069A0D84A5B8F98C3F064ABC2A482F9E044006C8BEAE40
310
02BF0D40064A91D6EE019B8FBF061D8AFDDB6987054006073C4EE6A1150E4006017B40BC35F8AEBF06A7874292C204064006B4D5CE3FF3400E4006C3BA835FAC88B6BF061FF473E0343806400628D7A19568770C4006CD37A2246BA0B3BF067ECE56D537D5024006F9B7E41EF7800C4006DD3EE75C1BEDAABF06465FD8D79B
310
1D034006DA7B4CB764A60C40065288B9551D2F8FBF0692FC583F1EBB0340065400166DC30E0D40060025EE2A7BE65C3F0667E2EEB135B104400622403187E29A0D40068A73807F29DA96BF06F5DDA2577A9305400637396A8CF6040E40061535D12D4C54B0BF060FAAAE69EC0A0640063A8D487B023A0E40061832294CBBF1
310
B6BF06F4AE09A0333B064006D7B4C51078E20B4006DB6C1C49CFBEC1BF0688026F61E220034006E0784A3347EC0B40062A40B1959EA3BCBF0665A0B97B5368034006123656FD62190C40068C2291BE2334B1BF061AAC3F7FA601044006B889959BF0A00C40061C906A71BB0BA2BF069F5C5649CBE9044006EF710DA92F5B0D
310
400600738CB3CEB4A5BF062611FD0B8BB60540066461B9DF60E90D40061512172B5D96B2BF0658288052671B06400696745C667C300E400605A7EE1561D6B7BF066EA5F65DB8410640062767277191A30B40060C32DB2C90D4C5BF0603F0E2ABBD470340062933A64E03AD0B40065EBC49C0733AC2BF06F6BF4134B68E0340
310
06A8A7787ABADC0B400624C5F6AA9F0EB8BF0654ADE006E525044006FFA1B8746D710C4006FFDB4F6015C9ABBF0657B5EC39D206054006290FE97EE13F0D4006D63CD8D252F3AABF06571143F768C80540064536426716DE0D400622F664A3CBB6B3BF065AFCC962A023064006C5E7CF44342D0E4006B04267438041B8BF06
310
DFE6E72CC6440640061C63BA6B744E0B4006AC657F754163D0BF06BE3071D2EDAE034006B20013C32D540B4006460B53A6F4D4CCBF068C72B90236F6034006D63A47E9B7820B4006180AD15C2883C5BF06179EBACEF98904400697933D7AFA270C400698D6D1CDC28BBBBF060AE788061F580540063152F1A075150D400696
310
BEAE8690B8B4BF064352B1B2B0F90540066648EE63A6CD0D40061317B5039992B6BF06EB88D94E7D380640066D1BD16EC3290E4006D14AF8C55D08B9BF060CF7758E714A064006B6D3167010330B4006B8263E4F024CD3BF06936BDC1090E50340063D17C39C2D360B4006004E11D9D63FD1BF06D913676A5F2D044006E352
310
302045620B40064A641A98919FCABF0648255461DABF04400635B3967E490C0C40063A1C5F738E78C1BF060E6BA5502384054006F2B4116252050D400648210CC3FC9EB8BF062E746689311406400613A9340FBBC70D40066DA82AF9710DB8BF06D15877414A430640069D782AB8F4280E4006E497736AFF5CB9BF0659A61B
310
39DB4C064006F91AFE5B33330B40060480FF4F5E68D6BF060CA3780EED1F044006E38DF2EC2C330B40062E26B56E7951D4BF064739D65437690440062B5840FE975A0B40066CEB40CB9C23D0BF069C5D1028BDFB04400668C2632C1E030C40068F7A05F421A4C5BF069B3B9EA501B60540063B655C0D63FF0C40067E721FB5
310
740DBDBF06FF29B6565B32064006DBDF97ECC0C50D4006686F15E3D3B4B9BF06E2DED23B5C4F06400641A4A6C8F5280E4006F4920D9A1EB2B9BF066CB30278484F064006A0A3F8543E7B4E3F0400000000040000000004000000000400000000040000000004000000000B040000000004000000000400000000100B0B0B0B
310
110E0D4154545249425F435553544F4D0D066174747269620CFFFFFFFF04FFFFFFFF0CFFFFFFFF0CFFFFFFFF0C09000000071667656E657269635F7461675F6174747269625F6465660403000000040300000004FFFFFFFF071767656E657269635F7461675F6174747269625F646566200402000000040100000007013904
310
000000000401000000045D010000040000000004020000000702313004000000000401000000045D0100000400000000110D04666163650C1100000004FFFFFFFF0CFFFFFFFF0C120000000C130000000C060000000CFFFFFFFF0C140000000A0B110D046C6F6F700CFFFFFFFF04FFFFFFFF0CFFFFFFFF0C150000000C1600
310
00000C09000000110E04636F6E650D07737572666163650CFFFFFFFF04FFFFFFFF0CFFFFFFFF136666666B66660E409074904EAF1DEEBF850F3A2A4BDBF73F1400000000000000005E0400000000E03F264A58E87AB6EB3F14A09999999999D93F00000000000000000000000000000000066EC3AC78B341EF3F0B0B060000
310
00000000000006000000000000F03F06A09999999999D93F0B0B0B0B0B110D06636F656467650CFFFFFFFF04FFFFFFFF0CFFFFFFFF0C170000000C180000000C190000000C1A0000000B0C0A00000004000000000C1B000000110E0D4154545249425F435553544F4D0D066174747269620CFFFFFFFF04FFFFFFFF0CFFFFFF
310
FF0CFFFFFFFF0C0D000000071667656E657269635F7461675F6174747269625F6465660403000000040300000004FFFFFFFF071767656E657269635F7461675F6174747269625F646566200401000000040100000007013104000000000401000000045D0100000400000000110D04666163650C1C00000004FFFFFFFF0CFF
310
FFFFFF0C1D0000000C1E0000000C060000000CFFFFFFFF0C1F0000000B0B110D046C6F6F700CFFFFFFFF04FFFFFFFF0CFFFFFFFF0CFFFFFFFF0C200000000C0D000000110E05706C616E650D07737572666163650CFFFFFFFF04FFFFFFFF0CFFFFFFFF136666666B66660E400A2374A8BB85C4BF14FF2A124EBF0640140000
310
000000000000061BC9E21F91E5BF5E0E461EF2A3E7BF14000000000000F03F000000000000000000000000000000000B0B0B0B0B110D046C6F6F700CFFFFFFFF04FFFFFFFF0CFFFFFFFF0CFFFFFFFF0C210000000C09000000110D06636F656467650CFFFFFFFF04FFFFFFFF0CFFFFFFFF0C220000000C220000000C230000
310
000C240000000B0C0E00000004000000000CFFFFFFFF110D06636F656467650CFFFFFFFF04FFFFFFFF0CFFFFFFFF0C190000000C100000000C210000000C250000000B0C0A00000004000000000C26000000110D06636F656467650CFFFFFFFF04FFFFFFFF0CFFFFFFFF0C100000000C190000000C200000000C270000000B
310
0C0A00000004000000000C28000000110D06636F656467650CFFFFFFFF04FFFFFFFF0CFFFFFFFF0C180000000C170000000C100000000C1A0000000A0C0A00000004000000000C29000000110D04656467650CFFFFFFFF04FFFFFFFF0CFFFFFFFF0C2A000000062A61A1892099D53C0C2B00000006FFEDD8F60423F93F0C10
310
0000000C2C0000000B070774616E67656E74110D067063757276650CFFFFFFFF04FFFFFFFF0CFFFFFFFF04000000000B0F0D0B6578705F7061725F6375720D046E756273040100000015000000000402000000062A61A1892099D53C040100000006FFEDD8F60423F93F040100000006000000000000F03F06182D4454FB21
310
09C006000000000000000006182D4454FB2109C00600000000000000000D0673706C696E650A0F0D037265660400000000100B0B0B0B10060000000000000000060000000000000000110E0D4154545249425F435553544F4D0D066174747269620CFFFFFFFF04FFFFFFFF0CFFFFFFFF0CFFFFFFFF0C12000000071667656E
310
657269635F7461675F6174747269625F6465660403000000040300000004FFFFFFFF071767656E657269635F7461675F6174747269625F646566200401000000040100000007013804000000000401000000045D0100000400000000110D04666163650C2D00000004FFFFFFFF0CFFFFFFFF0C2E0000000C2F0000000C0600
310
00000CFFFFFFFF0C300000000B0B110D046C6F6F700CFFFFFFFF04FFFFFFFF0CFFFFFFFF0CFFFFFFFF0C310000000C12000000110E0673706C696E650D07737572666163650CFFFFFFFF04FFFFFFFF0CFFFFFFFF0B0F0D0B726F745F73706C5F73757204105900000D07656C6C69707365136666666B66660E409899999999
310
99C9BF48D89F080ACBDF3F140000000000000080000000000000F0BF000000000000008014A09999999999D93F0000000000000000000000000000000006000000000000F03F0B0B136766666666660E40FD5E62517679D6BFD70B8E17E184F23F14000000000000F0BF000000000000008000000000000000001500000000
310
0D056E75726273040200000004020000000D04626F746815020000001500000000150000000015000000000405000000040300000006182D4454FB2109C0040200000006182D4454FB21F9BF0402000000060000000000000000040200000006182D4454FB21F93F040200000006182D4454FB210940040200000006000000
310
00000000000402000000061DB885DB9D7BF23F0402000000061DB885DB9D7B02400402000000063233333833330B4006989999999999C9BF0648D89F080ACBDF3F06000000000000F03F063233333833330B4006989999999999C9BF06A0FA18BCC1C5B83F06D13B7F669EA0E63F066666666B66660E4006989999999999C9
310
BF06A0FA18BCC1C5B83F06000000000000F03F06CDCC4CCFCCCC104006989999999999C9BF06A0FA18BCC1C5B83F06D33B7F669EA0E63F06CDCC4CCFCCCC104006989999999999C9BF0648D89F080ACBDF3F06000000000000F03F06CDCC4CCFCCCC104006989999999999C9BF06F4B81CD151B2EC3F06D63B7F669EA0E63F
310
066666666B66660E4006989999999999C9BF06F4B81CD151B2EC3F06000000000000F03F063233333833330B4006989999999999C9BF06F4B81CD151B2EC3F06D63B7F669EA0E63F063233333833330B4006989999999999C9BF0648D89F080ACBDF3F06000000000000F03F063233333833330B40062A8AF9EDB62DE4BF06
310
D0598A0AED7CD93F06EFEAC5191ACFEA3F063233333833330B400600028C124D85ECBF0600D03F0F8FAC5CBF069B89A828F2F4E23F066666666B66660E400600028C124D85ECBF0600D03F0F8FAC5CBF06EFEAC5191ACFEA3F06CDCC4CCFCCCC10400600028C124D85ECBF0600D03F0F8FAC5CBF069D89A828F2F4E23F06CD
310
CC4CCFCCCC1040062A8AF9EDB62DE4BF06D0598A0AED7CD93F06EFEAC5191ACFEA3F06CDCC4CCFCCCC104006A724CE9241ACD7BF06B8F91152438BE93F069F89A828F2F4E23F066666666B66660E4006A724CE9241ACD7BF06B8F91152438BE93F06EFEAC5191ACFEA3F063233333833330B4006A724CE9241ACD7BF06B8F9
310
1152438BE93F069F89A828F2F4E23F063233333833330B40062A8AF9EDB62DE4BF06D0598A0AED7CD93F06EFEAC5191ACFEA3F063233333833330B40069993D25E3BA0ECBF0613433FEAA213E83F06000000000000F03F063233333833330B4006D34875F6082BF4BF0670FCEE809DE8E23F06D13B7F669EA0E63F06666666
310
6B66660E4006D34875F6082BF4BF0670FCEE809DE8E23F06000000000000F03F06CDCC4CCFCCCC104006D34875F6082BF4BF0670FCEE809DE8E23F06D33B7F669EA0E63F06CDCC4CCFCCCC1040069993D25E3BA0ECBF0613433FEAA213E83F06000000000000F03F06CDCC4CCFCCCC1040068995BAD064EAE0BF06B6898F53
310
A83EED3F06D63B7F669EA0E63F066666666B66660E40068995BAD064EAE0BF06B6898F53A83EED3F06000000000000F03F063233333833330B40068995BAD064EAE0BF06B6898F53A83EED3F06D63B7F669EA0E63F063233333833330B40069993D25E3BA0ECBF0613433FEAA213E83F06000000000000F03F063233333833
310
330B400683CED5E75F89F2BF069EAC9CA767B4F13F06EFEAC5191ACFEA3F063233333833330B4006A790A4636B13FABF0663CCB2A4C8EFF23F069B89A828F2F4E23F066666666B66660E4006A790A4636B13FABF0663CCB2A4C8EFF23F06EFEAC5191ACFEA3F06CDCC4CCFCCCC104006A790A4636B13FABF0663CCB2A4C8EF
310
F23F069D89A828F2F4E23F06CDCC4CCFCCCC10400683CED5E75F89F2BF069EAC9CA767B4F13F06EFEAC5191ACFEA3F06CDCC4CCFCCCC104006BC180ED8A8FEE5BF06DA8C86AA0679F03F069F89A828F2F4E23F066666666B66660E4006BC180ED8A8FEE5BF06DA8C86AA0679F03F06EFEAC5191ACFEA3F063233333833330B
310
4006BC180ED8A8FEE5BF06DA8C86AA0679F03F069F89A828F2F4E23F063233333833330B400683CED5E75F89F2BF069EAC9CA767B4F13F06EFEAC5191ACFEA3F063233333833330B40069074904EAF1DEEBF06850F3A2A4BDBF73F06000000000000F03F063233333833330B4006C3D6EF463BC9F3BF06BAE1FBBD842BFC3F
310
06D13B7F669EA0E63F066666666B66660E4006C3D6EF463BC9F3BF06BAE1FBBD842BFC3F06000000000000F03F06CDCC4CCFCCCC104006C3D6EF463BC9F3BF06BAE1FBBD842BFC3F06D33B7F669EA0E63F06CDCC4CCFCCCC1040069074904EAF1DEEBF06850F3A2A4BDBF73F06000000000000F03F06CDCC4CCFCCCC104006
310
9C3B410FE8A8E4BF06503D7896118BF33F06D63B7F669EA0E63F066666666B66660E40069C3B410FE8A8E4BF06503D7896118BF33F06000000000000F03F063233333833330B40069C3B410FE8A8E4BF06503D7896118BF33F06D63B7F669EA0E63F063233333833330B40069074904EAF1DEEBF06850F3A2A4BDBF73F0600
310
0000000000F03F063A8C30E28E79453E0400000000040000000004000000000400000000040000000004000000000B100B0B0B0B110D06636F656467650CFFFFFFFF04FFFFFFFF0CFFFFFFFF0C200000000C200000000C180000000C270000000A0C1300000004000000000CFFFFFFFF110D06636F656467650CFFFFFFFF04
310
FFFFFFFF0CFFFFFFFF0C210000000C210000000C170000000C250000000A0C1500000004000000000CFFFFFFFF110D06636F656467650CFFFFFFFF04FFFFFFFF0CFFFFFFFF0C160000000C160000000C320000000C330000000B0C0E00000004000000000CFFFFFFFF110D06636F656467650CFFFFFFFF04FFFFFFFF0CFFFF
310
FFFF0C340000000C320000000C160000000C240000000A0C1E00000004000000000C35000000110D04656467650CFFFFFFFF04FFFFFFFF0CFFFFFFFF0C3600000006182D4454FB2109C00C37000000069742B798B1F5A1BF0C230000000C380000000B0707756E6B6E6F776E110D04656467650CFFFFFFFF04FFFFFFFF0CFF
310
FFFFFF0C2B00000006182D4454FB2109C00C2B00000006182D4454FB2109400C210000000C390000000B070774616E67656E74110D067063757276650CFFFFFFFF04FFFFFFFF0CFFFFFFFF04000000000B0F0D0B6578705F7061725F6375720D046E75627304010000001502000000040200000006182D4454FB2109C00401
310
00000006182D4454FB210940040100000006000000000000000006182D4454FB2109C006000000000000000006182D4454FB2109400600000000000000000D0673706C696E650A0F0D037265660400000000100B0B0B0B10060000000000000000060000000000000000110D04656467650CFFFFFFFF04FFFFFFFF0CFFFFFF
310
FF0C2A00000006182D4454FB2109C00C2A00000006182D4454FB2109400C200000000C3A0000000B070774616E67656E74110D067063757276650CFFFFFFFF04FFFFFFFF0CFFFFFFFF04000000000A0F0D0B6578705F7061725F6375720D046E75627304010000001502000000040200000006182D4454FB2109C004010000
310
0006182D4454FB210940040100000006000000000000F03F06182D4454FB2109C006000000000000F03F06182D4454FB2109400600000000000000000D0673706C696E650A0F0D037265660400000000100B0B0B0B10060000000000000000060000000000000000110D067063757276650CFFFFFFFF04FFFFFFFF0CFFFFFF
310
FF04000000000A0F0D0372656604020000001006000000000000000006182D4454FB211940110D067665727465780CFFFFFFFF04FFFFFFFF0CFFFFFFFF0C1A00000004000000000C3B000000110D067665727465780CFFFFFFFF04FFFFFFFF0CFFFFFFFF0C1A00000004010000000C3C000000110E07656C6C697073650D05
310
63757276650CFFFFFFFF04FFFFFFFF0CFFFFFFFF1341A4A6C8F5280E40AE216A7C2962D6BF0EFB91647A1F044014A0F626ED3EEB523FD6E8D915F1A3E7BF324B8EF11E91E53F140000000000000000D879CDAB43EBCF3FE8C2859B707ED13F06000000000000F03F0A062A61A1892099D53C0A06FFEDD8F60423F93F110E0D
310
4154545249425F435553544F4D0D066174747269620CFFFFFFFF04FFFFFFFF0CFFFFFFFF0CFFFFFFFF0C1D000000071667656E657269635F7461675F6174747269625F6465660403000000040300000004FFFFFFFF071767656E657269635F7461675F6174747269625F646566200401000000040100000007013304000000
310
000401000000044F0100000400000000110D04666163650C3D00000004FFFFFFFF0CFFFFFFFF0CFFFFFFFF0C3E0000000C060000000CFFFFFFFF0C3F0000000B0B110D046C6F6F700CFFFFFFFF04FFFFFFFF0CFFFFFFFF0C400000000C410000000C1D000000110E04636F6E650D07737572666163650CFFFFFFFF04FFFFFF
310
FF0CFFFFFFFF136666666B66660E409A9999999999E93F48D89F080ACBDF3F140000000000000000000000000000F0BF000000000000000014A09999999999D93F0000000000000000000000000000000006000000000000F03F0B0B06000000000000000006000000000000F03F06A09999999999D93F0B0B0B0B0B110D06
310
636F656467650CFFFFFFFF04FFFFFFFF0CFFFFFFFF0C420000000C430000000C410000000C440000000A0C1E00000004000000000C45000000110D06636F656467650CFFFFFFFF04FFFFFFFF0CFFFFFFFF0C230000000C420000000C220000000C330000000A0C1E00000004000000000C35000000110D04656467650CFFFF
310
FFFF04FFFFFFFF0CFFFFFFFF0C37000000069742B798B1F5A1BF0C3600000006182D4454FB2109400C320000000C380000000B0707756E6B6E6F776E110D06636F656467650CFFFFFFFF04FFFFFFFF0CFFFFFFFF0C430000000C230000000C420000000C460000000A0C1E00000004000000000C47000000110D0670637572
310
76650CFFFFFFFF04FFFFFFFF0CFFFFFFFF04000000000B0F0D0B6578705F7061725F6375720D046E75627304010000001502000000040200000006182D4454FB2109C0040100000006182D4454FB210940040100000006182D4454FB210940061DB885DB9D7B024006182D4454FB2109C0061DB885DB9D7B02400600000000
310
000000000D0673706C696E650B0F0D037265660403000000100B0B0B0B10060000000000000000060000000000000000110D067665727465780CFFFFFFFF04FFFFFFFF0CFFFFFFFF0C4600000004010000000C48000000110D067665727465780CFFFFFFFF04FFFFFFFF0CFFFFFFFF0C3300000004000000000C4900000011
310
0E07656C6C697073650D0563757276650CFFFFFFFF04FFFFFFFF0CFFFFFFFF136666666B66660E409074904EAF1DEEBF850F3A2A4BDBF73F140000000000000080051BC9E21F91E53F5D0E461EF2A3E73F14A09999999999D93F0000000000000000000000000000000006000000000000F03F0B0B110E08696E7463757276
310
650D0563757276650CFFFFFFFF04FFFFFFFF0CFFFFFFFF0B0F0D0D626C656E645F696E745F637572041059000015000000000D046E75627304030000001502000000041700000006182D4454FB2109C004030000000681A50E15080408C0040200000006B4137CFC0B0407C0040200000006CA6542B67F5205C00402000000
310
062C42A752F80604C0040200000006A27452D5F0E301C0040200000006EC43429CC12700C0040200000006E8617CEDADC1FABF040200000006939A35A50C88F3BF0402000000067C4941AE1580E6BF04020000000618FBD2C7A4A4DFBF0402000000061C90CF7F0622C7BF04020000000600757CC9DC9B893F040200000006
310
3EC150AF446EC03F040200000006F60BB2B020D0D73F040200000006C26210648E3EE33F04020000000605B3AE2C9EF6E93F04020000000675215D2D2983F23F04020000000688DBB131EB77F93F0402000000066CA63D4263440140040200000006C2DB2D1968F804400402000000063A6AE6FBD27B074004020000000618
310
2D4454FB210940040300000006F91AFE5B33330B4006EA7FFF4F5E68D6BF060AA3780EED1F044006861079034B330B4006BF744424C983D8BF065263DE6575470440069B7B11D9E83F0B4006780C3B617F92DABF06741DD582126E044006F2300B415E630B4006EAD5D64FF7D7DDBF06E9BA6E379CAB044006E77B356E8078
310
0B4006CE7E7501D027DFBF0676B0B4AC59C4044006DD28615484B40B4006596784B43D1AE1BF062E178CF0FBFD04400618A89D3076DD0B40062FB6680AA7D0E1BF06DE7A57BE0F190540067055DC8604250C4006E3DB218B16DBE2BF067FF76F7FB7400540063B0C0C2011440C4006E465AA80763BE3BF06B9DF6A691B4F05
310
4006C4A970F6CA950C4006EDE09BAE5619E4BF0653FCC68D4C700540060994D3E91AC80C4006ED5F54023981E4BF068304A090E97F054006813C280035220D4006C0C6B2351E17E5BF06668167927A96054006BAE935E7394A0D4006039A4629F14BE5BF0679CBDE81739E05400636CA49A4A7B10D40066D61CFA812B8E5BF
310
068A3D882EC9AE05400623A566F4ADF00D4006BF4D6AEE03DEE5BF06FFF2690D89B4054006E31E2C935D810E4006590E5CDC75FEE5BF06D9EE781173B905400661849C3FEFD20E40066B553D6FDEE8E5BF06A11E9D042CB605400600B1AF51C5830F400681805365275BE5BF06C0F082A7BDA0054006DD488CCC67E30F4006
310
291078F579D9E4BF06E01CD1C41D8D054006DBFE91AE833610400654D7A574EE8CE3BF06B2E8D31C485B054006D7ABEAA67E4A104006F94CBF1B341BE3BF06B3F73305464A05400672E046BD907C104006B0E383A262B3E1BF06501D7533B01405400660C61FF52E9C10400665FA99C84C9EE0BF0663219EA58CEB0440069D
310
785AA347C31040068AB58BCBD28CDBBF063892865F6D80044006CE898F2129CE104006DF5D7046A5B3D8BF0660BCB2ABF74A04400682E0B4FEBCCB104006F52C5606060CD4BF06AF37AF52A2F3034006A6AE4DB9A4C61040066DD272269C5BD2BF0651584DD2EDD3034006CABBC828C7AF104006E766FFCF1B95CBBF06CDE7
310
5A7B0E7E0340064567DA943F98104006DA382FB7F639C7BF06EBBAAE74DD54034006A7DB1B17876B1040064483C6AF1E9CC0BF0631FF32A41316034006B55CAC125C551040064AC28E3D8F69BCBF065CAB43C724FF024006D5075C75692B1040066F3098D894CAB4BF066028933DB3DA024006762C15CF8317104006B44B7F
310
F4C1DFB1BF063C18D7B5B2CC0240065CAFC5B8C3C60F4006646AB85CBAD4A6BF06682798EAA4AD0240067BAEB21BE9860F400673B84108DF5CA1BF068D0D94AB6EA0024006AADAAA8B11F80E40069AA91D3120A691BF06CD427551C98B024006897E330D6AA90E40068850B3606B108BBF060971EC0BCA86024006976BCE67
310
1FF40D4006146B624B1D3A8DBF06AD9B918A1988024006FEEF9CF9768D0D40068EB7FC942DC296BF067790EC89FF910240067D5A8DD5EECE0C4006199519E1C966ACBF06B49D4AB30EBB02400628D7A19568770C4006CD37A2246BA0B3BF067ECE56D537D5024006D7B4C51078E20B4006DB6C1C49CFBEC1BF0688026F61E2
310
200340062767277191A30B40060C32DB2C90D4C5BF0603F0E2ABBD470340061C63BA6B744E0B4006AC657F754163D0BF06BE3071D2EDAE034006B6D3167010330B4006B8263E4F024CD3BF06936BDC1090E5034006F91AFE5B33330B40060480FF4F5E68D6BF060CA3780EED1F044006A0A3F8543E7B4E3F0D0673706C696E
310
650A0F0D037265660400000000100B0B0B0B0D0C6E756C6C5F737572666163650D046E75627304010000001502000000040200000006182D4454FB2109C0040100000006182D4454FB210940040100000006000000000000000006182D4454FB2109C006000000000000000006182D4454FB2109400D066E756C6C62730B0B
310
04000000000400000000040000000004000000000A100B0B110E08696E7463757276650D0563757276650CFFFFFFFF04FFFFFFFF0CFFFFFFFF0A0F0D0D626C656E645F696E745F637572041059000015000000000D046E75627304030000001502000000041700000006182D4454FB2109C004030000000681A50E15080408
310
C0040200000006B4137CFC0B0407C0040200000006CA6542B67F5205C00402000000062C42A752F80604C0040200000006A27452D5F0E301C0040200000006EC43429CC12700C0040200000006E8617CEDADC1FABF040200000006939A35A50C88F3BF0402000000067C4941AE1580E6BF04020000000618FBD2C7A4A4DFBF
310
0402000000061C90CF7F0622C7BF04020000000600757CC9DC9B893F0402000000063EC150AF446EC03F040200000006F60BB2B020D0D73F040200000006C26210648E3EE33F04020000000605B3AE2C9EF6E93F04020000000675215D2D2983F23F04020000000688DBB131EB77F93F0402000000066CA63D426344014004
310
0200000006C2DB2D1968F804400402000000063A6AE6FBD27B0740040200000006182D4454FB21094004030000000641A4A6C8F5280E4006EC920D9A1EB2B9BF066CB30278484F0640062C453881F6280E4006F3A079F3C6EBB9BF064B18AA45ED50064006147D701755290E40065A86EA394025BABF0634A7C1BB90520640
310
06DA10A25A992A0E4006F290E79F3B8EBABF06849CD5EC8E55064006BA4D4E6E6E2B0E4006B82C2C673CBEBABF069F7B3044ED560640064F173ADF222E0E40063C63BB44DA39BBBF06D376A175735A0640064CBF15A351300E4006833250FF5D81BBBF0654FE2B657D5C064006018DDAD6AF340E4006B61C6051E2F3BBBF06
310
4D52DD2CC15F064006ED8FA8A3C1360E400640935FD8B821BCBF0654241FB70F61064006DBCC8EC9943C0E40060F4C2EA13691BCBF06ABBF016A3D64064006AA47BDC78D400E4006CE6AD7F958CCBCBF06AEC466FEEC65064006FC4718CD1F480E400621EC494F4925BDBF061CC5D51876680640061955BAA8A74B0E400651
310
F6539C8646BDBF06B21D61B0686906400665CF03030F550E4006B731B195038CBDBF0612C1E2D5636B064006191A6C6B105B0E4006C722C2F617A6BDBF061656312C226C064006C625C1F3FB680E40060A8166ED2BBCBDBF06EA27FE4DC36C064006991F01A9EF700E40068EA98B58C8ACBDBF064564B1FD526C0640060FDB
310
222466810E4006E822448E814FBDBF063000CD3AAA690640061E35BD1EDA890E40061C49289AD4F8BCBF064E99DDA431670640068A2016A524940E40062F389F986E49BCBF067E13F58731620640065860E0E5E9960E40068CEC5FD2C710BCBF069E702A12946006400643FDC4BA249D0E40068793C7452573BBBF0651A105
310
9A155C06400661BB8FD649A00E4006D90ED540BF05BBBF06C976512DF75806400627F221F14CA30E4006340A3FFDE140BABF064C934B665A53064006847FE054ECA30E400682C2736605F1B9BF06B75E478B13510640064DE7A476C6A30E4006AE45BB1E6E71B9BF06511F6D58704D064006726A4E4778A30E4006C7540D0E
310
D241B9BF06FEA81BE0144C0640060A123A70DEA10E4006F5D6AD0537B2B8BF063C16FACBFC47064006615E7344E39F0E40068097DD5D3E57B8BF067B7B12DC6445064006909E59081B9B0E40066E075445FAB7B7BF067FC98A7CDA40064006046D0A6B59980E400678CDAF0D5772B7BF0638A3EC3FDE3E064006F7C83AE98C
310
920E4006164BAF6187FBB6BF062D3DD2207B3B064006D5800E4F8C8F0E4006DC9D810F1CC9B6BF06AB0026270B3A064006B5561D4732870E400648567DF24254B6BF0607FFDF5BB63606400606C768AA95810E40061BAC90D27F1CB6BF06B0D18A631F35064006C09CFF247A740E4006221A427AE2C3B5BF062082C9A69832
310
064006198F897BDD6C0E4006615631FDA0ACB5BF0624CB5CECEE310640062EBED304605B0E40063CD86A4F88B2B5BF06244275021A320640069605B5F37C510E4006816654B0ABE1B5BF065BBBF7097233064006B4D5CE3FF3400E4006C3BA835FAC88B6BF061FF473E034380640063A8D487B023A0E40061832294CBBF1B6
310
BF06F4AE09A0333B06400696745C667C300E400605A7EE1561D6B7BF066EA5F65DB841064006C5E7CF44342D0E4006B04267438041B8BF06DFE6E72CC6440640066D1BD16EC3290E4006D14AF8C55D08B9BF060CF7758E714A0640069D782AB8F4280E4006E497736AFF5CB9BF0659A61B39DB4C06400641A4A6C8F5280E40
310
06F4920D9A1EB2B9BF066CB30278484F064006A0A3F8543E7B4E3F0D0673706C696E650A0F0D037265660400000000100B0B0B0B0D0C6E756C6C5F737572666163650D046E75627304010000001502000000040200000006182D4454FB2109C0040100000006182D4454FB210940040100000006000000000000F03F06182D
310
4454FB2109C006000000000000F03F06182D4454FB2109400D066E756C6C62730B0B04000000000400000000040000000004000000000A100B0B110D05706F696E740CFFFFFFFF04FFFFFFFF0CFFFFFFFF1340A4A6C8F5280E40FE920D9A1EB2B9BF6AB30278484F0640110D05706F696E740CFFFFFFFF04FFFFFFFF0CFFFF
310
FFFF13F91AFE5B33330B40EA7FFF4F5E68D6BF0AA3780EED1F0440110E0D4154545249425F435553544F4D0D066174747269620CFFFFFFFF04FFFFFFFF0CFFFFFFFF0CFFFFFFFF0C2E000000071667656E657269635F7461675F6174747269625F6465660403000000040300000004FFFFFFFF071767656E657269635F7461
310
675F6174747269625F646566200401000000040100000007013104000000000401000000044F0100000400000000110D046C6F6F700CFFFFFFFF04FFFFFFFF0CFFFFFFFF0CFFFFFFFF0C4A0000000C2E000000110E05706C616E650D07737572666163650CFFFFFFFF04FFFFFFFF0CFFFFFFFF136666666B66660E409A9999
310
999999E93F48D89F080ACBDF3F140000000000000000000000000000F03F000000000000000014000000000000F03F000000000000000000000000000000000B0B0B0B0B110D046C6F6F700CFFFFFFFF04FFFFFFFF0CFFFFFFFF0CFFFFFFFF0C4B0000000C1D000000110D06636F656467650CFFFFFFFF04FFFFFFFF0CFFFF
310
FFFF0C4C0000000C4C0000000C310000000C440000000B0C2F00000004000000000CFFFFFFFF110D06636F656467650CFFFFFFFF04FFFFFFFF0CFFFFFFFF0C320000000C310000000C340000000C460000000B0C1E00000004000000000C4D000000110D06636F656467650CFFFFFFFF04FFFFFFFF0CFFFFFFFF0C31000000
310
0C340000000C4C0000000C4E0000000A0C1E00000004000000000C45000000110D04656467650C4F00000004FFFFFFFF0CFFFFFFFF0C5000000006182D4454FB2109C00C51000000060020000000B6A43C0C410000000C520000000B0707756E6B6E6F776E110D067063757276650CFFFFFFFF04FFFFFFFF0CFFFFFFFF0400
310
0000000B0F0D0B6578705F7061725F6375720D046E75627304010000001502000000040200000006182D4454FB2109C0040100000006182D4454FB210940040100000006182D4454FB2109C006000000000000000006182D4454FB2109400600000000000000000600000000000000000D0673706C696E650B0F0D03726566
310
0403000000100B0B0B0B10060000000000000000060000000000000000110D04656467650CFFFFFFFF04FFFFFFFF0CFFFFFFFF0C500000000600000000000000000C36000000061FB885DB9D7B02400C420000000C530000000B070774616E67656E74110D067063757276650CFFFFFFFF04FFFFFFFF0CFFFFFFFF04000000
310
000B0F0D0B6578705F7061725F6375720D046E756273040100000015000000000402000000061FB885DB9D7B02C00401000000060000000000000080040100000006182D4454FB2109C0061DB885DB9D7B024006182D4454FB2109C00600000000000000000600000000000000000D0673706C696E650B0F0D037265660403
310
000000100B0B0B0B10060000000000000000060000000000000000110D05706F696E740CFFFFFFFF04FFFFFFFF0CFFFFFFFF133233333833330B408F74904EAF1DEEBF850F3A2A4BDBF73F110D05706F696E740CFFFFFFFF04FFFFFFFF0CFFFFFFFF1344BE504E8CCC1040C4D409209572EEBF0F89ABED0402F83F110D0663
310
6F656467650C5400000004FFFFFFFF0CFFFFFFFF0C4A0000000C4A0000000C4B0000000C550000000B0C3E00000004000000000CFFFFFFFF110D06636F656467650C5600000004FFFFFFFF0CFFFFFFFF0C4B0000000C4B0000000C4A0000000C550000000A0C4000000004000000000CFFFFFFFF110D06636F656467650CFF
310
FFFFFF04FFFFFFFF0CFFFFFFFF0C410000000C410000000C430000000C4E0000000B0C2F00000004000000000CFFFFFFFF110D067063757276650CFFFFFFFF04FFFFFFFF0CFFFFFFFF04000000000B0F0D0B6578705F7061725F6375720D046E75627304010000001500000000040200000006000000000000000004010000
310
00061FB885DB9D7B0240040100000006182D4454FB21094006000000000000000006182D4454FB210940061DB885DB9D7B02400600000000000000000D0673706C696E650B0F0D037265660403000000100B0B0B0B10060000000000000000060000000000000000110D04656467650C5700000004FFFFFFFF0CFFFFFFFF0C
310
51000000060020000000B6A43C0C5000000006182D4454FB2109400C4C0000000C520000000B0707756E6B6E6F776E110E0D4154545249425F435553544F4D0D066174747269620CFFFFFFFF04FFFFFFFF0CFFFFFFFF0CFFFFFFFF0C44000000071667656E657269635F7461675F6174747269625F64656604030000000403
310
00000004FFFFFFFF071767656E657269635F7461675F6174747269625F646566200401000000040200000007022D310400000000040100000004570100000400000000110D067665727465780CFFFFFFFF04FFFFFFFF0CFFFFFFFF0C4400000004000000000C58000000110D067665727465780CFFFFFFFF04FFFFFFFF0CFF
310
FFFFFF0C4E00000004000000000C59000000110E07656C6C697073650D0563757276650CFFFFFFFF04FFFFFFFF0CFFFFFFFF136666666B66660E40989999999999C9BF48D89F080ACBDF3F140000000000000000000000000000F03F000000000000000014A09999999999D93F000000000000000000000000000000000600
310
0000000000F03F0B0B110E07656C6C697073650D0563757276650CFFFFFFFF04FFFFFFFF0CFFFFFFFF133233333833330B40FE5E62517679D6BFD60B8E17E184F23F14000000000000F0BF0000000000000000000000000000000014000000000000000064242B095359C33F882BCC2A3D24E5BF06000000000000F03F0A06
310
00000000000000000A061FB885DB9D7B0240110E0D4154545249425F435553544F4D0D066174747269620CFFFFFFFF04FFFFFFFF0CFFFFFFFF0CFFFFFFFF0C4A0000000711736B657463685F6174747269625F646566040100000004010000000403000000070D31393020302030203020312031110D04656467650C5A0000
310
0004FFFFFFFF0CFFFFFFFF0C5B00000006182D4454FB2109C00C5B00000006182D4454FB2109400C4A0000000C5C0000000B0707756E6B6E6F776E110E0D4154545249425F435553544F4D0D066174747269620CFFFFFFFF04FFFFFFFF0CFFFFFFFF0CFFFFFFFF0C4B0000000711736B657463685F6174747269625F646566
310
040100000004010000000403000000070D31393020302030203020312031110E0D4154545249425F435553544F4D0D066174747269620CFFFFFFFF04FFFFFFFF0CFFFFFFFF0CFFFFFFFF0C4E000000071667656E657269635F7461675F6174747269625F6465660403000000040300000004FFFFFFFF071767656E65726963
310
5F7461675F6174747269625F646566200401000000040200000007022D310400000000040100000004570100000400000000110D05706F696E740CFFFFFFFF04FFFFFFFF0CFFFFFFFF133233333833330B40989999999999C9BF49D89F080ACBDF3F110D05706F696E740CFFFFFFFF04FFFFFFFF0CFFFFFFFF13CDCC4CCFCC
310
CC1040989999999999C9BF47D89F080ACBDF3F110E0D4154545249425F435553544F4D0D066174747269620CFFFFFFFF04FFFFFFFF0CFFFFFFFF0CFFFFFFFF0C55000000071667656E657269635F7461675F6174747269625F6465660403000000040300000004FFFFFFFF071767656E657269635F7461675F617474726962
310
5F646566200401000000040400000007042D31393004000000000401000000044F0100000400000000110D067665727465780CFFFFFFFF04FFFFFFFF0CFFFFFFFF0C5500000004000000000C5D000000110E07656C6C697073650D0563757276650CFFFFFFFF04FFFFFFFF0CFFFFFFFF136666666B66660E409A9999999999
310
E93F48D89F080ACBDF3F140000000000000000000000000000F03F000000000000000014A09999999999D93F0000000000000000000000000000000006000000000000F03F0B0B110D05706F696E740CFFFFFFFF04FFFFFFFF0CFFFFFFFF133233333833330B409A9999999999E93F49D89F080ACBDF3F110E03456E640E02
310
6F660E0341534D0D0464617461
  0
ACDSRECORD
 90
        0
  2
AcDbDs::ID
280
    10
320
86
  2
ASM_Data
280
    15
 94
    26721
310
414349532042696E61727946696C652855000000000000020000000C00000007104175746F6465736B204175746F434144071441534D203233312E302E302E3635353335204E540718536174204D61722032322031343A35393A31342032303235066666666666663940068DEDB5A0F7C6B03E06BBBDD7D9DF7CDB3D0D0961
310
736D6865616465720CFFFFFFFF04FFFFFFFF070D3233312E302E302E3635353335110D04626F64790C0200000004FFFFFFFF0CFFFFFFFF0C030000000CFFFFFFFF0CFFFFFFFF110E0D4154545249425F435553544F4D0D066174747269620CFFFFFFFF04FFFFFFFF0C040000000CFFFFFFFF0C01000000071454696D657374
310
616D705F6174747269625F646566040100000006286DDC0EBEC31843110D046C756D700CFFFFFFFF04FFFFFFFF0CFFFFFFFF0CFFFFFFFF0C050000000C01000000110E0D4154545249425F435553544F4D0D066174747269620CFFFFFFFF04FFFFFFFF0CFFFFFFFF0C020000000C01000000071667656E657269635F746167
310
5F6174747269625F6465660403000000040300000004FFFFFFFF071767656E657269635F7461675F6174747269625F64656620040100000004030000000703333532040100000004000000000400000000110D057368656C6C0CFFFFFFFF04FFFFFFFF0CFFFFFFFF0CFFFFFFFF0CFFFFFFFF0C060000000CFFFFFFFF0C0300
310
0000110D04666163650C0700000004FFFFFFFF0CFFFFFFFF0C080000000C090000000C050000000CFFFFFFFF0C0A0000000B0B110E0D4154545249425F435553544F4D0D066174747269620CFFFFFFFF04FFFFFFFF0CFFFFFFFF0CFFFFFFFF0C06000000071667656E657269635F7461675F6174747269625F646566040300
310
0000040300000004FFFFFFFF071767656E657269635F7461675F6174747269625F646566200401000000040100000007013104000000000403000000045E010000046001000004610100000400000000110D04666163650C0B00000004FFFFFFFF0CFFFFFFFF0C0C0000000C0D0000000C050000000CFFFFFFFF0C0E000000
310
0B0B110D046C6F6F700CFFFFFFFF04FFFFFFFF0CFFFFFFFF0CFFFFFFFF0C0F0000000C06000000110E0673706C696E650D07737572666163650CFFFFFFFF04FFFFFFFF0CFFFFFFFF0B0F0D1072625F626C656E645F73706C5F73757204105900000715626C656E645F737570706F72745F737572666163650D04636F6E6513
310
343333293333F33F9074904EAF1DEEBF850F3A2A4BDBF73F1400000000000000805E0400000000E0BF264A58E87AB6EBBF14A09999999999D9BF00000000000000000000000000000000066EC3AC78B341EF3F0B0B06000000000000008006000000000000F03F06A09999999999D93F0A0B0B0B0B0D0A6E756C6C5F637572
310
76650D046E75627304030000001502000000041100000006182D4454FB2109C0040300000006A805DA6F760406C00403000000064BF4AB6DD7BB02C0040300000006B70538B0F1D7FCBF040300000006939A35A50C88F3BF0403000000067C4941AE1580E6BF04030000000618FBD2C7A4A4DFBF040300000006500F4E598C
310
4BC8BF04030000000600757CC9DC9B893F0403000000067006C016EA97CC3F0403000000063C62B5FB8C8AE13F04030000000678049D178A56F03F04030000000688DBB131EB77F93F0403000000066CA63D4263440140040300000006C2DB2D1968F804400403000000063A6AE6FBD27B0740040300000006182D4454FB21
310
09400403000000066319516CE0A707400646843925E5D822C0060557E55185AB07400630256C5F694D22C0064094002D08AF0740061C2038D98FE021C006E5DBCAAFF5B10740069B4E2713F29221C00619927AB40BB5074006F266D26F224121C006B36179AD93B7074006F89720DADF0321C006C510954590B90740062A55
310
124D90CB20C006EC6D11232CBC07400614E1C8629E8120C006739CAA38D9BD074006195E95CA1C4220C0068582D1869FBE0740069D29DC972E0420C006FC999BA775BF0740060DD0F7C59E821FC006B8058DD53EBF074006C2F60D611A021FC006C1F2D8DEF9BD0740063E0DC45499791EC0069B0806E1D8BC0740064F058D
310
8F34001EC0065D0EFC0BE2BA074006055B905EF7811DC006417089E90CB80740066060FC64D5EA1CC006850C7281E8B6074006C57FD5DEE3AD1CC006DE2054DA9FB50740069799A1C3B46C1CC00683C3C07F32B4074006FC08338C73231CC006FE10EA411DB20740065D9B9DD588B81BC006E8BB2AA0B7AF0740067194C6B5
310
643E1BC006077DD02A0DAD0740061AC0A00AB0941AC006683C0AEB47AB07400613469D9FFA231AC006DC1D041463A907400681547ED09A9619C0063F4EE1987EA7074006C0D1456DEC0519C006E822B59685A5074006223083B81C6F18C006E614341F93A3074006F9F2B8E535E517C006071BA02DC5A107400620EBDD9728
310
7717C0066A6A4FBEFD9E074006224E392BABCD16C0060D32BB94889C074006EAEAC51C205416C00605520E006E9A0740067D888BD364E815C006C14085AD5D97074006B1F9F9C3814B15C0064479BC9F099507400612E6AEEAE4CE14C006019ACC776A93074006634BBA6AA15914C006FC1534917591074006106A6ACD25CC
310
13C0068034FD608790074006BE157924054C13C006B9F963E59A90074006F957F7D6DDCA12C006DC227946AE9007400681F49D41A04A12C0068B6E19BDBF91074006DD890F46A3CA11C006B1650AF5D493074006A3D4ACDB193C11C006DACBC0928895074006D7078A9CA7C710C0064AB4980CEA97074006C6AA8421674B10
310
C00655032338009B07400649143025AC5A0FC00612DC5A81189D074006505E991F1D840EC006238EC2F3859F074006C19A239486900DC0065768AC913EA20740062741EB1F253D0CC0061A0DB4A107A4074006EA1D21AB785E0BC006020CDA9AF2A5074006725E7AECF3460AC0066319516CE0A7074006EAB65DEC9D1F09C0
310
130000000000000000000000000000000000000000000000000D066E756C6C627304000000000D066E756C6C62730715626C656E645F737570706F72745F737572666163650D05706C616E6513343333293333F33F0A2374A8BB85C4BF14FF2A124EBF0640140000000000000000061BC9E21F91E53F5E0E461EF2A3E73F14
310
000000000000F0BF000000000000000000000000000000000B0B0B0B0B0D0A6E756C6C5F63757276650D066E756C6C6273130000000000000000000000000000000000000000000000000D066E756C6C627304000000000D066E756C6C62730D08696E7463757276650B0F0D0B6F66665F696E745F63757204105900001500
310
0000000D046E75627304050000001502000000041100000006182D4454FB2109C0040500000006A805DA6F760406C00402000000064BF4AB6DD7BB02C0040200000006B70538B0F1D7FCBF040200000006939A35A50C88F3BF0402000000067C4941AE1580E6BF04020000000618FBD2C7A4A4DFBF040200000006500F4E59
310
8C4BC8BF04020000000600757CC9DC9B893F0402000000067006C016EA97CC3F0402000000063C62B5FB8C8AE13F04020000000678049D178A56F03F04020000000688DBB131EB77F93F0402000000066CA63D4263440140040200000006C2DB2D1968F804400402000000063A6AE6FBD27B0740040200000006182D4454FB
310
2109400405000000067EB7B26E14AEF33F06B7216A7C2962D6BF060CFB91647A1F0440065CDBFA0412AEF33F06D0336D82487AD6BF06264098913A22044006E2235D9768ACF33F0608062AB86292D6BF06E36B1832FA2404400662DF513CC3A5F33F06B4D57622D8C0D6BF06A9199479462A04400624BC00EC559BF33F06DC
310
4BDD038AE8D6BF06EABFED4BCD2E044006F8C20F97FC85F33F06221EC323311FD7BF066E645FCA0835044006D8DA57F06A74F33F06504B7095413CD7BF062AE023455938044006641D1C27F255F33F064A198C1EDE5BD7BF0652B5941CF43B04400698F5EC1E6B3EF33F06F5E90AD10066D7BF06C71A3C001C3D0440063E5A
310
27BDE41BF33F06A847077AFF61D7BF067A383A13A73C0440067E231AAD2105F33F060CD7C555E752D7BF0693C35C6CEE3A044006A2614D89E8EBF23F06249739D1F431D7BF066E5D59952C37044006AA62F086D7DEF23F06D4C0E905141AD7BF06050F00817334044006C61F88F883CEF23F06D2543A6219F0D6BF063A76A2
310
FFA92F04400644C840B346C7F23F06B8F32C9E52D8D6BF066F6123E3F32C044006500637E1EDBEF23F067B00ABE736B3D6BF066EEC9C93B8280440061418A0F18ABAF23F06E247C0371F96D6BF065A2165456725044006DACE2275BAB7F23F06152063E81A6AD6BF06F653C44662200440061A4AD76E07B8F23F06B3DA8657
310
1C50D6BF06D121576A6B1D044006AAEC6533D2BBF23F066F1F04907623D6BF064DBAE50154180440060648F9A008C1F23F06A333BC408C05D6BF069E48ECAEEA140440066029AB26BCCDF23F06286BE15F33D3D5BF06BF23A2E22C0F044006905D24D480DAF23F0624993D0947B2D5BF068AC703C06B0B04400684DE43D20F
310
F3F23F06487C0C57A085D5BF06A044CF3C5406044006A4C28D28DA07F33F06E34FFED50F6FD5BF06919FDC81C10304400684FA5A994829F33F06CE6ED1E3A05DD5BF0604F2F291C401044006E087F03F6841F33F06C7CE8194955ED5BF0667714079E00104400650D82C5E7462F33F06202D56409D72D5BF0679EFA7362904
310
04400654244563C176F33F06CB07CC7B7D8AD5BF06A2BF993AE2060440064C9110B3738EF33F0640BC53FC48B8D5BF064903C4211B0C0440069C805E12979AF33F0673E9A5D156D9D5BF069C353516E00F044006E0C8DC5681A6F33F0694FB654A6C0BD6BF066387AD3296150440066CBA88C745ABF33F06D5A2C5E5E928D6
310
BF06DDD34320F3180440067E8A5975A0ADF33F06983D0DC89E48D6BF06D83383BE901C044006121FAEB515AEF33F06ACD5DFCE6455D6BF06CD8C3AA5051E0440067EB7B26E14AEF33F06B7216A7C2962D6BF060CFB91647A1F0440060000000000408F400D05706C616E6513343333293333F33F0A2374A8BB85C4BF14FF2A
310
124EBF0640140000000000000080061BC9E21F91E5BF5E0E461EF2A3E7BF14000000000000F0BF000000000000000000000000000000000A0B0B0B0B0D04636F6E6513343333293333F33F9074904EAF1DEEBF850F3A2A4BDBF73F1400000000000000805E0400000000E0BF264A58E87AB6EBBF14A09999999999D9BF0000
310
0000000000000000000000000000066EC3AC78B341EF3F0B0B06000000000000008006000000000000F03F06A09999999999D93F0A0B0B0B0B0D066E756C6C62730D046E75627304030000001502000000041100000006182D4454FB2109C0040300000006A805DA6F760406C00403000000064BF4AB6DD7BB02C004030000
310
0006B70538B0F1D7FCBF040300000006939A35A50C88F3BF0403000000067C4941AE1580E6BF04030000000618FBD2C7A4A4DFBF040300000006500F4E598C4BC8BF04030000000600757CC9DC9B893F0403000000067006C016EA97CC3F0403000000063C62B5FB8C8AE13F04030000000678049D178A56F03F0403000000
310
0688DBB131EB77F93F0403000000066CA63D4263440140040300000006C2DB2D1968F804400403000000063A6AE6FBD27B0740040300000006182D4454FB2109400403000000066319516CE0A707400646843925E5D822C0060557E55185AB07400630256C5F694D22C0064094002D08AF0740061C2038D98FE021C006E5DB
310
CAAFF5B10740069B4E2713F29221C00619927AB40BB5074006F266D26F224121C006B36179AD93B7074006F89720DADF0321C006C510954590B90740062A55124D90CB20C006EC6D11232CBC07400614E1C8629E8120C006739CAA38D9BD074006195E95CA1C4220C0068582D1869FBE0740069D29DC972E0420C006FC999B
310
A775BF0740060DD0F7C59E821FC006B8058DD53EBF074006C2F60D611A021FC006C1F2D8DEF9BD0740063E0DC45499791EC0069B0806E1D8BC0740064F058D8F34001EC0065D0EFC0BE2BA074006055B905EF7811DC006417089E90CB80740066060FC64D5EA1CC006850C7281E8B6074006C57FD5DEE3AD1CC006DE2054DA
310
9FB50740069799A1C3B46C1CC00683C3C07F32B4074006FC08338C73231CC006FE10EA411DB20740065D9B9DD588B81BC006E8BB2AA0B7AF0740067194C6B5643E1BC006077DD02A0DAD0740061AC0A00AB0941AC006683C0AEB47AB07400613469D9FFA231AC006DC1D041463A907400681547ED09A9619C0063F4EE1987E
310
A7074006C0D1456DEC0519C006E822B59685A5074006223083B81C6F18C006E614341F93A3074006F9F2B8E535E517C006071BA02DC5A107400620EBDD97287717C0066A6A4FBEFD9E074006224E392BABCD16C0060D32BB94889C074006EAEAC51C205416C00605520E006E9A0740067D888BD364E815C006C14085AD5D97
310
074006B1F9F9C3814B15C0064479BC9F099507400612E6AEEAE4CE14C006019ACC776A93074006634BBA6AA15914C006FC1534917591074006106A6ACD25CC13C0068034FD608790074006BE157924054C13C006B9F963E59A90074006F957F7D6DDCA12C006DC227946AE9007400681F49D41A04A12C0068B6E19BDBF9107
310
4006DD890F46A3CA11C006B1650AF5D493074006A3D4ACDB193C11C006DACBC0928895074006D7078A9CA7C710C0064AB4980CEA97074006C6AA8421674B10C00655032338009B07400649143025AC5A0FC00612DC5A81189D074006505E991F1D840EC006238EC2F3859F074006C19A239486900DC0065768AC913EA20740
310
062741EB1F253D0CC0061A0DB4A107A4074006EA1D21AB785E0BC006020CDA9AF2A5074006725E7AECF3460AC0066319516CE0A7074006EAB65DEC9D1F09C00B0B040000000004000000000400000000040000000006AF47E17A14AED73F06AF47E17A14AED7BF100B0B06AF47E17A14AED7BF06AF47E17A14AED7BF15FFFF
310
FFFF0A0600000000000000000A06000000000000F03F0B0B040100000006FCA9F1D24D62503F06A0A3F8543E7B4E3F04FFFFFFFF15000000000D046E75627304030000000403000000150000000015020000001500000000150000000004050000000417000000060000000000000000040300000006000000000000D03F04
310
0100000006000000000000E03F040100000006000000000000E83F040100000006000000000000F03F040300000006182D4454FB2109C004030000000681A50E15080408C0040200000006B4137CFC0B0407C0040200000006CA6542B67F5205C00402000000062C42A752F80604C0040200000006A27452D5F0E301C00402
310
00000006EC43429CC12700C0040200000006E8617CEDADC1FABF040200000006939A35A50C88F3BF0402000000067C4941AE1580E6BF04020000000618FBD2C7A4A4DFBF0402000000061C90CF7F0622C7BF04020000000600757CC9DC9B893F0402000000063EC150AF446EC03F040200000006F60BB2B020D0D73F040200
310
000006C26210648E3EE33F04020000000605B3AE2C9EF6E93F04020000000675215D2D2983F23F04020000000688DBB131EB77F93F0402000000066CA63D4263440140040200000006C2DB2D1968F804400402000000063A6AE6FBD27B0740040200000006182D4454FB2109400403000000060ECA03489999F93F06EA7FFF
310
4F5E68D6BF060AA3780EED1F0440063AE41A26A699F93F061426B56E7951D4BF064539D6543769044006AA4F7F03D04AF93F0654EB40CB9C23D0BF069A5D1028BDFB044006307B38A7C3F9F73F066A7A05F421A4C5BF06993B9EA501B60540068A3547E53901F63F064E721FB5740DBDBF06FE29B6565B320640064840D026
310
7E74F43F06546F15E3D3B4B9BF06E1DED23B5C4F0640067EB7B26E14AEF33F06EC920D9A1EB2B9BF066CB30278484F064006F4DE0DF96999F93F06BF744424C983D8BF065263DE6575470440066257C17EB79DF93F06B0C424A4A065D6BF06DEA7D956C0910440063C9EE4313655F93F06D5A30982E60DD2BF06086053854D
310
240540062A599F962F06F83F06C3E76A7E4277C8BF064B606CF9C8D7054006C8D449254409F63F061B27AD47F206C0BF061302A7BBC9460640062AC32FD12B77F43F067F86E9879BD3BABF06EAE5313E8957064006A8758FFD12AEF33F06F3A079F3C6EBB9BF064B18AA45ED50064006CA08DD4D2E80F93F06780C3B617F92
310
DABF06741DD582126E0440066A2B37D1C588F93F0658E8E77CAB71D8BF0692BA2331BFB9044006E00C1D66F747F93F06C8515EBC76F7D3BF061082FC7DF44C054006B4B45FC37200F83F0614A1D8F67D52CBBF0681D152540FFA0540067010A9AA2E07F63F06C193659D278EC1BF06843BAE699E5B06400678432154FC75F4
310
3F06AF989EF5EFF6BBBF06EE988775D75F064006D8051FD155ADF33F065A86EA394025BABF0634A7C1BB90520640061C9EE97D4339F93F06EAD5D64FF7D7DDBF06E9BA6E379CAB044006809570DE1E48F93F06647E684E40B8DBBF0656F41AD6F6F90440064229B9CB4F14F93F06D087392C4E0FD7BF0647A714ACFD8E0540
310
06E0F619F514DFF73F063D650E7617FECFBF06C4E599D94F3206400608A02D9FFBF5F53F0688F93BB60614C4BF064C74417E117E064006541CE3D3906EF43F0680079E66F6DEBDBF06781A3A38C16D0640064CDEBB4ACDAAF33F06F290E79F3B8EBABF06849CD5EC8E5506400632089523FF0EF93F06CE7E7501D027DFBF06
310
76B0B4AC59C4044006244156761D20F93F06D0DB0EA2E20ADDBF0664E84B5DFD130540063AC3C3EBD9F1F83F060872BC68BA52D8BF061EC2DA9215AA05400622EC7F87CBC6F73F0608B86559FAF5D0BF06262D0F2FA3490640060658C6E6D1E8F53F06DFC3412B7421C5BF06838068B5768C064006367E6B9C1169F43F068D
310
98D90B7CADBEBF064BDC767BA4730640068C64632323A9F33F06B82C2C673CBEBABF069F7B3044ED5606400646AE3D57F796F83F06596784B43D1AE1BF062E178CF0FBFD044006FE2181039EACF83F0616FA90308610E0BF061E0E95A2E1500540062CF88DC13A8BF83F0613BB7551364ADBBF068FCF797FE6E9054006D2B9
310
17ABFF7BF73F0609D315CBB73DD3BF06A0595EECEA800640064A1815FD5EBFF53F06B10A4E49CDA2C7BF06A287C446C5AE0640066494B37CA557F43F0683A77F65C54FC0BF066B497576D78106400662D18B41BAA3F33F063C63BB44DA39BBBF06D376A175735A064006D0AFC49E1345F83F062FB6680AA7D0E1BF06DE7A57
310
BE0F190540060A10EA72005CF83F06F4CD2DD5E9CAE0BF064EC083E6CB6D0540069AFE5E48A240F83F0662DF89301CB6DCBF065709ACC0B20806400634D0B4F55A43F73F061667DB11DE59D4BF062E6C9726FC9B064006303A24212A9FF53F062D9208F500E0C8BF061408EB88C8BF064006A61ACF00004AF43F061642409A
310
84CEC0BF06B9D7358A11890640066881D4B95C9FF33F06833250FF5D81BBBF0654FE2B657D5C064006205547F2F6B5F73F06E3DB218B16DBE2BF067FF76F7FB74005400622E55012BCCDF73F06546BA34808DCE1BF065AE682A94A980540065C683675B9BAF73F0682302BAC30CEDEBF0632A125973436064006188316F8DC
310
DBF63F06FF345B27EAFED5BF06988AE84930C4064006882127C67963F53F06BD6AFD433EB9CABF06ADE5C26531D9064006347D24194730F43F06C2079D2B4C8EC1BF06A513E2DF0094064006FEE54A52A096F33F06B61C6051E2F3BBBF064D52DD2CC15F0640068AE7E7BFDD77F73F06E465AA80763BE3BF06B9DF6A691B4F
310
0540069CC29399858FF73F06F41B700B423FE2BF069D40035BC9A70540068AE3B28F637FF73F06572F752D5892DFBF060D69CA37EB460640064E0E6E5967ADF63F06B3D8A6AA219AD6BF061876B7830DD30640068216899C6A48F53F060D05CB712069CBBF061A14AC28A6E2064006E6BF4B597F24F43F067013C72DB3D6C1
310
BF06012C7BB4219806400626E0AEB87C92F33F0640935FD8B821BCBF0654241FB70F6106400678AC1E136AD4F63F06EDE09BAE5619E4BF0653FCC68D4C70054006B800F17CF6EAF63F061E14DE003624E3BF069127D4FB9CCB0540063AC568CE20E1F63F0608C9F4954FACE0BF06BF692C8FB46D064006A0D11D4D7130F63F
310
0645B32D940503D8BF0622C6D308ABF5064006C408DC5220FFF43F06628BA03CEA03CDBF0682686613C0F8064006E80E2B274C04F43F06C062304D5281C2BF069AAA5334DCA10640064A66E26CD686F33F060F4C2EA13691BCBF06ABBF016A3D64064006EED7582CCA6FF63F06ED5F54023981E4BF068304A090E97F054006
310
40785A81D484F63F063FEB8B180390E3BF0654389C5791DC0540063AC33FC3907DF63F0631C2433F3C18E1BF06BA30721A3A80064006B02146E0C5E0F53F06D8B60D6526B0D8BF06A052006956060740063A9A1085E3CFF43F0632E1FE271CCBCDBF063DA45A507C0307400688F6228B40EFF33F0613D9200ECCD5C2BF060D
310
F76043ADA6064006AC708570E47EF33F06CE6AD7F958CCBCBF06AEC466FEEC65064006FE86AFFF95BBF53F06C0C6B2351E17E5BF06668167927A9605400664E8223A26CDF53F060F2A0297D42BE4BF0683E02F201EF5054006F468ACE23CC9F53F0682DA5D7BADB4E1BF066E1789E91E9B06400666FC977D714FF53F06828A
310
7C3EE3ABD9BF0698061C609B1E0740067856E8072B79F43F06CED3F5E9CFEDCEBF06AEA6FD572913074006A29A7DFF3EC8F33F066B1E76C6FB51C3BF06CE103FF7C1AD0640060870CF65C06FF33F0621EC494F4925BDBF061CC5D51876680640068C2C94318C6BF53F06039A4629F14BE5BF0679CBDE81739E054006D89D72
310
75457BF53F068ED66E43E462E4BF06E27173D7D0FD054006BEF2BBF25F78F53F06396FF31F34ECE1BF062D468DB7B0A406400634851DA3E30DF53F06C9FB96E9A705DABF066EBF081747270740060EC1D67AD951F43F063C654E1D0856CFBF06B80EAF40C918074006EC6D21056EB6F33F06D833CE33F87EC3BF0646B53B9C
310
52B0064006CE558BAEB068F33F0651F6539C8646BDBF06B21D61B06869064006946B6CB7B09CF43F066D61CFA812B8E5BF068A3D882EC9AE0540068A6CEFB936A7F43F06A19FB1A2B5D3E4BF06E5A775B5A70F0640065682670438A6F43F06B8231762265EE2BF06BF9390A558B80640064416967CED62F43F06E23A71BD2D
310
BEDABF06D6037FF11C3907400602310C70FCEAF33F0635153F9D5616D0BF06414E4DB45F24074006F6816EC79887F33F06F551BE1FF9DBC3BF06FF3D2C26A0B50640063661F8F9E155F33F06B731B195038CBDBF0612C1E2D5636B064006BAB53217A41EF43F06BF4D6AEE03DEE5BF06FFF2690D89B4054006CAD44B248E25
310
F43F062EFD999C6CFBE4BF06CBABCB8FF41506400664CB0E770125F43F063ABB7E7E7886E2BF06C0D54EA652BF064006EA3A48293BF9F33F069F93EFBBD5FFDABF06C7C00C36793F074006F4984C2F13ABF33F067E01A6E8C43CD0BF0604AFAFFE86280740062CD36601486AF33F062339BCBDAFFDC3BF06EEAC11408CB706
310
4006CECB2729DF49F33F06C722C2F617A6BDBF061656312C226C0640063AC2A7D944FDF23F06590E5CDC75FEE5BF06D9EE781173B90540067AEAAE4BB4FBF23F06FBFC9B0B5E1DE5BF063A347E56561B064006BCC3847DDCFBF23F06CBD2A548E7A8E2BF06814C282247C5064006F695B79DE705F33F064E4A76F8DA37DBBF
310
06D2C3C708E644074006CEDD0A93CB17F33F0635188135875DD0BF065FE95639112C0740068AAF45189E26F33F06E8A4EA355F1AC4BF06056FF3F52EB906400674B47D18082EF33F060A8166ED2BBCBDBF06EA27FE4DC36C0640063EF7C680215AF23F066B553D6FDEE8E5BF06A11E9D042CB60540066A42AD689F53F23F06
310
90842821BA06E5BF060F7F9A39BD17064006864A9EB1E953F23F06CCBD0611DA91E2BF062FAB575648C10640066202C5DE287CF23F0618DBFC753412DBBF064C9E72253F41074006AEC206D44DC4F23F06260C619F6947D0BF06771A6A02AD2907400616D9A2B42D00F33F06E7653430D706C4BF0656F87DDE11B8064006CE
310
C0FDAD201EF33F068EA98B58C8ACBDBF064564B1FD526C064006009EA05C75F8F03F0681805365275BE5BF06C0F082A7BDA0054006080AA15E71E8F03F064EB653F5B372E4BF064FA409724E000640062EC9516FFCEAF03F0628723B3A13FCE1BF06723BFB116BA70640061AA5D66EBB55F13F064BF28538301FDABF06D5E1
310
9B26BD29074006E801BC4EB612F23F06FC5D3BED8073CFBF06525B0813601A074006EC7944C804AFF23F06C98ADD1D8C8BC3BF06EDB81E340AB1064006E249BAB733FDF23F06E822448E814FBDBF063000CD3AAA69064006466EE7663039F03F06291078F579D9E4BF06E01CD1C41D8D05400642E0AF5AA424F03F0647AC22
310
2E18EBE3BF0624DCC773D2EA05400690EF2B966829F03F061CFDA51A9E72E1BF0612831CA3A98F064006D835985AABB8F03F06B933C81FCA3FD9BF061E0ED4C11D14074006DEAEC5C179B4F13F067479AD06A76ECEBF06EF181EEE480C074006F616AF635484F23F064CA282FCC119C3BF06B3FF7B428DAA064006C49585C2
310
4BECF23F061C49289AD4F8BCBF064E99DDA431670640062809708BE24BEE3F0654D7A574EE8CE3BF06B2E8D31C485B0540061025F25F031DEE3F063A1565FC3793E2BF062F0A71DAE8B4054006C057BF328438EE3F06AEE0B2844B1CE0BF06B28C31BD18550640069035B823AEC5EF3F06CABCA2D9E81DD7BF06C99DAE64AE
310
DF0640061844987D6D36F13F0653FD917FBFFECBBF063023941DB2EA0640067629D8EB954CF23F066B696C828914C2BF06C135E851A89B064006ECBED3B5B6D7F23F062F389F986E49BCBF067E13F587316206400648A1AAC80AACED3F06F94CBF1B341BE3BF06B3F73305464A054006E8302994597CED3F06C4A2E674E31D
310
E2BF062770192F8EA205400630ADCC3B6F9EED3F06E45DA7E0E04FDFBF06072961BF3B41064006E0DAC7FC5F4CEF3F06CCE5A9322065D6BF067519181FF6CD064006B8F08D86F312F13F0612AB99B48E2CCBBF06EF4E9E6663DF064006883F5E82103DF23F06E46DA58F5EBDC1BF069E0DF0F6AF96064006503F3F342CD2F2
310
3F068CEC5FD2C710BCBF069E702A12946006400670FCC8157A1BEC3F06B0E383A262B3E1BF06501D7533B014054006207088F27FEDEB3F069EA1E6F2BFACE0BF0676E99C141569054006B89EB016F725EC3F0649717B20627ADCBF06D3494BDF9A0306400690C9329C9B28EE3F06B4EA05A4862AD4BF06A52FAFCB72970640
310
065690DFBFA2BEF03F0647858B3943AAC8BF0605DCCEA8E4BC064006E4D8DC5EA618F23F069738123F52B8C0BF063E99FA8ACD870640067A05768AB6C5F23F068793C7452573BBBF0651A1059A155C06400600CD0157881EEB3F0665FA99C84C9EE0BF0663219EA58CEB044006C0468088C3F4EA3F06AFAA38812222DFBF06
310
689CDF250D3D054006C8B0C5A75140EB3F0640B89BF2E54EDABF06D5C950968ED405400610905FD3CB7AED3F065937E2C7B777D2BF068B313C05016E06400674C1A935788DF03F068CE3045C44C4C6BF0661963C4ED2A20640067ED688221104F23F06C6F2577156ECBFBF066C037B92BB7C0640063E89E0526CBFF23F06D9
310
0ED540BF05BBBF06C976512DF758064006183B2CE5C2E5E93F068AB58BCBD28CDBBF063892865F6D8004400648BAEEB77ED0E93F068A83BABFE96AD9BF0689119A77C6CC044006D8396D13B44AEA3F0697E1796D98E0D4BF06EBFFD774526005400650664D8E49D2EC3F0625DE69A01FAFCCBF06AF300C4E680A0640067E38
310
2EFB7260F03F0689A907C9D848C2BF06BB0927B28F65064006567E22F60BF1F13F06A46ADF5D1C82BCBF066904CF30CF63064006B21BBC1D66B9F23F06340A3FFDE140BABF064C934B665A5306400690B183F3B68EE93F06DF5D7046A5B3D8BF0660BCB2ABF74A04400678A7986D7385E93F069C3B7BD0DF93D6BF0622552E
310
C14295044006004B50261216EA3F06EF9DE0790A37D2BF06A75A296DAD2705400618B1F9B844B6EC3F069594A184FDB1C8BF06E3FF6D4781DA054006340A21A7355AF03F064E3A8F38A925C0BF0611C4AA806A48064006D0A67F9A23EEF13F06D8518934EDEABABF06449ABF6E3358064006F8003F5627B8F23F0682C27366
310
05F1B9BF06B75E478B1351064006F0FB580A18A2E93F06F52C5606060CD4BF06AF37AF52A2F3034006C867A87072ABE93F06C3E4EE5508FED1BF06B1D554E6DE3B04400698A5A9D0BA56EA3F060D99F30B5900CCBF064A2AB53D78CE044006400331EE61FBEC3F06859A0EBC407EC2BF06E67E6E806190054006E4D86511ED
310
6FF03F0614D7A64EDCB5B9BF06445BE0C49C1B064006FCFF0B7694F5F13F06C4FB77393775B8BF06041DFE9A3F460640066631B61273B8F23F06AE45BB1E6E71B9BF06511F6D58704D064006D08A9235DACAE93F066DD272269C5BD2BF0651584DD2EDD3034006C0FB04B894DAE93F06CEF4035DF056D0BF064229FC74AE1B
310
044006F074C9FD358DEA3F06253BFF2A48FFC8BF061FE80E9FC0AE04400620D9EA58F32BED3F0689B85A3FFC4DC0BF06B40C89F64976054006944C12F3507EF03F066B7978BF8F65B7BF067C3D9BA0E10B0640069428A727C9FAF13F067531546A2796B7BF06238280A1E33F0640061C2B63710FB9F23F06C7540D0ED241B9
310
BF06FEA81BE0144C064006B021BAB9C681EA3F06E766FFCF1B95CBBF06CDE75A7B0E7E034006A0FE7B95CBA0EA3F068628DAFA22C8C7BF065506107EF6C4034006181D5C27B260EB3F061E3BADA3ADF7C0BF0624525AC4015A044006881A8C1EF6DEED3F06199BD962F4F8B4BF066C55F075F6300540068C266A2F84B2F03F
310
06C3BB3FA3F23CB1BF0661D03E5901E205400642AA615E530EF23F062CF011D72339B5BF063F77A40CA42E064006ECDB8B1F43BCF23F06F5D6AD0537B2B8BF063C16FACBFC47064006D8C52C59033EEB3F06DA382FB7F639C7BF06EBBAAE74DD5403400648F1BF217961EB3F06C017A0AEB596C3BF06F3EB9E1DF89B034006
310
58745ED8601EEC3F0602B3D3C07283BABF06D2CE0C34DB320440065809D8925876EE3F069864DC809958AFBF067900465B6D110540062AEC8CA5ECDDF03F060EC77BF59CD5ACBF06AAFCD296D0CE054006CACD726F701FF23F0651DF52132F13B4BF06E66363AA42260640063E43197739C0F23F068097DD5D3E57B8BF067B
310
7B12DC6445064006C8222147C7A3EC3F064483C6AF1E9CC0BF0631FF32A4131603400620D9E4FE28CBEC3F06D6D962781D76BABF066D2BA25C9F5D034006D86128E1047CED3F06BE4FE23DEF92AEBF06B8D31BE87FF703400658496ECA308AEF3F068BC84445FF9E9EBF0634F85E8FA1E10440062ECF266B7D2DF13F06932D
310
B37B943AA4BF06BCE5D4B381B1054006BE8364645740F23F066F8581B3F044B2BF06BA720C111519064006E0C24CEFC9C9F23F066E075445FAB7B7BF067FC98A7CDA40064006581A9D6A1F55ED3F064AC28E3D8F69BCBF065CAB43C724FF024006286488E7477CED3F064CBBFE0469DDB5BF06A41682A6FD46034006F87208
310
581524EE3F06C6F382B75E85A6BF06EC20943528E2034006A65E941B8A06F03F06EAC3B9172E2993BF06E322019585D0044006543D73026253F13F0648CD0886AF1EA1BF06D27BC3F3E6A60540064C6BD923A650F23F06FC203542CB95B1BF067C2D58CB1614064006F825EB294DCFF23F0678CDAF0D5772B7BF0638A3EC3F
310
DE3E06400658C11F55B4A4EE3F066F3098D894CAB4BF066028933DB3DA024006804A93D7BFC9EE3F068ED0037EF52CADBF067E5263341623034006D8531D40195EEF3F06C0A077E9AB9793BF062D2EABA861C003400630DA1C5D4980F03F06F8D148DEF3DF50BF06B304646075B50440064E65FB06409AF13F0615DED8A953
310
5C98BF0685F304330A960540068EE4607C0170F23F06D374DF31007AB0BF065B371E95FF0B064006126E8A2DE6DAF23F06164BAF6187FBB6BF062D3DD2207B3B064006509C5687E143EF3F06B44B7FF4C1DFB1BF063C18D7B5B2CC024006283C16202067EF3F067A9796E6319EA7BF06477B3B6F5515034006B8965C6525F1
310
EF3F0628B00A1EE6D183BF0688F9C7BE80B30340063CBEFB1C08B9F03F063B709502CD4F773F06D059F96327AB0440069A742C4670BBF13F068B76727BE39294BF06CC370B82918F05400666DC98A4127FF23F06685957D6EC09B0BF064EE8999ECD0806400656FEE261E7E0F23F06DC9D810F1CC9B6BF06AB0026270B3A06
310
400648A1748E7872F03F06646AB85CBAD4A6BF06682798EAA4AD0240064AC9B0C42B81F03F069795009C5FA696BF061154BCEFDDF60240064A135B59E4B7F03F06FDF7CE0D31F5863F0688D6E15505970340069AE866E0604CF13F06D6BF2E153108953F062247E4A25E940440067A9B3B7FF611F23F065888D385CB5888BF
310
06883F2D4734810540061A719B690DA7F23F06C22B5423DB1BAEBF063A2827779E010640069652C5719BF1F23F0648567DF24254B6BF0607FFDF5BB6360640060AA39AC82DF2F03F0673B84108DF5CA1BF068D0D94AB6EA00240063A55833982FEF03F06AA036980248A88BF066672B1B5F2E902400634C21575B22BF13F06
310
7635102F5479943F0645DC47D7008B034006AA1BCAEF3DA5F13F06FC0CD3F3DE6C9B3F06F6ACDAADC38A044006F44F30728046F23F06090B82A3BB3281BF064FEAEEF9147B0540064C204D8D0CC0F23F0682AFEB933D3DADBF06CBE8511B72FE054006F4712EABD4FCF23F061BAC90D27F1CB6BF06B0D18A631F35064006AC
310
4AAAE8DC0FF23F069AA91D3120A691BF06CD427551C98B02400656AD40866816F23F06BC24ADF013796F3F06B20B2545C4D50240063AA186B8A42DF23F06F7FB37D97341A13F06A0AFC2F43C78034006E47527C0FA6AF23F06B706A41ADAB3A23F0668AB057CC37B044006CE0FE5EFD6BBF23F06A53E39D6E61168BF064F10
310
E0FD80710540063E97AC1FA4F8F23F06CA0E300B2BDFABBF064CE03FA374F905400680C600B60B17F33F06221A427AE2C3B5BF062082C9A69832064006EE0299E52BADF23F068850B3606B108BBF060971EC0BCA860240068869EE8C2BB0F23F0650234A3D92557F3F062A964897E4D0024006784E7EB0D7BAF23F06936B2F
310
1CC1F0A23F069237249FB873034006B8E491500FD7F23F068F38C7D1A1E6A33F0616250B362778044006FA024E8047FCF23F06D49B1FDC9F735ABF0621EA5BA32D6F05400666D2048D4518F33F06A314AF80E487ABBF063731D12736F8054006CEE1EC084526F33F06615631FDA0ACB5BF0624CB5CECEE31064006D2286330
310
C117F43F06146B624B1D3A8DBF06AD9B918A1988024006442C6612A412F43F06BFA462E5DE3B7B3F0682A6CC1B2CD2024006EA11A9F47000F43F0626203158407FA23F0662942094E874034006D6B72CB852D0F33F06857571CFE995A33F064430C72E1A79044006E07FA0ADDA90F33F06D365FD335C1160BF0627943594C9
310
6F05400660C611B91E61F33F06A09C18C6819EABBF06E144C6AD88F8054006A48358F63F49F33F063CD86A4F88B2B5BF06244275021A320640060420C60C12E5F43F068EB7FC942DC296BF067790EC89FF9102400672A0518B57DBF43F06209250C761D74CBF0669023185D1DB0240068681B982C2B8F43F0691A3E191AD56
310
9E3F06F3D4DF67D67D034006EA1A46FE655DF43F06C27E6032FD37A13F06B8E68EDB3C80044006D08232BAECE4F33F068FCB218C02C672BF060AB5A34665740540065C9D1DF6538AF33F06DAB359EFD34CACBF0669A8A0CD04FB054006D4F49518065DF33F06816654B0ABE1B5BF065BBBF7097233064006064BE5542262F6
310
3F06199519E1C966ACBF06B49D4AB30EBB024006A8A47FF3A051F63F068A99DADA419FA0BF069FF3A56B0304034006E63E92CE0113F63F06801EA657CC2E623F0626D0AAF24AA3034006C6396CDB4867F53F069A0D84A5B8F98C3F064ABC2A482F9E0440067082A27EFB81F43F064A91D6EE019B8FBF061D8AFDDB69870540
310
06F2876333BCD4F33F06017B40BC35F8AEBF06A7874292C20406400698546280197EF33F06C3BA835FAC88B6BF061FF473E03438064006B051BCD42E11F73F06CD37A2246BA0B3BF067ECE56D537D50240060E9036C211FEF63F06DD3EE75C1BEDAABF06465FD8D79B1D0340064C08679136B3F63F065288B9551D2F8FBF06
310
92FC583F1EBB03400658FFD32579E2F53F060025EE2A7BE65C3F0667E2EEB135B1044006BC7F9DF13ACAF43F068A73807F29DA96BF06F5DDA2577A93054006928D2BE712F6F33F061535D12D4C54B0BF060FAAAE69EC0A0640068CE56E09FB8BF33F061832294CBBF1B6BF06F4AE09A0333B064006529674DE0F3BF83F06DB
310
6C1C49CFBEC1BF0688026F61E220034006400E6B997127F83F062A40B1959EA3BCBF0665A0B97B5368034006DC9353053ACDF73F068C2291BE2334B1BF061AAC3F7FA60104400690ECD4C81EBEF63F061C906A71BB0BA2BF069F5C5649CBE9044006221CE5ADA049F53F0600738CB3CEB4A5BF062611FD0B8BB6054006383D
310
8D403E2DF43F061512172B5D96B2BF0658288052671B064006D4164733079FF33F0605A7EE1561D6B7BF066EA5F65DB841064006B231B11DDDB8F83F060C32DB2C90D4C5BF0603F0E2ABBD47034006AE99B362F9A5F83F065EBC49C0733AC2BF06F6BF4134B68E034006B0B00E0B8B46F83F0624C5F6AA9F0EB8BF0654ADE0
310
06E52504400602BC8E16251DF73F06FFDB4F6015C9ABBF0657B5EC39D206054006AEE12D023D80F53F06D63CD8D252F3AABF06571143F768C805400676937B31D343F43F0622F664A3CBB6B3BF065AFCC962A0230640067630607697A5F33F06B04267438041B8BF06DFE6E72CC644064006C8398B281763F93F06AC657F75
310
4163D0BF06BE3071D2EDAE0340069CFED979A457F93F06460B53A6F4D4CCBF068C72B90236F6034006548A712D90FAF83F06180AD15C2883C5BF06179EBACEF989044006D2D8840B0BB0F73F0698D6D1CDC28BBBBF060AE788061F580540069E5B1DBE14D5F53F0696BEAE8690B8B4BF064352B1B2B0F9054006346F2338B3
310
64F43F061317B5039992B6BF06EB88D94E7D3806400626C95D2279ACF33F06D14AF8C55D08B9BF060CF7758E714A0640069458D21FDF99F93F06B8263E4F024CD3BF06936BDC1090E503400686D179C6A493F93F06004E11D9D63FD1BF06D913676A5F2D0440063A5A9FBF753BF93F064A641A98919FCABF0648255461DABF
310
0440069699D2026DE7F73F063A1C5F738E78C1BF060E6BA55023840540061C96DC3B5BF5F53F0648210CC3FC9EB8BF062E7466893114064006DAAD96E18970F43F066DA82AF9710DB8BF06D15877414A43064006C60EAB8F16AEF33F06E497736AFF5CB9BF0659A61B39DB4C0640060ECA03489999F93F060480FF4F5E68D6
310
BF060CA3780EED1F0440063AE41A26A699F93F062E26B56E7951D4BF064739D6543769044006AA4F7F03D04AF93F066CEB40CB9C23D0BF069C5D1028BDFB044006307B38A7C3F9F73F068F7A05F421A4C5BF069B3B9EA501B60540068A3547E53901F63F067E721FB5740DBDBF06FF29B6565B320640064A40D0267E74F43F
310
06686F15E3D3B4B9BF06E2DED23B5C4F0640067EB7B26E14AEF33F06F4920D9A1EB2B9BF066CB30278484F064006A0A3F8543E7B4E3F0400000000040000000004000000000400000000040000000004000000000B040000000004000000000400000000100B0B0B0B110E0D4154545249425F435553544F4D0D0661747472
310
69620CFFFFFFFF04FFFFFFFF0CFFFFFFFF0CFFFFFFFF0C08000000071667656E657269635F7461675F6174747269625F6465660403000000040300000004FFFFFFFF071767656E657269635F7461675F6174747269625F646566200402000000040100000007013904000000000403000000045D0100000460010000046101
310
0000040000000004020000000702313004000000000403000000045D010000046001000004610100000400000000110D04666163650C1000000004FFFFFFFF0CFFFFFFFF0C110000000C120000000C050000000CFFFFFFFF0C130000000A0B110D046C6F6F700CFFFFFFFF04FFFFFFFF0CFFFFFFFF0C140000000C15000000
310
0C08000000110E04636F6E650D07737572666163650CFFFFFFFF04FFFFFFFF0CFFFFFFFF13343333293333F33F9074904EAF1DEEBF850F3A2A4BDBF73F1400000000000000805E0400000000E0BF264A58E87AB6EBBF14A09999999999D9BF00000000000000000000000000000000066EC3AC78B341EF3F0B0B0600000000
310
0000008006000000000000F03F06A09999999999D93F0A0B0B0B0B110D06636F656467650CFFFFFFFF04FFFFFFFF0CFFFFFFFF0C160000000C170000000C180000000C190000000A0C0900000004000000000C1A000000110E0D4154545249425F435553544F4D0D066174747269620CFFFFFFFF04FFFFFFFF0CFFFFFFFF0C
310
FFFFFFFF0C0C000000071667656E657269635F7461675F6174747269625F6465660403000000040300000004FFFFFFFF071767656E657269635F7461675F6174747269625F646566200401000000040100000007013104000000000403000000045D010000046001000004610100000400000000110D04666163650C1B0000
310
0004FFFFFFFF0CFFFFFFFF0C1C0000000C1D0000000C050000000CFFFFFFFF0C1E0000000B0B110D046C6F6F700CFFFFFFFF04FFFFFFFF0CFFFFFFFF0CFFFFFFFF0C1F0000000C0C000000110E05706C616E650D07737572666163650CFFFFFFFF04FFFFFFFF0CFFFFFFFF13343333293333F33F0A2374A8BB85C4BF14FF2A
310
124EBF0640140000000000000080061BC9E21F91E5BF5E0E461EF2A3E7BF14000000000000F0BF000000000000000000000000000000000A0B0B0B0B110D046C6F6F700CFFFFFFFF04FFFFFFFF0CFFFFFFFF0CFFFFFFFF0C200000000C08000000110D06636F656467650CFFFFFFFF04FFFFFFFF0CFFFFFFFF0C210000000C
310
210000000C220000000C230000000A0C0D00000004000000000CFFFFFFFF110D06636F656467650CFFFFFFFF04FFFFFFFF0CFFFFFFFF0C180000000C0F0000000C1F0000000C240000000A0C0900000004000000000C25000000110D06636F656467650CFFFFFFFF04FFFFFFFF0CFFFFFFFF0C0F0000000C180000000C2000
310
00000C260000000A0C0900000004000000000C27000000110D06636F656467650CFFFFFFFF04FFFFFFFF0CFFFFFFFF0C170000000C160000000C0F0000000C190000000B0C0900000004000000000C28000000110D04656467650CFFFFFFFF04FFFFFFFF0CFFFFFFFF0C29000000062A61A1892099D53C0C2A00000006FFED
310
D8F60423F93F0C0F0000000C2B0000000B070774616E67656E74110D067063757276650CFFFFFFFF04FFFFFFFF0CFFFFFFFF04000000000A0F0D0B6578705F7061725F6375720D046E756273040100000015000000000402000000062A61A1892099D53C040100000006FFEDD8F60423F93F040100000006000000000000F0
310
3F06182D4454FB2109C006000000000000000006182D4454FB2109C00600000000000000000D0673706C696E650B0F0D037265660400000000100B0B0B0B10060000000000000000060000000000000000110E0D4154545249425F435553544F4D0D066174747269620CFFFFFFFF04FFFFFFFF0CFFFFFFFF0CFFFFFFFF0C11
310
000000071667656E657269635F7461675F6174747269625F6465660403000000040300000004FFFFFFFF071767656E657269635F7461675F6174747269625F646566200401000000040100000007013804000000000403000000045D010000046001000004610100000400000000110D04666163650C2C00000004FFFFFFFF
310
0CFFFFFFFF0C2D0000000C2E0000000C050000000CFFFFFFFF0C2F0000000B0B110D046C6F6F700CFFFFFFFF04FFFFFFFF0CFFFFFFFF0CFFFFFFFF0C300000000C11000000110E0673706C696E650D07737572666163650CFFFFFFFF04FFFFFFFF0CFFFFFFFF0A0F0D0B726F745F73706C5F73757204105900000D07656C6C
310
6970736513343333293333F33F989999999999C9BF48D89F080ACBDF3F140000000000000080000000000000F03F000000000000000014A09999999999D9BF0000000000000000000000000000000006000000000000F03F0B0B13323333333333F33FFD5E62517679D6BFD70B8E17E184F23F14000000000000F0BF000000
310
0000000080000000000000008015000000000D056E75726273040200000004020000000D04626F746815020000001500000000150000000015000000000405000000040300000006182D4454FB2109C0040200000006182D4454FB21F9BF0402000000060000000000000000040200000006182D4454FB21F93F0402000000
310
06182D4454FB21094004020000000600000000000000000402000000061DB885DB9D7BF23F0402000000061DB885DB9D7B02400402000000069C99998F9999F93F06989999999999C9BF0648D89F080ACBDF3F06000000000000F03F069C99998F9999F93F06989999999999C9BF06A0FA18BCC1C5B83F06D13B7F669EA0E6
310
3F06343333293333F33F06989999999999C9BF06A0FA18BCC1C5B83F06000000000000F03F06989999859999E93F06989999999999C9BF06A0FA18BCC1C5B83F06D33B7F669EA0E63F06989999859999E93F06989999999999C9BF0648D89F080ACBDF3F06000000000000F03F06989999859999E93F06989999999999C9BF
310
06F4B81CD151B2EC3F06D63B7F669EA0E63F06343333293333F33F06989999999999C9BF06F4B81CD151B2EC3F06000000000000F03F069C99998F9999F93F06989999999999C9BF06F4B81CD151B2EC3F06D63B7F669EA0E63F069C99998F9999F93F06989999999999C9BF0648D89F080ACBDF3F06000000000000F03F06
310
9C99998F9999F93F062A8AF9EDB62DE4BF06D0598A0AED7CD93F06EFEAC5191ACFEA3F069C99998F9999F93F0600028C124D85ECBF0600D03F0F8FAC5CBF069B89A828F2F4E23F06343333293333F33F0600028C124D85ECBF0600D03F0F8FAC5CBF06EFEAC5191ACFEA3F06989999859999E93F0600028C124D85ECBF0600
310
D03F0F8FAC5CBF069D89A828F2F4E23F06989999859999E93F062A8AF9EDB62DE4BF06D0598A0AED7CD93F06EFEAC5191ACFEA3F06989999859999E93F06A724CE9241ACD7BF06B8F91152438BE93F069F89A828F2F4E23F06343333293333F33F06A724CE9241ACD7BF06B8F91152438BE93F06EFEAC5191ACFEA3F069C99
310
998F9999F93F06A724CE9241ACD7BF06B8F91152438BE93F069F89A828F2F4E23F069C99998F9999F93F062A8AF9EDB62DE4BF06D0598A0AED7CD93F06EFEAC5191ACFEA3F069C99998F9999F93F069993D25E3BA0ECBF0613433FEAA213E83F06000000000000F03F069C99998F9999F93F06D34875F6082BF4BF0670FCEE
310
809DE8E23F06D13B7F669EA0E63F06343333293333F33F06D34875F6082BF4BF0670FCEE809DE8E23F06000000000000F03F06989999859999E93F06D34875F6082BF4BF0670FCEE809DE8E23F06D33B7F669EA0E63F06989999859999E93F069993D25E3BA0ECBF0613433FEAA213E83F06000000000000F03F0698999985
310
9999E93F068995BAD064EAE0BF06B6898F53A83EED3F06D63B7F669EA0E63F06343333293333F33F068995BAD064EAE0BF06B6898F53A83EED3F06000000000000F03F069C99998F9999F93F068995BAD064EAE0BF06B6898F53A83EED3F06D63B7F669EA0E63F069C99998F9999F93F069993D25E3BA0ECBF0613433FEAA2
310
13E83F06000000000000F03F069C99998F9999F93F0683CED5E75F89F2BF069EAC9CA767B4F13F06EFEAC5191ACFEA3F069C99998F9999F93F06A790A4636B13FABF0663CCB2A4C8EFF23F069B89A828F2F4E23F06343333293333F33F06A790A4636B13FABF0663CCB2A4C8EFF23F06EFEAC5191ACFEA3F06989999859999
310
E93F06A790A4636B13FABF0663CCB2A4C8EFF23F069D89A828F2F4E23F06989999859999E93F0683CED5E75F89F2BF069EAC9CA767B4F13F06EFEAC5191ACFEA3F06989999859999E93F06BC180ED8A8FEE5BF06DA8C86AA0679F03F069F89A828F2F4E23F06343333293333F33F06BC180ED8A8FEE5BF06DA8C86AA0679F0
310
3F06EFEAC5191ACFEA3F069C99998F9999F93F06BC180ED8A8FEE5BF06DA8C86AA0679F03F069F89A828F2F4E23F069C99998F9999F93F0683CED5E75F89F2BF069EAC9CA767B4F13F06EFEAC5191ACFEA3F069C99998F9999F93F069074904EAF1DEEBF06850F3A2A4BDBF73F06000000000000F03F069C99998F9999F93F
310
06C3D6EF463BC9F3BF06BAE1FBBD842BFC3F06D13B7F669EA0E63F06343333293333F33F06C3D6EF463BC9F3BF06BAE1FBBD842BFC3F06000000000000F03F06989999859999E93F06C3D6EF463BC9F3BF06BAE1FBBD842BFC3F06D33B7F669EA0E63F06989999859999E93F069074904EAF1DEEBF06850F3A2A4BDBF73F06
310
000000000000F03F06989999859999E93F069C3B410FE8A8E4BF06503D7896118BF33F06D63B7F669EA0E63F06343333293333F33F069C3B410FE8A8E4BF06503D7896118BF33F06000000000000F03F069C99998F9999F93F069C3B410FE8A8E4BF06503D7896118BF33F06D63B7F669EA0E63F069C99998F9999F93F0690
310
74904EAF1DEEBF06850F3A2A4BDBF73F06000000000000F03F063A8C30E28E79453E0400000000040000000004000000000400000000040000000004000000000B100B0B0B0B110D06636F656467650CFFFFFFFF04FFFFFFFF0CFFFFFFFF0C1F0000000C1F0000000C160000000C240000000B0C1200000004000000000CFF
310
FFFFFF110D06636F656467650CFFFFFFFF04FFFFFFFF0CFFFFFFFF0C200000000C200000000C170000000C260000000B0C1400000004000000000CFFFFFFFF110D06636F656467650CFFFFFFFF04FFFFFFFF0CFFFFFFFF0C150000000C150000000C310000000C320000000A0C0D00000004000000000CFFFFFFFF110D0663
310
6F656467650CFFFFFFFF04FFFFFFFF0CFFFFFFFF0C310000000C330000000C150000000C230000000B0C1D00000004000000000C34000000110D04656467650CFFFFFFFF04FFFFFFFF0CFFFFFFFF0C3500000006182D4454FB2109C00C36000000069742B798B1F5A1BF0C220000000C370000000B0707756E6B6E6F776E11
310
0D04656467650CFFFFFFFF04FFFFFFFF0CFFFFFFFF0C2900000006182D4454FB2109C00C2900000006182D4454FB2109400C160000000C380000000B070774616E67656E74110D067063757276650CFFFFFFFF04FFFFFFFF0CFFFFFFFF04000000000B0F0D0B6578705F7061725F6375720D046E7562730401000000150200
310
0000040200000006182D4454FB2109C0040100000006182D4454FB210940040100000006000000000000F03F06182D4454FB2109C006000000000000F03F06182D4454FB2109400600000000000000000D0673706C696E650B0F0D037265660400000000100B0B0B0B10060000000000000000060000000000000000110D04
310
656467650CFFFFFFFF04FFFFFFFF0CFFFFFFFF0C2A00000006182D4454FB2109C00C2A00000006182D4454FB2109400C200000000C390000000B070774616E67656E74110D067063757276650CFFFFFFFF04FFFFFFFF0CFFFFFFFF04000000000A0F0D0B6578705F7061725F6375720D046E75627304010000001502000000
310
040200000006182D4454FB2109C0040100000006182D4454FB210940040100000006000000000000000006182D4454FB2109C006000000000000000006182D4454FB2109400600000000000000000D0673706C696E650B0F0D037265660400000000100B0B0B0B10060000000000000000060000000000000000110D067063
310
757276650CFFFFFFFF04FFFFFFFF0CFFFFFFFF04000000000B0F0D0372656604020000001006000000000000000006182D4454FB211940110D067665727465780CFFFFFFFF04FFFFFFFF0CFFFFFFFF0C1900000004000000000C3A000000110D067665727465780CFFFFFFFF04FFFFFFFF0CFFFFFFFF0C2600000004000000
310
000C3B000000110E07656C6C697073650D0563757276650CFFFFFFFF04FFFFFFFF0CFFFFFFFF137EB7B26E14AEF33FAE216A7C2962D6BF0EFB91647A1F044014A0F626ED3EEB523FD6E8D915F1A3E73F324B8EF11E91E5BF140000000000000000D879CDAB43EBCF3FE8C2859B707ED13F06000000000000F03F0A062A61A1
310
892099D53C0A06FFEDD8F60423F93F110E0D4154545249425F435553544F4D0D066174747269620CFFFFFFFF04FFFFFFFF0CFFFFFFFF0CFFFFFFFF0C1C000000071667656E657269635F7461675F6174747269625F6465660403000000040300000004FFFFFFFF071767656E657269635F7461675F6174747269625F646566
310
200401000000040100000007013304000000000403000000044F010000046001000004610100000400000000110D04666163650C3C00000004FFFFFFFF0CFFFFFFFF0CFFFFFFFF0C3D0000000C050000000CFFFFFFFF0C3E0000000B0B110D046C6F6F700CFFFFFFFF04FFFFFFFF0CFFFFFFFF0C3F0000000C400000000C1C
310
000000110E04636F6E650D07737572666163650CFFFFFFFF04FFFFFFFF0CFFFFFFFF13343333293333F33F9A9999999999E93F48D89F080ACBDF3F140000000000000080000000000000F03F000000000000008014A09999999999D9BF0000000000000000000000000000000006000000000000F03F0B0B06000000000000
310
008006000000000000F03F06A09999999999D93F0A0B0B0B0B110D06636F656467650CFFFFFFFF04FFFFFFFF0CFFFFFFFF0C410000000C420000000C400000000C430000000B0C1D00000004000000000C44000000110D06636F656467650CFFFFFFFF04FFFFFFFF0CFFFFFFFF0C420000000C220000000C210000000C3200
310
00000B0C1D00000004000000000C34000000110D04656467650CFFFFFFFF04FFFFFFFF0CFFFFFFFF0C36000000069742B798B1F5A1BF0C3500000006182D4454FB2109400C310000000C370000000B0707756E6B6E6F776E110D06636F656467650CFFFFFFFF04FFFFFFFF0CFFFFFFFF0C220000000C410000000C42000000
310
0C450000000B0C1D00000004000000000C46000000110D067063757276650CFFFFFFFF04FFFFFFFF0CFFFFFFFF04000000000A0F0D0B6578705F7061725F6375720D046E75627304010000001502000000040200000006182D4454FB2109C0040100000006182D4454FB210940040100000006182D4454FB210940061DB885
310
DB9D7B024006182D4454FB2109C0061DB885DB9D7B02400600000000000000000D0673706C696E650A0F0D037265660403000000100B0B0B0B10060000000000000000060000000000000000110D067665727465780CFFFFFFFF04FFFFFFFF0CFFFFFFFF0C4500000004010000000C47000000110D067665727465780CFFFF
310
FFFF04FFFFFFFF0CFFFFFFFF0C3200000004000000000C48000000110E07656C6C697073650D0563757276650CFFFFFFFF04FFFFFFFF0CFFFFFFFF13343333293333F33F9074904EAF1DEEBF850F3A2A4BDBF73F140000000000000080051BC9E21F91E5BF5D0E461EF2A3E7BF14A09999999999D9BF000000000000000000
310
0000000000000006000000000000F03F0B0B110E08696E7463757276650D0563757276650CFFFFFFFF04FFFFFFFF0CFFFFFFFF0A0F0D0D626C656E645F696E745F637572041059000015000000000D046E75627304030000001502000000041700000006182D4454FB2109C004030000000681A50E15080408C00402000000
310
06B4137CFC0B0407C0040200000006CA6542B67F5205C00402000000062C42A752F80604C0040200000006A27452D5F0E301C0040200000006EC43429CC12700C0040200000006E8617CEDADC1FABF040200000006939A35A50C88F3BF0402000000067C4941AE1580E6BF04020000000618FBD2C7A4A4DFBF040200000006
310
1C90CF7F0622C7BF04020000000600757CC9DC9B893F0402000000063EC150AF446EC03F040200000006F60BB2B020D0D73F040200000006C26210648E3EE33F04020000000605B3AE2C9EF6E93F04020000000675215D2D2983F23F04020000000688DBB131EB77F93F0402000000066CA63D4263440140040200000006C2
310
DB2D1968F804400402000000063A6AE6FBD27B0740040200000006182D4454FB2109400403000000067EB7B26E14AEF33F06EC920D9A1EB2B9BF066CB30278484F064006A8758FFD12AEF33F06F3A079F3C6EBB9BF064B18AA45ED50064006D8051FD155ADF33F065A86EA394025BABF0634A7C1BB90520640064CDEBB4ACD
310
AAF33F06F290E79F3B8EBABF06849CD5EC8E550640068C64632323A9F33F06B82C2C673CBEBABF069F7B3044ED5606400662D18B41BAA3F33F063C63BB44DA39BBBF06D376A175735A0640066881D4B95C9FF33F06833250FF5D81BBBF0654FE2B657D5C064006FEE54A52A096F33F06B61C6051E2F3BBBF064D52DD2CC15F
310
06400626E0AEB87C92F33F0640935FD8B821BCBF0654241FB70F610640064A66E26CD686F33F060F4C2EA13691BCBF06ABBF016A3D64064006AC708570E47EF33F06CE6AD7F958CCBCBF06AEC466FEEC650640060870CF65C06FF33F0621EC494F4925BDBF061CC5D5187668064006CE558BAEB068F33F0651F6539C8646BD
310
BF06B21D61B068690640063661F8F9E155F33F06B731B195038CBDBF0612C1E2D5636B064006CECB2729DF49F33F06C722C2F617A6BDBF061656312C226C06400674B47D18082EF33F060A8166ED2BBCBDBF06EA27FE4DC36C064006CEC0FDAD201EF33F068EA98B58C8ACBDBF064564B1FD526C064006E249BAB733FDF23F
310
06E822448E814FBDBF063000CD3AAA69064006C49585C24BECF23F061C49289AD4F8BCBF064E99DDA43167064006ECBED3B5B6D7F23F062F389F986E49BCBF067E13F5873162064006503F3F342CD2F23F068CEC5FD2C710BCBF069E702A1294600640067A05768AB6C5F23F068793C7452573BBBF0651A1059A155C064006
310
3E89E0526CBFF23F06D90ED540BF05BBBF06C976512DF758064006B21BBC1D66B9F23F06340A3FFDE140BABF064C934B665A53064006F8003F5627B8F23F0682C2736605F1B9BF06B75E478B13510640066631B61273B8F23F06AE45BB1E6E71B9BF06511F6D58704D0640061C2B63710FB9F23F06C7540D0ED241B9BF06FE
310
A81BE0144C064006ECDB8B1F43BCF23F06F5D6AD0537B2B8BF063C16FACBFC470640063E43197739C0F23F068097DD5D3E57B8BF067B7B12DC6445064006E0C24CEFC9C9F23F066E075445FAB7B7BF067FC98A7CDA40064006F825EB294DCFF23F0678CDAF0D5772B7BF0638A3EC3FDE3E064006126E8A2DE6DAF23F06164B
310
AF6187FBB6BF062D3DD2207B3B06400656FEE261E7E0F23F06DC9D810F1CC9B6BF06AB0026270B3A0640069652C5719BF1F23F0648567DF24254B6BF0607FFDF5BB636064006F4712EABD4FCF23F061BAC90D27F1CB6BF06B0D18A631F3506400680C600B60B17F33F06221A427AE2C3B5BF062082C9A69832064006CEE1EC
310
084526F33F06615631FDA0ACB5BF0624CB5CECEE31064006A48358F63F49F33F063CD86A4F88B2B5BF06244275021A32064006D4F49518065DF33F06816654B0ABE1B5BF065BBBF709723306400698546280197EF33F06C3BA835FAC88B6BF061FF473E034380640068CE56E09FB8BF33F061832294CBBF1B6BF06F4AE09A0
310
333B064006D4164733079FF33F0605A7EE1561D6B7BF066EA5F65DB8410640067630607697A5F33F06B04267438041B8BF06DFE6E72CC64406400626C95D2279ACF33F06D14AF8C55D08B9BF060CF7758E714A064006C60EAB8F16AEF33F06E497736AFF5CB9BF0659A61B39DB4C0640067EB7B26E14AEF33F06F4920D9A1E
310
B2B9BF066CB30278484F064006A0A3F8543E7B4E3F0D0673706C696E650B0F0D037265660400000000100B0B0B0B0D0C6E756C6C5F737572666163650D046E75627304010000001502000000040200000006182D4454FB2109C0040100000006182D4454FB210940040100000006000000000000F03F06182D4454FB2109C0
310
06000000000000F03F06182D4454FB2109400D066E756C6C62730B0B04000000000400000000040000000004000000000A100B0B110E08696E7463757276650D0563757276650CFFFFFFFF04FFFFFFFF0CFFFFFFFF0B0F0D0D626C656E645F696E745F637572041059000015000000000D046E756273040300000015020000
310
00041700000006182D4454FB2109C004030000000681A50E15080408C0040200000006B4137CFC0B0407C0040200000006CA6542B67F5205C00402000000062C42A752F80604C0040200000006A27452D5F0E301C0040200000006EC43429CC12700C0040200000006E8617CEDADC1FABF040200000006939A35A50C88F3BF
310
0402000000067C4941AE1580E6BF04020000000618FBD2C7A4A4DFBF0402000000061C90CF7F0622C7BF04020000000600757CC9DC9B893F0402000000063EC150AF446EC03F040200000006F60BB2B020D0D73F040200000006C26210648E3EE33F04020000000605B3AE2C9EF6E93F04020000000675215D2D2983F23F04
310
020000000688DBB131EB77F93F0402000000066CA63D4263440140040200000006C2DB2D1968F804400402000000063A6AE6FBD27B0740040200000006182D4454FB2109400403000000060ECA03489999F93F06EA7FFF4F5E68D6BF060AA3780EED1F044006F4DE0DF96999F93F06BF744424C983D8BF065263DE65754704
310
4006CA08DD4D2E80F93F06780C3B617F92DABF06741DD582126E0440061C9EE97D4339F93F06EAD5D64FF7D7DDBF06E9BA6E379CAB04400632089523FF0EF93F06CE7E7501D027DFBF0676B0B4AC59C404400646AE3D57F796F83F06596784B43D1AE1BF062E178CF0FBFD044006D0AFC49E1345F83F062FB6680AA7D0E1BF
310
06DE7A57BE0F19054006205547F2F6B5F73F06E3DB218B16DBE2BF067FF76F7FB7400540068AE7E7BFDD77F73F06E465AA80763BE3BF06B9DF6A691B4F05400678AC1E136AD4F63F06EDE09BAE5619E4BF0653FCC68D4C70054006EED7582CCA6FF63F06ED5F54023981E4BF068304A090E97F054006FE86AFFF95BBF53F06
310
C0C6B2351E17E5BF06668167927A960540068C2C94318C6BF53F06039A4629F14BE5BF0679CBDE81739E054006946B6CB7B09CF43F066D61CFA812B8E5BF068A3D882EC9AE054006BAB53217A41EF43F06BF4D6AEE03DEE5BF06FFF2690D89B40540063AC2A7D944FDF23F06590E5CDC75FEE5BF06D9EE781173B90540063E
310
F7C680215AF23F066B553D6FDEE8E5BF06A11E9D042CB6054006009EA05C75F8F03F0681805365275BE5BF06C0F082A7BDA0054006466EE7663039F03F06291078F579D9E4BF06E01CD1C41D8D0540062809708BE24BEE3F0654D7A574EE8CE3BF06B2E8D31C485B05400648A1AAC80AACED3F06F94CBF1B341BE3BF06B3F7
310
3305464A05400670FCC8157A1BEC3F06B0E383A262B3E1BF06501D7533B01405400600CD0157881EEB3F0665FA99C84C9EE0BF0663219EA58CEB044006183B2CE5C2E5E93F068AB58BCBD28CDBBF063892865F6D8004400690B183F3B68EE93F06DF5D7046A5B3D8BF0660BCB2ABF74A044006F0FB580A18A2E93F06F52C56
310
06060CD4BF06AF37AF52A2F3034006D08A9235DACAE93F066DD272269C5BD2BF0651584DD2EDD3034006B021BAB9C681EA3F06E766FFCF1B95CBBF06CDE75A7B0E7E034006D8C52C59033EEB3F06DA382FB7F639C7BF06EBBAAE74DD54034006C8222147C7A3EC3F064483C6AF1E9CC0BF0631FF32A41316034006581A9D6A
310
1F55ED3F064AC28E3D8F69BCBF065CAB43C724FF02400658C11F55B4A4EE3F066F3098D894CAB4BF066028933DB3DA024006509C5687E143EF3F06B44B7FF4C1DFB1BF063C18D7B5B2CC02400648A1748E7872F03F06646AB85CBAD4A6BF06682798EAA4AD0240060AA39AC82DF2F03F0673B84108DF5CA1BF068D0D94AB6E
310
A0024006AC4AAAE8DC0FF23F069AA91D3120A691BF06CD427551C98B024006EE0299E52BADF23F068850B3606B108BBF060971EC0BCA86024006D2286330C117F43F06146B624B1D3A8DBF06AD9B918A19880240060420C60C12E5F43F068EB7FC942DC296BF067790EC89FF91024006064BE5542262F63F06199519E1C966
310
ACBF06B49D4AB30EBB024006B051BCD42E11F73F06CD37A2246BA0B3BF067ECE56D537D5024006529674DE0F3BF83F06DB6C1C49CFBEC1BF0688026F61E220034006B231B11DDDB8F83F060C32DB2C90D4C5BF0603F0E2ABBD47034006C8398B281763F93F06AC657F754163D0BF06BE3071D2EDAE0340069458D21FDF99F9
310
3F06B8263E4F024CD3BF06936BDC1090E50340060ECA03489999F93F060480FF4F5E68D6BF060CA3780EED1F044006A0A3F8543E7B4E3F0D0673706C696E650B0F0D037265660400000000100B0B0B0B0D0C6E756C6C5F737572666163650D046E75627304010000001502000000040200000006182D4454FB2109C0040100
310
000006182D4454FB210940040100000006000000000000000006182D4454FB2109C006000000000000000006182D4454FB2109400D066E756C6C62730B0B04000000000400000000040000000004000000000A100B0B110D05706F696E740CFFFFFFFF04FFFFFFFF0CFFFFFFFF1380B7B26E14AEF33FFE920D9A1EB2B9BF6A
310
B30278484F0640110D05706F696E740CFFFFFFFF04FFFFFFFF0CFFFFFFFF130ECA03489999F93FEA7FFF4F5E68D6BF0AA3780EED1F0440110E0D4154545249425F435553544F4D0D066174747269620CFFFFFFFF04FFFFFFFF0CFFFFFFFF0CFFFFFFFF0C2D000000071667656E657269635F7461675F6174747269625F6465
310
660403000000040300000004FFFFFFFF071767656E657269635F7461675F6174747269625F646566200401000000040100000007013104000000000403000000044F010000046001000004610100000400000000110D046C6F6F700CFFFFFFFF04FFFFFFFF0CFFFFFFFF0CFFFFFFFF0C490000000C2D000000110E05706C61
310
6E650D07737572666163650CFFFFFFFF04FFFFFFFF0CFFFFFFFF13343333293333F33F9A9999999999E93F48D89F080ACBDF3F140000000000000000000000000000F03F000000000000000014000000000000F0BF000000000000000000000000000000000A0B0B0B0B110D046C6F6F700CFFFFFFFF04FFFFFFFF0CFFFFFF
310
FF0CFFFFFFFF0C4A0000000C1C000000110D06636F656467650CFFFFFFFF04FFFFFFFF0CFFFFFFFF0C4B0000000C4B0000000C300000000C430000000A0C2E00000004000000000CFFFFFFFF110D06636F656467650CFFFFFFFF04FFFFFFFF0CFFFFFFFF0C330000000C300000000C4B0000000C4C0000000B0C1D00000004
310
000000000C44000000110D06636F656467650CFFFFFFFF04FFFFFFFF0CFFFFFFFF0C300000000C310000000C330000000C450000000A0C1D00000004000000000C4D000000110D04656467650C4E00000004FFFFFFFF0CFFFFFFFF0C4F00000006182D4454FB2109C00C50000000060020000000B6A43C0C400000000C5100
310
00000B0707756E6B6E6F776E110D067063757276650CFFFFFFFF04FFFFFFFF0CFFFFFFFF04000000000A0F0D0B6578705F7061725F6375720D046E75627304010000001502000000040200000006182D4454FB2109C0040100000006182D4454FB210940040100000006182D4454FB2109C006000000000000000006182D44
310
54FB2109400600000000000000000600000000000000000D0673706C696E650A0F0D037265660403000000100B0B0B0B10060000000000000000060000000000000000110D04656467650CFFFFFFFF04FFFFFFFF0CFFFFFFFF0C4F0000000600000000000000000C35000000061FB885DB9D7B02400C420000000C52000000
310
0B070774616E67656E74110D067063757276650CFFFFFFFF04FFFFFFFF0CFFFFFFFF04000000000A0F0D0B6578705F7061725F6375720D046E756273040100000015000000000402000000061FB885DB9D7B02C00401000000060000000000000080040100000006182D4454FB2109C0061DB885DB9D7B024006182D4454FB
310
2109C00600000000000000000600000000000000000D0673706C696E650A0F0D037265660403000000100B0B0B0B10060000000000000000060000000000000000110D05706F696E740CFFFFFFFF04FFFFFFFF0CFFFFFFFF139C99998F9999F93F8F74904EAF1DEEBF850F3A2A4BDBF73F110D05706F696E740CFFFFFFFF04
310
FFFFFFFF0CFFFFFFFF13E00D7A8D9D9BE93FC4D409209572EEBF0F89ABED0402F83F110D06636F656467650C5300000004FFFFFFFF0CFFFFFFFF0C490000000C490000000C4A0000000C540000000A0C3D00000004000000000CFFFFFFFF110D06636F656467650C5500000004FFFFFFFF0CFFFFFFFF0C4A0000000C4A0000
310
000C490000000C540000000B0C3F00000004000000000CFFFFFFFF110D06636F656467650CFFFFFFFF04FFFFFFFF0CFFFFFFFF0C400000000C400000000C410000000C4C0000000A0C2E00000004000000000CFFFFFFFF110D04656467650C5600000004FFFFFFFF0CFFFFFFFF0C50000000060020000000B6A43C0C4F0000
310
0006182D4454FB2109400C4B0000000C510000000B0707756E6B6E6F776E110D067063757276650CFFFFFFFF04FFFFFFFF0CFFFFFFFF04000000000A0F0D0B6578705F7061725F6375720D046E7562730401000000150000000004020000000600000000000000000401000000061FB885DB9D7B0240040100000006182D44
310
54FB21094006000000000000000006182D4454FB210940061DB885DB9D7B02400600000000000000000D0673706C696E650A0F0D037265660403000000100B0B0B0B10060000000000000000060000000000000000110E0D4154545249425F435553544F4D0D066174747269620CFFFFFFFF04FFFFFFFF0CFFFFFFFF0CFFFF
310
FFFF0C43000000071667656E657269635F7461675F6174747269625F6465660403000000040300000004FFFFFFFF071767656E657269635F7461675F6174747269625F646566200401000000040200000007022D310400000000040100000004570100000400000000110D067665727465780CFFFFFFFF04FFFFFFFF0CFFFF
310
FFFF0C4300000004000000000C57000000110D067665727465780CFFFFFFFF04FFFFFFFF0CFFFFFFFF0C4300000004010000000C58000000110E07656C6C697073650D0563757276650CFFFFFFFF04FFFFFFFF0CFFFFFFFF13343333293333F33F989999999999C9BF48D89F080ACBDF3F1400000000000000800000000000
310
00F0BF000000000000008014A09999999999D9BF0000000000000000000000000000000006000000000000F03F0B0B110E07656C6C697073650D0563757276650CFFFFFFFF04FFFFFFFF0CFFFFFFFF139C99998F9999F93FFE5E62517679D6BFD60B8E17E184F23F14000000000000F0BF0000000000000080000000000000
310
008014000000000000000064242B095359C33F882BCC2A3D24E5BF06000000000000F03F0A0600000000000000000A061FB885DB9D7B0240110E0D4154545249425F435553544F4D0D066174747269620CFFFFFFFF04FFFFFFFF0CFFFFFFFF0CFFFFFFFF0C490000000711736B657463685F6174747269625F646566040100
310
000004010000000403000000070D31393020302030203020312031110D04656467650C5900000004FFFFFFFF0CFFFFFFFF0C5A00000006182D4454FB2109C00C5A00000006182D4454FB2109400C4A0000000C5B0000000B0707756E6B6E6F776E110E0D4154545249425F435553544F4D0D066174747269620CFFFFFFFF04
310
FFFFFFFF0CFFFFFFFF0CFFFFFFFF0C4A0000000711736B657463685F6174747269625F646566040100000004010000000403000000070D31393020302030203020312031110E0D4154545249425F435553544F4D0D066174747269620CFFFFFFFF04FFFFFFFF0CFFFFFFFF0CFFFFFFFF0C4C000000071667656E657269635F
310
7461675F6174747269625F6465660403000000040300000004FFFFFFFF071767656E657269635F7461675F6174747269625F646566200401000000040200000007022D310400000000040100000004570100000400000000110D05706F696E740CFFFFFFFF04FFFFFFFF0CFFFFFFFF139C99998F9999F93F989999999999C9
310
BF49D89F080ACBDF3F110D05706F696E740CFFFFFFFF04FFFFFFFF0CFFFFFFFF13989999859999E93F989999999999C9BF47D89F080ACBDF3F110E0D4154545249425F435553544F4D0D066174747269620CFFFFFFFF04FFFFFFFF0CFFFFFFFF0CFFFFFFFF0C54000000071667656E657269635F7461675F6174747269625F
310
6465660403000000040300000004FFFFFFFF071767656E657269635F7461675F6174747269625F646566200401000000040400000007042D31393004000000000401000000044F0100000400000000110D067665727465780CFFFFFFFF04FFFFFFFF0CFFFFFFFF0C5400000004000000000C5C000000110E07656C6C697073
310
650D0563757276650CFFFFFFFF04FFFFFFFF0CFFFFFFFF13343333293333F33F9A9999999999E93F48D89F080ACBDF3F140000000000000080000000000000F0BF000000000000008014A09999999999D9BF0000000000000000000000000000000006000000000000F03F0B0B110D05706F696E740CFFFFFFFF04FFFFFFFF
310
0CFFFFFFFF139C99998F9999F93F9A9999999999E93F49D89F080ACBDF3F110E03456E640E026F660E0341534D0D0464617461
  0
ACDSRECORD
 90
        0
  2
AcDbDs::ID
280
    10
320
87
  2
ASM_Data
280
    15
 94
    26721
310
414349532042696E61727946696C652855000000000000020000000C00000007104175746F6465736B204175746F434144071441534D203233312E302E302E3635353335204E540718536174204D61722032322031343A35393A31342032303235066666666666663940068DEDB5A0F7C6B03E06BBBDD7D9DF7CDB3D0D0961
310
736D6865616465720CFFFFFFFF04FFFFFFFF070D3233312E302E302E3635353335110D04626F64790C0200000004FFFFFFFF0CFFFFFFFF0C030000000CFFFFFFFF0CFFFFFFFF110E0D4154545249425F435553544F4D0D066174747269620CFFFFFFFF04FFFFFFFF0C040000000CFFFFFFFF0C01000000071454696D657374
310
616D705F6174747269625F646566040100000006286DDC0EBEC31843110D046C756D700CFFFFFFFF04FFFFFFFF0CFFFFFFFF0CFFFFFFFF0C050000000C01000000110E0D4154545249425F435553544F4D0D066174747269620CFFFFFFFF04FFFFFFFF0CFFFFFFFF0C020000000C01000000071667656E657269635F746167
310
5F6174747269625F6465660403000000040300000004FFFFFFFF071767656E657269635F7461675F6174747269625F64656620040100000004030000000703333538040100000004000000000400000000110D057368656C6C0CFFFFFFFF04FFFFFFFF0CFFFFFFFF0CFFFFFFFF0CFFFFFFFF0C060000000CFFFFFFFF0C0300
310
0000110D04666163650C0700000004FFFFFFFF0CFFFFFFFF0C080000000C090000000C050000000CFFFFFFFF0C0A0000000B0B110E0D4154545249425F435553544F4D0D066174747269620CFFFFFFFF04FFFFFFFF0CFFFFFFFF0CFFFFFFFF0C06000000071667656E657269635F7461675F6174747269625F646566040300
310
0000040300000004FFFFFFFF071767656E657269635F7461675F6174747269625F646566200401000000040100000007013104000000000403000000045E010000046601000004670100000400000000110D04666163650C0B00000004FFFFFFFF0CFFFFFFFF0C0C0000000C0D0000000C050000000CFFFFFFFF0C0E000000
310
0B0B110D046C6F6F700CFFFFFFFF04FFFFFFFF0CFFFFFFFF0CFFFFFFFF0C0F0000000C06000000110E0673706C696E650D07737572666163650CFFFFFFFF04FFFFFFFF0CFFFFFFFF0B0F0D1072625F626C656E645F73706C5F73757204105900000715626C656E645F737570706F72745F737572666163650D04636F6E6513
310
6666666B66660E404907E9F4DAE12740850F3A2A4BDBF73F1400000000000000805E0400000000E03F264A58E87AB6EBBF14A09999999999D93F00000000000000000000000000000000066EC3AC78B341EF3F0B0B06000000000000008006000000000000F03F06A09999999999D93F0A0B0B0B0B0D0A6E756C6C5F637572
310
76650D046E75627304030000001502000000041100000006182D4454FB2109C0040300000006A805DA6F760406C00403000000064BF4AB6DD7BB02C0040300000006B70538B0F1D7FCBF040300000006939A35A50C88F3BF0403000000067C4941AE1580E6BF04030000000618FBD2C7A4A4DFBF040300000006500F4E598C
310
4BC8BF04030000000600757CC9DC9B893F0403000000067006C016EA97CC3F0403000000063C62B5FB8C8AE13F04030000000678049D178A56F03F04030000000688DBB131EB77F93F0403000000066CA63D4263440140040300000006C2DB2D1968F804400403000000063A6AE6FBD27B0740040300000006182D4454FB21
310
09400403000000066319516CE0A707400646843925E5D822C0060557E55185AB07400630256C5F694D22C0064094002D08AF0740061C2038D98FE021C006E5DBCAAFF5B10740069B4E2713F29221C00619927AB40BB5074006F266D26F224121C006B36179AD93B7074006F89720DADF0321C006C510954590B90740062A55
310
124D90CB20C006EC6D11232CBC07400614E1C8629E8120C006739CAA38D9BD074006195E95CA1C4220C0068582D1869FBE0740069D29DC972E0420C006FC999BA775BF0740060DD0F7C59E821FC006B8058DD53EBF074006C2F60D611A021FC006C1F2D8DEF9BD0740063E0DC45499791EC0069B0806E1D8BC0740064F058D
310
8F34001EC0065D0EFC0BE2BA074006055B905EF7811DC006417089E90CB80740066060FC64D5EA1CC006850C7281E8B6074006C57FD5DEE3AD1CC006DE2054DA9FB50740069799A1C3B46C1CC00683C3C07F32B4074006FC08338C73231CC006FE10EA411DB20740065D9B9DD588B81BC006E8BB2AA0B7AF0740067194C6B5
310
643E1BC006077DD02A0DAD0740061AC0A00AB0941AC006683C0AEB47AB07400613469D9FFA231AC006DC1D041463A907400681547ED09A9619C0063F4EE1987EA7074006C0D1456DEC0519C006E822B59685A5074006223083B81C6F18C006E614341F93A3074006F9F2B8E535E517C006071BA02DC5A107400620EBDD9728
310
7717C0066A6A4FBEFD9E074006224E392BABCD16C0060D32BB94889C074006EAEAC51C205416C00605520E006E9A0740067D888BD364E815C006C14085AD5D97074006B1F9F9C3814B15C0064479BC9F099507400612E6AEEAE4CE14C006019ACC776A93074006634BBA6AA15914C006FC1534917591074006106A6ACD25CC
310
13C0068034FD608790074006BE157924054C13C006B9F963E59A90074006F957F7D6DDCA12C006DC227946AE9007400681F49D41A04A12C0068B6E19BDBF91074006DD890F46A3CA11C006B1650AF5D493074006A3D4ACDB193C11C006DACBC0928895074006D7078A9CA7C710C0064AB4980CEA97074006C6AA8421674B10
310
C00655032338009B07400649143025AC5A0FC00612DC5A81189D074006505E991F1D840EC006238EC2F3859F074006C19A239486900DC0065768AC913EA20740062741EB1F253D0CC0061A0DB4A107A4074006EA1D21AB785E0BC006020CDA9AF2A5074006725E7AECF3460AC0066319516CE0A7074006EAB65DEC9D1F09C0
310
130000000000000000000000000000000000000000000000000D066E756C6C627304000000000D066E756C6C62730715626C656E645F737570706F72745F737572666163650D05706C616E65136666666B66660E408CD0A1EE1652264014FF2A124EBF0640140000000000000000061BC9E21F91E5BF5E0E461EF2A3E73F14
310
000000000000F03F000000000000000000000000000000000B0B0B0B0B0D0A6E756C6C5F63757276650D066E756C6C6273130000000000000000000000000000000000000000000000000D066E756C6C627304000000000D066E756C6C62730D08696E7463757276650B0F0D0B6F66665F696E745F63757204105900001500
310
0000000D046E75627304050000001502000000041100000006182D4454FB2109C0040500000006A805DA6F760406C00402000000064BF4AB6DD7BB02C0040200000006B70538B0F1D7FCBF040200000006939A35A50C88F3BF0402000000067C4941AE1580E6BF04020000000618FBD2C7A4A4DFBF040200000006500F4E59
310
8C4BC8BF04020000000600757CC9DC9B893F0402000000067006C016EA97CC3F0402000000063C62B5FB8C8AE13F04020000000678049D178A56F03F04020000000688DBB131EB77F93F0402000000066CA63D4263440140040200000006C2DB2D1968F804400402000000063A6AE6FBD27B0740040200000006182D4454FB
310
21094004050000000641A4A6C8F5280E40060E51E34B11B32640060CFB91647A1F044006529282FDF6280E40069E691344D2B3264006264098913A220440060F6E51B4CB290E40063050C11593B4264006E36B1832FA240440064F10D7611E2D0E4006AEB613C106B6264006A9199479462A044006EEA1FF0955320E40065F
310
EA1E5044B7264006EABFED4BCD2E044006841E78B4013D0E4006F1181E89F9B82640066E645FCA08350440069412D487CA450E40065A82AB0CE2B92640062AE0234559380440064EF171EC06550E4006CA60F4F0DEBA26400652B5941CF43B04400634858970CA600E40065057880630BB264006C71A3C001C3D044006E152
310
6CA10D720E40063D3AD0FB0FBB2640067A383A13A73C04400641EE72296F7D0E4006B82EAE3A97BA26400693C35C6CEE3A0440062F4F59BB0B8A0E4006B9CC89A68FB92640066E5D59952C37044006ABCE873C94900E4006074E2FA0D0B8264006050F008173340440061DF0BB03BE980E4006A7D211CB80B72640063A76A2
310
FFA92F044006DE9B5FA65C9C0E40069E67F194C2B62640066F6123E3F32C044006D87C640F89A00E400604583DB799B52640066EEC9C93B828044006F6F32F87BAA20E40063F02BEF9B0B42640065A216545672504400693986EC522A40E4006011943D750B3264006F653C4466220044006F35A9448FCA30E4006D636BCE2
310
80B2264006D121576A6B1D044006AB094DE616A20E4006FB2080B41BB12640064DBAE5015418044006FD5B83AF7B9F0E40069DE105622CB02640069E48ECAEEA14044006506BAAEC21990E4006590BFF9A99AE264006BF23A2E22C0F04400638D1ED95BF920E4006C9EC493892AD2640068AC703C06B0B044006BE10DE1678
310
860E4006E263B8022DAC264006A044CF3C5406044006AE1EB9EB127C0E40067FF2AF7E78AB264006919FDC81C103044006BE8252B35B6B0E4006768B1E07EDAA26400604F2F291C40104400610BC07E04B5F0E4006760EA4ACF4AA26400667714079E001044006D893E9D0C54E0E400669B102EA94AB26400679EFA7362904
310
044006D66D5D4E9F440E40063E60DEEB53AC264006A2BF993AE2060440065AB77726C6380E4006E29DE247C2AD2640064903C4211B0C044006B2BFD076B4320E40064C2F8DB6CAAE2640069C353516E00F044006909B9154BF2C0E4006DD2F53625BB02640066387AD329615044006CAA23B1C5D2A0E4006172D2E4F47B126
310
4006DDD34320F318044006C13A53C52F290E4006ED6940F644B2264006D83383BE901C04400677F02825F5280E4006ADFE7626ABB2264006CD8C3AA5051E04400641A4A6C8F5280E40060E51E34B11B32640060CFB91647A1F0440060000000000408F400D05706C616E65136666666B66660E408CD0A1EE1652264014FF2A
310
124EBF0640140000000000000080061BC9E21F91E53F5E0E461EF2A3E7BF14000000000000F03F000000000000000000000000000000000A0B0B0B0B0D04636F6E65136666666B66660E404907E9F4DAE12740850F3A2A4BDBF73F1400000000000000805E0400000000E03F264A58E87AB6EBBF14A09999999999D93F0000
310
0000000000000000000000000000066EC3AC78B341EF3F0B0B06000000000000008006000000000000F03F06A09999999999D93F0A0B0B0B0B0D066E756C6C62730D046E75627304030000001502000000041100000006182D4454FB2109C0040300000006A805DA6F760406C00403000000064BF4AB6DD7BB02C004030000
310
0006B70538B0F1D7FCBF040300000006939A35A50C88F3BF0403000000067C4941AE1580E6BF04030000000618FBD2C7A4A4DFBF040300000006500F4E598C4BC8BF04030000000600757CC9DC9B893F0403000000067006C016EA97CC3F0403000000063C62B5FB8C8AE13F04030000000678049D178A56F03F0403000000
310
0688DBB131EB77F93F0403000000066CA63D4263440140040300000006C2DB2D1968F804400403000000063A6AE6FBD27B0740040300000006182D4454FB2109400403000000066319516CE0A707400646843925E5D822C0060557E55185AB07400630256C5F694D22C0064094002D08AF0740061C2038D98FE021C006E5DB
310
CAAFF5B10740069B4E2713F29221C00619927AB40BB5074006F266D26F224121C006B36179AD93B7074006F89720DADF0321C006C510954590B90740062A55124D90CB20C006EC6D11232CBC07400614E1C8629E8120C006739CAA38D9BD074006195E95CA1C4220C0068582D1869FBE0740069D29DC972E0420C006FC999B
310
A775BF0740060DD0F7C59E821FC006B8058DD53EBF074006C2F60D611A021FC006C1F2D8DEF9BD0740063E0DC45499791EC0069B0806E1D8BC0740064F058D8F34001EC0065D0EFC0BE2BA074006055B905EF7811DC006417089E90CB80740066060FC64D5EA1CC006850C7281E8B6074006C57FD5DEE3AD1CC006DE2054DA
310
9FB50740069799A1C3B46C1CC00683C3C07F32B4074006FC08338C73231CC006FE10EA411DB20740065D9B9DD588B81BC006E8BB2AA0B7AF0740067194C6B5643E1BC006077DD02A0DAD0740061AC0A00AB0941AC006683C0AEB47AB07400613469D9FFA231AC006DC1D041463A907400681547ED09A9619C0063F4EE1987E
310
A7074006C0D1456DEC0519C006E822B59685A5074006223083B81C6F18C006E614341F93A3074006F9F2B8E535E517C006071BA02DC5A107400620EBDD97287717C0066A6A4FBEFD9E074006224E392BABCD16C0060D32BB94889C074006EAEAC51C205416C00605520E006E9A0740067D888BD364E815C006C14085AD5D97
310
074006B1F9F9C3814B15C0064479BC9F099507400612E6AEEAE4CE14C006019ACC776A93074006634BBA6AA15914C006FC1534917591074006106A6ACD25CC13C0068034FD608790074006BE157924054C13C006B9F963E59A90074006F957F7D6DDCA12C006DC227946AE9007400681F49D41A04A12C0068B6E19BDBF9107
310
4006DD890F46A3CA11C006B1650AF5D493074006A3D4ACDB193C11C006DACBC0928895074006D7078A9CA7C710C0064AB4980CEA97074006C6AA8421674B10C00655032338009B07400649143025AC5A0FC00612DC5A81189D074006505E991F1D840EC006238EC2F3859F074006C19A239486900DC0065768AC913EA20740
310
062741EB1F253D0CC0061A0DB4A107A4074006EA1D21AB785E0BC006020CDA9AF2A5074006725E7AECF3460AC0066319516CE0A7074006EAB65DEC9D1F09C00B0B040000000004000000000400000000040000000006AF47E17A14AED73F06AF47E17A14AED7BF100B0B06AF47E17A14AED7BF06AF47E17A14AED7BF15FFFF
310
FFFF0A0600000000000000000A06000000000000F03F0B0B040100000006FCA9F1D24D62503F06A0A3F8543E7B4E3F04FFFFFFFF15000000000D046E75627304030000000403000000150000000015020000001500000000150000000004050000000417000000060000000000000000040300000006000000000000D03F04
310
0100000006000000000000E03F040100000006000000000000E83F040100000006000000000000F03F040300000006182D4454FB2109C004030000000681A50E15080408C0040200000006B4137CFC0B0407C0040200000006CA6542B67F5205C00402000000062C42A752F80604C0040200000006A27452D5F0E301C00402
310
00000006EC43429CC12700C0040200000006E8617CEDADC1FABF040200000006939A35A50C88F3BF0402000000067C4941AE1580E6BF04020000000618FBD2C7A4A4DFBF0402000000061C90CF7F0622C7BF04020000000600757CC9DC9B893F0402000000063EC150AF446EC03F040200000006F60BB2B020D0D73F040200
310
000006C26210648E3EE33F04020000000605B3AE2C9EF6E93F04020000000675215D2D2983F23F04020000000688DBB131EB77F93F0402000000066CA63D4263440140040200000006C2DB2D1968F804400402000000063A6AE6FBD27B0740040200000006182D4454FB210940040300000006F91AFE5B33330B4006FFFB7F
310
F242B32640060AA3780EED1F044006E38DF2EC2C330B400631A975CB8BA22640064539D65437690440062B5840FE975A0B40065B075AE61C812640069A5D1028BDFB04400668C2632C1E030C4006EA15D0879056264006993B9EA501B60540063B655C0D63FF0C4006E53E6AE91A3A264006FE29B6565B32064006DCDF97EC
310
C0C50D4006DF2AC6A76933264006E1DED23B5C4F06400641A4A6C8F5280E4006261B343D64332640066CB30278484F064006861079034B330B4006A62322491EC42640065263DE6575470440064F549F4024310B4006262621052DB3264006DEA7D956C091044006E2B00DE764550B40061F4D10346F90264006086053854D
310
240540066B53B034E8FC0B40069FABF909DD612640064B606CF9C8D70540069C155BED5DFB0C40069CB41EC91B402640061302A7BBC9460640066B1E68176AC40D40060DD30F37A735264006EAE5313E89570640062C453881F6280E400642F3E68DD7332640064B18AA45ED500640069B7B11D9E83F0B400664D809FB93D4
310
264006741DD582126E0440064B6A64179D3B0B4006433FE75B8DC326400692BA2331BFB90440069079F14C045C0B40068EF2E2B5BB9F2640061082FC7DF44C054006A625509EC6FF0B40068462DBF7496D26400681D152540FFA054006C877ABAA68FC0C40064F96759E3846264006843BAE699E5B064006445EEFD501C50D
310
4006313DEBDFED37264006EE988775D75F064006147D701755290E40060DD573804A3426400634A7C1BB9052064006F2300B415E630B4006AFB67EBABFEE264006E9BA6E379CAB04400640B5C790F05B0B4006F3437302C2DD26400656F41AD6F6F90440065F6B231AD8750B40063ECC61717AB826400647A714ACFD8E0540
310
069004738575100C40069539D85DF87F264006C4E599D94F32064006FC2F693002050D4006E6EFD81A50502640064C74417E117E064006D6710E96B7C80D40060F3CCDECBD3B264006781A3A38C16D064006DA10A25A992A0E400622CF3F771C35264006849CD5EC8E55064006E77B356E80780B4006F6AB0B803EF9264006
310
76B0B4AC59C40440066EDFD444F16F0B4006DE76101557E826400664E84B5DFD13054006631E1E0A13870B400690E345D395C22640061EC2DA9215AA054006EF09403C9A1C0C4006C02DCBD2AF87264006262D0F2FA349064006FDD39C0C970B0D40060F07ADD08554264006838068B5768C064006E540CA3177CB0D400631
310
B317F85A3D2640064BDC767BA473064006BA4D4E6E6E2B0E40065958CE787C352640069F7B3044ED56064006DD28615484B40B4006764648DBA3112740062E178CF0FBFD044006016F3FFEB0A90B4006A10F096308012740061E0E95A2E150054006EA03399F62BA0B4006D9AD8BB251DA2640068FCF797FE6E90540061723
310
742A00420C400698AE58BEED99264006A0595EECEA80064006DB73758150200D40062B3825358B5E264006A287C446C5AE064006CE35A6412DD40D40069EFE95153F412640066B497576D7810640064F173ADF222E0E4006C67689B47336264006D376A175735A06400618A89D3076DD0B4006638BA6700A1D274006DE7A57
310
BE0F19054006FBF78AC6FFD10B4006DFDC529DAE0C2740064EC083E6CB6D054006B380D0DBAEDF0B4006FB4E84E1B0E52640065709ACC0B208064006E6972585525E0C400639DB8EF0CEA22640062E6C9726FC9B064006E8E26DEF6A300D40064922D40380632640061408EB88C8BF064006AD7298FFFFDA0D400608016912
310
3A43264006B9D7358A11890640064CBF15A351300E400665A0FEBB023726400654FE2B657D5C0640067055DC8604250C4006BE1DB268B12D2740067FF76F7FB7400540066F8DD7F621190C4006B5368A84C01D2740065AE682A94A98054006D2CB6445A3220C40068459618571F626400632A12597343606400674BEF48311
310
920C4006A8D93A51F7AF264006988AE84930C40640063C6FEC1C434E0D4006ABF50FF9E46A264006ADE5C26531D906400666C16D73DCE70D40061F74AE303946264006A513E2DF0094064006018DDAD6AF340E400639C0A2C4E7372640064D52DD2CC15F0640063B0C0C2011440C40065EA60A68B733274006B9DF6A691B4F
310
054006B21E36333D380C4006BF01B720F4232740069D40035BC9A70540063B8E26384E400C40067BA96BC192FC2640060D69CA37EB46064006D9F848534CA90C4006C636550DD1B42640061876B7830DD3064006BF74BBB1CA5B0D4006142CC781A46D2640061A14AC28A6E20640060D205A53C0ED0D40064E1CB7CC5A4726
310
4006012C7BB42198064006ED8FA8A3C1360E400626BFB071433826400654241FB70F61064006C4A970F6CA950C40060FBEE96A954127400653FCC68D4C70054006A47F87C1848A0C400642E10D6043322740069127D4FB9CCB054006639DCB986F8F0C4006904C5FF9C40A274006BF692C8FB46D06400630177159C7E70C40
310
069A6DA12C18C026400622C6D308ABF50640069EFB91D66F800D40062E82F2A80F7426400682686613C0F80640068C786AECD9FD0D40068BC13449054A2640069AAA5334DCA1064006DBCC8EC9943C0E4006985C426D2239264006ABBF016A3D640640060994D3E91AC80C4006FF45259013482740068304A090E97F054006
310
E0C352BF95BD0C4006B4BE8831003927400654389C5791DC054006631E609E37C10C4006233CF4C38311274006BA30721A3A8006400628EFDC0F9D0F0D4006B76D283381C5264006A05200695606074006E3B2773D0E980D400685FB9F702C772640063DA45A507C03074006BC846EBA5F080E400664833830574B2640060D
310
F76043ADA6064006AA47BDC78D400E4006D6AEF3B19839264006AEC466FEEC65064006813C280035220D40066C2C5BE37151274006668167927A96054006CE8BEEE26C190D4006A1227049BD4227400683E02F201EF505400686CBA98E611B0D4006A8DDB5D74A1B2740066E1789E91E9B064006CD01344147580D400654E4
310
F3195FCD26400698061C609B1E074006C4D40B7C6AC30D40064FD7A73FB77B264006AEA6FD572913074006AF324180E01B0E40067AD819EF474D264006CE103FF7C1AD064006FC4718CD1F480E4006D8939E924A3A2640061CC5D5187668064006BAE935E7394A0D4006A0699412BF5427400679CBDE81739E05400614B146
310
455D420D400669ED36442E46274006E27173D7D0FD054006A106A206D0430D4006F436FF41C31E2740062D468DB7B0A4064006663D712E0E790D4006DEB74C3F2DD02640066EBF08174727074006799F944213D70D400695397520587D264006B80EAF40C9180740060A496FFDC8240E4006CF38CFE0FB4D26400646B53B9C
310
52B00640061955BAA8A74B0E4006EDA7380D8D3A264006B21D61B0686906400636CA49A4A7B10D400617F68C2A815B2740068A3D882EC9AE054006BB4908A364AC0D4006FA192B5A3B4D274006E5A775B5A70F064006D53ECCFDE3AC0D40063C722166E225274006BF9390A558B8064006DEF4B44189CE0D4006D789EB6DF1
310
D5264006D6037FF11C390740067FE7F9C7810A0E4006AAF8E9B4B280264006414E4DB45F2407400605BF489C333C0E400648F97EE46F4F264006FF3D2C26A0B506400665CF03030F550E400663622B07183B26400612C1E2D5636B06400623A566F4ADF00D4006DCA4E63EE05D274006FFF2690D89B40540069B15DAED38ED
310
0D4006D39FC9C9B64F274006CBABCB8FF4150640064E9A78447FED0D4006B4EBE7876728274006C0D54EA652BF0640068BE25B6B62030E40069D7CDFADFED7264006C7C00C36793F07400686B35968762A0E40060C304527E68126400604AFAFFE86280740066A964CFFDB4A0E4006E5F0F6BEF64F264006EEAC11408CB706
310
4006191A6C6B105B0E40064684ED2F4C3B2640061656312C226C064006E31E2C935D810E4006E6C0C55DE75F274006D9EE781173B9054006C38A28DA25820E4006D0BFB9E0D5512740063A347E56561B064006229E3DC111820E40062D5D8A748E2A274006814C282247C5064006053524310C7D0E400652B2C3D7BED92640
310
06D2C3C708E64407400619917A361A740E4006C208AC39EC822640065FE95639112C0740063B28DDF3B06C0E400694AAD77C6950264006056FF3F52EB9064006C625C1F3FB680E400602CDDA57783B264006EA27FE4DC36C06400661849C3FEFD20E400657D5F3E68D5E274006A11E9D042CB6054006CB5EA94B30D60E4006
310
498812A26B502740060F7F9A39BD17064006BDDA30270BD60E4006DD6B10A11D292740062FAB575648C1064006CF7E9D90EBC10E4006D9E6AFA391D82640064C9E72253F41074006A99EFC15D99D0E40066108FB4C3B82264006771A6A02AD290740067593AE25E97F0E400698D1C05C1B5026400656F87DDE11B806400699
310
1F01A9EF700E40065317B190593B2640064564B1FD526C06400600B1AF51C5830F400608385576B255274006C0F082A7BDA0054006FC7AAF50C78B0F4006653B553F2B472740064FA409724E00064006691B57C8818A0F400622B7A333C11F274006723BFB116BA706400673AD944822550F4006922FC481F9D0264006D5E1
310
9B26BD290740060CFFA1D8A4F60E400678EDB403CE7D264006525B0813601A0740060AC3DD9B7DA80E40062B7677302E4E264006EDB81E340AB10640060FDB222466810E400646881C039F3A2640063000CD3AAA69064006DD488CCC67E30F40060381579F974D274006E01CD1C41D8D054006DF0FA8D2ADED0F4006C42AE2
310
82B13E27400624DCC773D2EA0540063808EAB44BEB0F4006D25FAAE1291727400612831CA3A98F06400614E5B352AAA30F40069E41FE50FEC92640061E0ED4C11D1407400691281D1FC3250F4006E6B51A9CBA79264006EF181EEE480C074006857428CED5BD0E4006890AF207674C264006B3FF7B428DAA0640061E35BD1E
310
DA890E4006925034A9F1392640064E99DDA43167064006DBFE91AE8336104006755D4AE7CE38274006B2E8D31C485B0540065EBB01945F3C1040065451C67F33292740062F0A71DAE8B40540060815A879EF381040060B2E4BB8C401274006B28C31BD18550640064EF9883B4A07104006E615CD46EFB8264006C99DAE64AE
310
DF064006F4DD3341C9640F4006F547FEFDFA6F2640063023941DB2EA06400645EB130AB5D90E4006A6B109265248264006C135E851A89B0640068A2016A524940E4006703E31DD92382640067E13F5873162064006D7ABEAA67E4A104006D0F4BB41B331274006B3F73305464A054006E3D97ACD74501040062C6A4E37DE21
310
2740062770192F8EA20540065A6A8618324C104006EF3A05077FFA264006072961BF3B41064006A404670074161040062E4F950129B32640067519181FF6CD064006A407B93C86760F4006AC66D23AB26C264006EF4E9E6663DF0640063CE0D0BE77E10E4006B8953E7AF5462640069E0DF0F6AF960640065860E0E5E9960E
310
4006D9BFA48F21382640069E702A12946006400672E046BD907C1040063B3E282A361B274006501D7533B014054006FCF1AE0150821040061A6A2EFFCB0A27400676E99C14156905400629EC291D417B1040068ADB0311D3E3264006D3494BDF9A03064006CEA6798CEC3A104006562F203554A1264006A52FAFCB72970640
310
06D53710A0AEA00F4006152EE60CA96226400605DCCEA8E4BC0640068E9391D0ACF30E4006E248FC48E1422640063E99FA8ACD8706400643FDC4BA249D0E4006278F8B4AE63626400651A1059A155C06400660C61FF52E9C104006A69F89CCE40927400663219EA58CEB04400628F7EF8E67A110400655C5091411F9264006
310
689CDF250D3D054006E74907CBF597104006C2DD942F77D2264006D5C950968ED4054006FE0D9485A650104006BB113FBEBD932640068B313C05016E064006461F2BE543B90F40068E137011115B26400661963C4ED2A2064006C194BB6EF7FD0E4006E6AFE2ACD83F2640066C037B92BB7C06400661BB8FD649A00E40061E
310
AA817E0B36264006C976512DF7580640069D785AA347C3104006AC5D5C9666DC2640063892865F6D80044006B7280229F0C51040061CD4FD4D57CB26400689119A77C6CC044006C558927DA9B61040060DCF6BC304A7264006EBFFD7745260054006365336CEB66510400679A7817EBC72264006AF300C4E680A064006C1E3
310
6882C6CF0F4006A61E24632349264006BB0927B28F65064006D5C0EE047A070F4006D5BEBB3804392640066904CF30CF6306400627F221F14CA30E4006147EFAC381342640064C934B665A53064006CE898F2129CE104006EF82332A9DC526400660BCB2ABF74A04400611EB4C9251CF104006DDD983FE9EB426400622552E
310
C14295044006A0F635BB3DBD104006EF04CF53B891264006A75A296DAD27054006DDC9E0683769104006528612F6C762264006E3FF6D4781DA054006E67A6F2CE5D20F4006E93CE2A4964026400611C4AA806A48064006982CC032EE080F4006A41269DAD535264006449ABF6E3358064006847FE054ECA30E400685E7CC0A
310
E233264006B75E478B135106400682E0B4FEBCCB10400668B1323060A0264006AF37AF52A2F303400607F3EAB191CA1040062677AF42F08F264006B1D554E6DE3B0440064DCBEAA528B510400664CE2F6401702640064A2AB53D78CE04400698DF39C293601040066A3AF002F949264006E67E6E8061900540068E134D7709
310
C80F4006AE4D9DB86B33264006445BE0C49C1B0640060200FAC435050F4006F8EF726EEA30264006041DFE9A3F460640064DE7A476C6A30E40068B763DDCE232264006511F6D58704D064006A6AE4DB9A4C6104006939633E1DC9226400651584DD2EDD30340068860FF68ADC4104006A61FE882B7822640064229FC74AE1B
310
04400662D1464059AE104006EDFCAB20FD632640061FE80E9FC0AE044006DCA4E294815A104006E26AFDF03741264006B40C89F64976054006B6D97686D7C00F4006F3F07E1FCB2E2640067C3D9BA0E10B064006B66B2C6C9B020F400663A8D44E2C2F264006238280A1E33F064006726A4E4778A30E4006AA1A1CA4833226
310
4006FEA81BE0144C064006CABBC828C7AF1040069CFD3F6F546E264006CDE75A7B0E7E0340062C80508DE6AB104006A268EB8B205F2640065506107EF6C40340065D7C14BBE993104006ECB48EB6DE4326400624525AC4015A044006AF7C2E3C214410400636B3C5E8F1292640066C55F075F630054006BAEC4AE8BDA60F40
310
06787F46E5792226400661D03E5901E2054006DF2ACF50D6F80E4006E023AE47722A2640063F77A40CA42E0640060A123A70DEA10E4006AE5B0B6E64312640063C16FACBFC470640064567DA943F98104006E3BCDCDAE75C264006EBBAAE74DD54034006D701C8DBD0931040065F80BAD65A4E264006F3EB9E1DF89B034006
310
7531F4E4337C10400666A781E50635264006D2CE0C34DB32044006D5FEA4ED343110400665DC8099581F2640067900465B6D11054006EB8939AD09910F4006C77BF59CD51C264006AAFCD296D0CE0540061B9946C847F00E4006BFA5265E2628264006E66363AA4226064006615E7344E39F0E40062FBBBB7CAE302640067B
310
7B12DC6445064006A7DB1B17876B1040060D1ABF7A704226400631FF32A41316034006DC6423E09A66104006B4C5F03AEC342640066D2BA25C9F5D034006C5F3DA637F5010400650E23DEF921E264006B8D31BE87FF7034006D536B2E6B90E10400664A2A27F4F0F26400634F85E8FA1E104400669986C4A41690F40062EB3
310
7B943A14264006BCE5D4B381B105400621BECD4DD4DF0E40060B0367E18924264006BA720C111519064006909E59081B9B0E40060FA88AF46F2F2640067FC98A7CDA40064006B55CAC125C55104006851D7B1ED3382640065CAB43C724FF0240067BF30E03775010400677FD09D2BA2B264006A41682A6FD46034006A1F1FE
310
547D3B104006F482B75E8516264006EC20943528E2034006ADD035F2BAFC0F4006E2DC0B979409264006E322019585D00440065661C6FE4E560F4006CD0886AF1E11264006D27BC3F3E6A60540065A4A13EEACD70E4006426A84962B232640067C2D58CB1614064006046D0A6B59980E40069B5F1BAEE42E26400638A3EC3F
310
DE3E064006D5075C75692B1040066130B12995292640066028933DB3DA024006B0960D05C826104006D1037EF52C1D2640067E52633416230340068555FCD73C14104006D0BBF4D5CB092640062D2EABA861C0034006E8927151DBBF0F400647F29EFF8600264006B304646075B5044006594D82FCDF320F40066FECD4292E
310
0C26400685F304330A96054006B98DCF41FFC70E4006EABE6300F4202640065B371E95FF0B064006F7C83AE98C920E4006965EC30EF72D2640062D3DD2207B3B064006762C15CF831710400697FEE883BF232640063C18D7B5B2CC0240067B38FDFB1B131040069796E6319E17264006477B3B6F5515034006296D5453DB01
310
104006AC828779F40426400688F9C7BE80B3034006E22082F17BA30F400652AD5F0616FD254006D059F96327AB044006B3C5E9DC47220F40063BB9BD71490A264006CC370B82918F054006CD91B3AD76C00E4006B3AEACD913202640064EE8999ECD08064006D5800E4F8C8F0E40063C031F38922D264006AB0026270B3A06
310
40065CAFC5B8C3C60F40066AB85CBAD416264006682798EAA4AD0240065B9BA71D6ABF0F40064B00CE2F530B2640061154BCEFDDF60240065B7652D30DA40F4006428CBCB342FA25400688D6E1550597034006B38BCC8FCF590F4006A06875E77BF52540062247E4A25E94044006433262C004F70E4006E274E13216062640
310
06883F2D4734810540067347324B79AC0E40062C5423DB1B1E2640063A2827779E01064006B5561D4732870E4006ADFAE485A82C26400607FFDF5BB6360640067BAEB21BE9860F4006B84108DF5C112640068D0D94AB6EA002400663553EE3BE800F4006411A208922062640066672B1B5F2E9024006E61E75C5266A0F4006
310
E577E855C3F525400645DC47D7008B0340062BF21A08612D0F40067A16869049F2254006F6ACDAADC38A04400606D8E7C6BFDC0E400683E0E8AE4C042640064FEAEEF9147B054006DA6F59B9F99F0E4006B0EB933D3D1D264006CBE8511B72FE05400606C768AA95810E40065821A5FF382C264006B0D18A631F35064006AA
310
DAAA8B11F80E4006D58E1810D308264006CD427551C98B02400655A9DFBCCBF40E40062EF5C06E08FE254006B20B2545C4D502400663AFBCA32DE90E400604C8268CBEEE254006A0AFC2F43C780340060E45EC9F82CA0E4006F95BE5254CED25400668AB057CC37B04400619780D8814A20E400694636D1E81012640064F10
310
E0FD807105400661B429F0AD830E40060F300B2BDF1B2640064CE03FA374F9054006C09CFF247A740E40063484F4C4872B2640062082C9A69832064006897E330D6AA90E4006D42CD81AC4062640060971EC0BCA860240063CCB8839EAA70E4006BC56B84D15FC2540062A964897E4D0024006C4D8C02794A20E400694D0E3
310
3E0FED2540069237249FB873034006A40DB75778940E4006C7382E5E19EC25400616250B36277804400683FED83FDC810E4006FDE0FE9CD30026400621EA5BA32D6F054006CD967D39DD730E400615AF80E4871B2640063731D12736F8054006198F897BDD6C0E4006AD62FA41592B26400624CB5CECEE31064006976BCE67
310
1FF40D40069BD852874E07264006AD9B918A1988024006DEE9CCF6ADF60D4006AB53238498FC25400682A6CC1B2CD20240060B77AB85C7FF0D4006E0CEA7BF80ED25400662942094E87403400615A4E9A3D6170E40068A8E30166AEC2540064430C72E1A7904400610C02FA992370E4006D63FC315010126400627943594C9
310
6F054006D01C77A3704F0E40069D18C6819E1B264006E144C6AD88F80540062EBED304605B0E4006B0D59E10652B264006244275021A32064006FEEF9CF9768D0D40065C7ECA16610B2640067790EC89FF91024006C72F573A54920D4006421D875D730026400669023185D1DB0240063D3FA3BE9EA30D40062E0F37A9D4F0
310
254006F3D4DF67D67D0340068BF2DC004DD10D4006819FCD02C8EE254006B8E68EDB3C8004400698BEE6A2890D0E4006398451C058022640060AB5A34665740540065231F104D63A0E4006B459EFD34C1C26400669A8A0CD04FB0540069605B5F37C510E4006CDA86057C32B2640065BBBF70972330640067D5A8DD5EECE0C
310
40069519E1C9661C264006B49D4AB30EBB024006AC2D40862FD70C40069ADADA419F102640069FF3A56B03040340068DE0B6187FF60C40069E853A13DDFE25400626D0AAF24AA30340061DE349925B4C0D4006FD9ED691C1F82540064ABC2A482F9E044006C8BEAE4002BF0D4006A4B57BC0E6072640061D8AFDDB69870540
310
06073C4EE6A1150E40067B40BC35F81E264006A7874292C204064006B4D5CE3FF3400E40067607BF58112D2640061FF473E0343806400628D7A19568770C4006704449D640272640067ECE56D537D5024006F9B7E41EF7800C40063FE75C1BED1A264006465FD8D79B1D034006DA7B4CB764A60C4006626E55C7CB07264006
310
92FC583F1EBB0340065400166DC30E0D40068FA826CC18FF25400667E2EEB135B104400622403187E29A0D40063AC0BF146D0B264006F5DDA2577A9305400637396A8CF6040E40066AA25B98A8202640060FAAAE69EC0A0640063A8D487B023A0E400664529876E32D264006F4AE09A0333B064006D7B4C51078E20B4006B3
310
71243DFB4626400688026F61E220034006E0784A3347EC0B400680622B3D473926400665A0B97B5368034006123656FD62190C400645227D4768222640061AAC3F7FA601044006B889959BF0A00C4006906A71BB0B122640069F5C5649CBE9044006EF710DA92F5B0D4006738CB3CEB4152640062611FD0B8BB60540066461
310
B9DF60E90D4006242E56BA2C2526400658288052671B06400696745C667C300E40064EDD2BC2AC2F2640066EA5F65DB8410640062767277191A30B4006C86CB340525726400603F0E2ABBD470340062933A64E03AD0B4006F12601CFE948264006F6BF4134B68E034006A8A7787ABADC0B40068AED553F1D3026400654ADE0
310
06E525044006FFA1B8746D710C4006DC4F6015C91B26400657B5EC39D206054006290FE97EE13F0D40063DD8D252F31A264006571143F768C80540064536426716DE0D4006ECC946976D272640065AFCC962A023064006C5E7CF44342D0E400685CE86008330264006DFE6E72CC6440640061C63BA6B744E0B40062DFBAB0B
310
1A83264006BE3071D2EDAE034006B20013C32D540B40062D4C99D253732640068C72B90236F6034006D63A47E9B7820B4006284473A10C56264006179EBACEF98904400697933D7AFA270C4006ADA39B8517372640060AE788061F580540063152F1A075150D40067D5D0D2171292640064352B1B2B0F90540066648EE63A6
310
CD0D40062E6A0732252D264006EB88D94E7D380640066D1BD16EC3290E400696F08BBB10322640060CF7758E714A064006B6D3167010330B400636F17912609A264006936BDC1090E50340063D17C39C2D360B4006708AC8B6FE89264006D913676A5F2D044006E352302045620B4006916960467E6A26400648255461DABF
310
04400635B3967E490C0C4006717CCD39E2452640060E6BA5502384054006F2B4116252050D4006431886F93D312640062E746689311406400613A9340FBBC70D40065155F2E31A30264006D15877414A430640069D782AB8F4280E400630E7D4FEB93226400659A61B39DB4C064006F91AFE5B33330B400600FC7FF242B326
310
40060CA3780EED1F044006E38DF2EC2C330B400631A975CB8BA22640064739D65437690440062B5840FE975A0B40065B075AE61C812640069C5D1028BDFB04400668C2632C1E030C4006EA15D08790562640069B3B9EA501B60540063B655C0D63FF0C4006E53E6AE91A3A264006FF29B6565B32064006DBDF97ECC0C50D40
310
06DF2AC6A76933264006E2DED23B5C4F06400641A4A6C8F5280E4006261B343D64332640066CB30278484F064006A0A3F8543E7B4E3F0400000000040000000004000000000400000000040000000004000000000B040000000004000000000400000000100B0B0B0B110E0D4154545249425F435553544F4D0D0661747472
310
69620CFFFFFFFF04FFFFFFFF0CFFFFFFFF0CFFFFFFFF0C08000000071667656E657269635F7461675F6174747269625F6465660403000000040300000004FFFFFFFF071767656E657269635F7461675F6174747269625F646566200402000000040100000007013904000000000403000000045D0100000466010000046701
310
0000040000000004020000000702313004000000000403000000045D010000046601000004670100000400000000110D04666163650C1000000004FFFFFFFF0CFFFFFFFF0C110000000C120000000C050000000CFFFFFFFF0C130000000A0B110D046C6F6F700CFFFFFFFF04FFFFFFFF0CFFFFFFFF0C140000000C15000000
310
0C08000000110E04636F6E650D07737572666163650CFFFFFFFF04FFFFFFFF0CFFFFFFFF136666666B66660E404907E9F4DAE12740850F3A2A4BDBF73F1400000000000000805E0400000000E03F264A58E87AB6EBBF14A09999999999D93F00000000000000000000000000000000066EC3AC78B341EF3F0B0B0600000000
310
0000008006000000000000F03F06A09999999999D93F0A0B0B0B0B110D06636F656467650CFFFFFFFF04FFFFFFFF0CFFFFFFFF0C160000000C170000000C180000000C190000000A0C0900000004000000000C1A000000110E0D4154545249425F435553544F4D0D066174747269620CFFFFFFFF04FFFFFFFF0CFFFFFFFF0C
310
FFFFFFFF0C0C000000071667656E657269635F7461675F6174747269625F6465660403000000040300000004FFFFFFFF071767656E657269635F7461675F6174747269625F646566200401000000040100000007013104000000000403000000045D010000046601000004670100000400000000110D04666163650C1B0000
310
0004FFFFFFFF0CFFFFFFFF0C1C0000000C1D0000000C050000000CFFFFFFFF0C1E0000000B0B110D046C6F6F700CFFFFFFFF04FFFFFFFF0CFFFFFFFF0CFFFFFFFF0C1F0000000C0C000000110E05706C616E650D07737572666163650CFFFFFFFF04FFFFFFFF0CFFFFFFFF136666666B66660E408CD0A1EE1652264014FF2A
310
124EBF0640140000000000000000061BC9E21F91E53F5E0E461EF2A3E7BF14000000000000F03F000000000000000000000000000000000A0B0B0B0B110D046C6F6F700CFFFFFFFF04FFFFFFFF0CFFFFFFFF0CFFFFFFFF0C200000000C08000000110D06636F656467650CFFFFFFFF04FFFFFFFF0CFFFFFFFF0C210000000C
310
210000000C220000000C230000000A0C0D00000004000000000CFFFFFFFF110D06636F656467650CFFFFFFFF04FFFFFFFF0CFFFFFFFF0C180000000C0F0000000C1F0000000C240000000A0C0900000004000000000C25000000110D06636F656467650CFFFFFFFF04FFFFFFFF0CFFFFFFFF0C0F0000000C180000000C2000
310
00000C260000000A0C0900000004000000000C27000000110D06636F656467650CFFFFFFFF04FFFFFFFF0CFFFFFFFF0C170000000C160000000C0F0000000C190000000B0C0900000004000000000C28000000110D04656467650CFFFFFFFF04FFFFFFFF0CFFFFFFFF0C29000000062A61A1892099D53C0C2A00000006FFED
310
D8F60423F93F0C0F0000000C2B0000000B070774616E67656E74110D067063757276650CFFFFFFFF04FFFFFFFF0CFFFFFFFF04000000000A0F0D0B6578705F7061725F6375720D046E756273040100000015000000000402000000062A61A1892099D53C040100000006FFEDD8F60423F93F040100000006000000000000F0
310
3F06182D4454FB2109C006000000000000000006182D4454FB2109C00600000000000000000D0673706C696E650B0F0D037265660400000000100B0B0B0B10060000000000000000060000000000000000110E0D4154545249425F435553544F4D0D066174747269620CFFFFFFFF04FFFFFFFF0CFFFFFFFF0CFFFFFFFF0C11
310
000000071667656E657269635F7461675F6174747269625F6465660403000000040300000004FFFFFFFF071767656E657269635F7461675F6174747269625F646566200401000000040100000007013804000000000403000000045D010000046601000004670100000400000000110D04666163650C2C00000004FFFFFFFF
310
0CFFFFFFFF0C2D0000000C2E0000000C050000000CFFFFFFFF0C2F0000000B0B110D046C6F6F700CFFFFFFFF04FFFFFFFF0CFFFFFFFF0CFFFFFFFF0C300000000C11000000110E0673706C696E650D07737572666163650CFFFFFFFF04FFFFFFFF0CFFFFFFFF0A0F0D0B726F745F73706C5F73757204105900000D07656C6C
310
69707365136666666B66660E40666666666666264048D89F080ACBDF3F140000000000000000000000000000F0BF000000000000000014A09999999999D93F0000000000000000000000000000000006000000000000F03F0B0B136766666666660E40F8128BB2CBB32640D70B8E17E184F23F14000000000000F03F000000
310
0000000080000000000000008015000000000D056E75726273040200000004020000000D04626F746815020000001500000000150000000015000000000405000000040300000006182D4454FB2109C0040200000006182D4454FB21F9BF0402000000060000000000000000040200000006182D4454FB21F93F0402000000
310
06182D4454FB21094004020000000600000000000000000402000000061DB885DB9D7BF23F0402000000061DB885DB9D7B02400402000000063233333833330B400666666666666626400648D89F080ACBDF3F06000000000000F03F063233333833330B4006666666666666264006A0FA18BCC1C5B83F06D13B7F669EA0E6
310
3F066666666B66660E4006666666666666264006A0FA18BCC1C5B83F06000000000000F03F06CDCC4CCFCCCC104006666666666666264006A0FA18BCC1C5B83F06D33B7F669EA0E63F06CDCC4CCFCCCC10400666666666666626400648D89F080ACBDF3F06000000000000F03F06CDCC4CCFCCCC1040066666666666662640
310
06F4B81CD151B2EC3F06D63B7F669EA0E63F066666666B66660E4006666666666666264006F4B81CD151B2EC3F06000000000000F03F063233333833330B4006666666666666264006F4B81CD151B2EC3F06D63B7F669EA0E63F063233333833330B400666666666666626400648D89F080ACBDF3F06000000000000F03F06
310
3233333833330B4006A398DF6EDB42274006D0598A0AED7CD93F06EFEAC5191ACFEA3F063233333833330B400620C028D154C827400600D03F0F8FAC5CBF069B89A828F2F4E23F066666666B66660E400620C028D154C827400600D03F0F8FAC5CBF06EFEAC5191ACFEA3F06CDCC4CCFCCCC10400620C028D154C827400600
310
D03F0F8FAC5CBF069D89A828F2F4E23F06CDCC4CCFCCCC104006A398DF6EDB42274006D0598A0AED7CD93F06EFEAC5191ACFEA3F06CDCC4CCFCCCC1040062571960C62BD264006B8F91152438BE93F069F89A828F2F4E23F066666666B66660E40062571960C62BD264006B8F91152438BE93F06EFEAC5191ACFEA3F063233
310
333833330B40062571960C62BD264006B8F91152438BE93F069F89A828F2F4E23F063233333833330B4006A398DF6EDB42274006D0598A0AED7CD93F06EFEAC5191ACFEA3F063233333833330B40063A29EDB503CA27400613433FEAA213E83F06000000000000F03F063233333833330B40061AA9CE1E618528400670FCEE
310
809DE8E23F06D13B7F669EA0E63F066666666B66660E40061AA9CE1E618528400670FCEE809DE8E23F06000000000000F03F06CDCC4CCFCCCC1040061AA9CE1E618528400670FCEE809DE8E23F06D33B7F669EA0E63F06CDCC4CCFCCCC1040063A29EDB503CA27400613433FEAA213E83F06000000000000F03F06CDCC4CCF
310
CCCC10400659A90B4DA60E274006B6898F53A83EED3F06D63B7F669EA0E63F066666666B66660E400659A90B4DA60E274006B6898F53A83EED3F06000000000000F03F063233333833330B400659A90B4DA60E274006B6898F53A83EED3F06D63B7F669EA0E63F063233333833330B40063A29EDB503CA27400613433FEAA2
310
13E83F06000000000000F03F063233333833330B4006D0B9FAFC2B512840069EAC9CA767B4F13F06EFEAC5191ACFEA3F063233333833330B40061592746C6D4229400663CCB2A4C8EFF23F069B89A828F2F4E23F066666666B66660E40061592746C6D4229400663CCB2A4C8EFF23F06EFEAC5191ACFEA3F06CDCC4CCFCCCC
310
1040061592746C6D4229400663CCB2A4C8EFF23F069D89A828F2F4E23F06CDCC4CCFCCCC104006D0B9FAFC2B512840069EAC9CA767B4F13F06EFEAC5191ACFEA3F06CDCC4CCFCCCC1040068CE1808DEA5F274006DA8C86AA0679F03F069F89A828F2F4E23F066666666B66660E40068CE1808DEA5F274006DA8C86AA0679F0
310
3F06EFEAC5191ACFEA3F063233333833330B40068CE1808DEA5F274006DA8C86AA0679F03F069F89A828F2F4E23F063233333833330B4006D0B9FAFC2B512840069EAC9CA767B4F13F06EFEAC5191ACFEA3F063233333833330B40064907E9F4DAE1274006850F3A2A4BDBF73F06000000000000F03F063233333833330B40
310
06D8FADD682779284006BAE1FBBD842BFC3F06D13B7F669EA0E63F066666666B66660E4006D8FADD682779284006BAE1FBBD842BFC3F06000000000000F03F06CDCC4CCFCCCC104006D8FADD682779284006BAE1FBBD842BFC3F06D33B7F669EA0E63F06CDCC4CCFCCCC1040064907E9F4DAE1274006850F3A2A4BDBF73F06
310
000000000000F03F06CDCC4CCFCCCC104006BA13F4808E4A274006503D7896118BF33F06D63B7F669EA0E63F066666666B66660E4006BA13F4808E4A274006503D7896118BF33F06000000000000F03F063233333833330B4006BA13F4808E4A274006503D7896118BF33F06D63B7F669EA0E63F063233333833330B400649
310
07E9F4DAE1274006850F3A2A4BDBF73F06000000000000F03F063A8C30E28E79453E0400000000040000000004000000000400000000040000000004000000000B100B0B0B0B110D06636F656467650CFFFFFFFF04FFFFFFFF0CFFFFFFFF0C1F0000000C1F0000000C160000000C240000000B0C1200000004000000000CFF
310
FFFFFF110D06636F656467650CFFFFFFFF04FFFFFFFF0CFFFFFFFF0C200000000C200000000C170000000C260000000B0C1400000004000000000CFFFFFFFF110D06636F656467650CFFFFFFFF04FFFFFFFF0CFFFFFFFF0C150000000C150000000C310000000C320000000A0C0D00000004000000000CFFFFFFFF110D0663
310
6F656467650CFFFFFFFF04FFFFFFFF0CFFFFFFFF0C310000000C330000000C150000000C230000000B0C1D00000004000000000C34000000110D04656467650CFFFFFFFF04FFFFFFFF0CFFFFFFFF0C3500000006182D4454FB2109C00C36000000069742B798B1F5A1BF0C220000000C370000000B0707756E6B6E6F776E11
310
0D04656467650CFFFFFFFF04FFFFFFFF0CFFFFFFFF0C2900000006182D4454FB2109C00C2900000006182D4454FB2109400C160000000C380000000B070774616E67656E74110D067063757276650CFFFFFFFF04FFFFFFFF0CFFFFFFFF04000000000B0F0D0B6578705F7061725F6375720D046E7562730401000000150200
310
0000040200000006182D4454FB2109C0040100000006182D4454FB210940040100000006000000000000F03F06182D4454FB2109C006000000000000F03F06182D4454FB2109400600000000000000000D0673706C696E650B0F0D037265660400000000100B0B0B0B10060000000000000000060000000000000000110D04
310
656467650CFFFFFFFF04FFFFFFFF0CFFFFFFFF0C2A00000006182D4454FB2109C00C2A00000006182D4454FB2109400C200000000C390000000B070774616E67656E74110D067063757276650CFFFFFFFF04FFFFFFFF0CFFFFFFFF04000000000A0F0D0B6578705F7061725F6375720D046E75627304010000001502000000
310
040200000006182D4454FB2109C0040100000006182D4454FB210940040100000006000000000000000006182D4454FB2109C006000000000000000006182D4454FB2109400600000000000000000D0673706C696E650B0F0D037265660400000000100B0B0B0B10060000000000000000060000000000000000110D067063
310
757276650CFFFFFFFF04FFFFFFFF0CFFFFFFFF04000000000B0F0D0372656604020000001006000000000000000006182D4454FB211940110D067665727465780CFFFFFFFF04FFFFFFFF0CFFFFFFFF0C1900000004000000000C3A000000110D067665727465780CFFFFFFFF04FFFFFFFF0CFFFFFFFF0C2600000004000000
310
000C3B000000110E07656C6C697073650D0563757276650CFFFFFFFF04FFFFFFFF0CFFFFFFFF1341A4A6C8F5280E400D51E34B11B326400EFB91647A1F044014A0F626ED3EEB52BFD6E8D915F1A3E7BF324B8EF11E91E5BF140000000000000000D879CDAB43EBCFBFE8C2859B707ED13F06000000000000F03F0A062A61A1
310
892099D53C0A06FFEDD8F60423F93F110E0D4154545249425F435553544F4D0D066174747269620CFFFFFFFF04FFFFFFFF0CFFFFFFFF0CFFFFFFFF0C1C000000071667656E657269635F7461675F6174747269625F6465660403000000040300000004FFFFFFFF071767656E657269635F7461675F6174747269625F646566
310
200401000000040100000007013304000000000403000000044F010000046601000004670100000400000000110D04666163650C3C00000004FFFFFFFF0CFFFFFFFF0CFFFFFFFF0C3D0000000C050000000CFFFFFFFF0C3E0000000B0B110D046C6F6F700CFFFFFFFF04FFFFFFFF0CFFFFFFFF0C3F0000000C400000000C1C
310
000000110E04636F6E650D07737572666163650CFFFFFFFF04FFFFFFFF0CFFFFFFFF136666666B66660E40666666666666244048D89F080ACBDF3F140000000000000080000000000000F0BF000000000000008014A09999999999D93F0000000000000000000000000000000006000000000000F03F0B0B06000000000000
310
008006000000000000F03F06A09999999999D93F0A0B0B0B0B110D06636F656467650CFFFFFFFF04FFFFFFFF0CFFFFFFFF0C410000000C420000000C400000000C430000000B0C1D00000004000000000C44000000110D06636F656467650CFFFFFFFF04FFFFFFFF0CFFFFFFFF0C420000000C220000000C210000000C3200
310
00000B0C1D00000004000000000C34000000110D04656467650CFFFFFFFF04FFFFFFFF0CFFFFFFFF0C36000000069742B798B1F5A1BF0C3500000006182D4454FB2109400C310000000C370000000B0707756E6B6E6F776E110D06636F656467650CFFFFFFFF04FFFFFFFF0CFFFFFFFF0C220000000C410000000C42000000
310
0C450000000B0C1D00000004000000000C46000000110D067063757276650CFFFFFFFF04FFFFFFFF0CFFFFFFFF04000000000A0F0D0B6578705F7061725F6375720D046E75627304010000001502000000040200000006182D4454FB2109C0040100000006182D4454FB210940040100000006182D4454FB210940061DB885
310
DB9D7B024006182D4454FB2109C0061DB885DB9D7B02400600000000000000000D0673706C696E650A0F0D037265660403000000100B0B0B0B10060000000000000000060000000000000000110D067665727465780CFFFFFFFF04FFFFFFFF0CFFFFFFFF0C4500000004010000000C47000000110D067665727465780CFFFF
310
FFFF04FFFFFFFF0CFFFFFFFF0C3200000004000000000C48000000110E07656C6C697073650D0563757276650CFFFFFFFF04FFFFFFFF0CFFFFFFFF136666666B66660E404907E9F4DAE12740850F3A2A4BDBF73F140000000000000080051BC9E21F91E53F5D0E461EF2A3E7BF14A09999999999D93F000000000000000000
310
0000000000000006000000000000F03F0B0B110E08696E7463757276650D0563757276650CFFFFFFFF04FFFFFFFF0CFFFFFFFF0A0F0D0D626C656E645F696E745F637572041059000015000000000D046E75627304030000001502000000041700000006182D4454FB2109C004030000000681A50E15080408C00402000000
310
06B4137CFC0B0407C0040200000006CA6542B67F5205C00402000000062C42A752F80604C0040200000006A27452D5F0E301C0040200000006EC43429CC12700C0040200000006E8617CEDADC1FABF040200000006939A35A50C88F3BF0402000000067C4941AE1580E6BF04020000000618FBD2C7A4A4DFBF040200000006
310
1C90CF7F0622C7BF04020000000600757CC9DC9B893F0402000000063EC150AF446EC03F040200000006F60BB2B020D0D73F040200000006C26210648E3EE33F04020000000605B3AE2C9EF6E93F04020000000675215D2D2983F23F04020000000688DBB131EB77F93F0402000000066CA63D4263440140040200000006C2
310
DB2D1968F804400402000000063A6AE6FBD27B0740040200000006182D4454FB21094004030000000641A4A6C8F5280E4006261B343D64332640066CB30278484F0640062C453881F6280E400642F3E68DD7332640064B18AA45ED50064006147D701755290E40060DD573804A3426400634A7C1BB9052064006DA10A25A99
310
2A0E400622CF3F771C35264006849CD5EC8E55064006BA4D4E6E6E2B0E40065958CE787C352640069F7B3044ED560640064F173ADF222E0E4006C67689B47336264006D376A175735A0640064CBF15A351300E400665A0FEBB023726400654FE2B657D5C064006018DDAD6AF340E400639C0A2C4E7372640064D52DD2CC15F
310
064006ED8FA8A3C1360E400626BFB071433826400654241FB70F61064006DBCC8EC9943C0E4006985C426D2239264006ABBF016A3D64064006AA47BDC78D400E4006D6AEF3B19839264006AEC466FEEC65064006FC4718CD1F480E4006D8939E924A3A2640061CC5D51876680640061955BAA8A74B0E4006EDA7380D8D3A26
310
4006B21D61B0686906400665CF03030F550E400663622B07183B26400612C1E2D5636B064006191A6C6B105B0E40064684ED2F4C3B2640061656312C226C064006C625C1F3FB680E400602CDDA57783B264006EA27FE4DC36C064006991F01A9EF700E40065317B190593B2640064564B1FD526C0640060FDB222466810E40
310
0646881C039F3A2640063000CD3AAA690640061E35BD1EDA890E4006925034A9F1392640064E99DDA431670640068A2016A524940E4006703E31DD92382640067E13F58731620640065860E0E5E9960E4006D9BFA48F21382640069E702A12946006400643FDC4BA249D0E4006278F8B4AE63626400651A1059A155C064006
310
61BB8FD649A00E40061EAA817E0B36264006C976512DF75806400627F221F14CA30E4006147EFAC381342640064C934B665A53064006847FE054ECA30E400685E7CC0AE233264006B75E478B13510640064DE7A476C6A30E40068B763DDCE232264006511F6D58704D064006726A4E4778A30E4006AA1A1CA48332264006FE
310
A81BE0144C0640060A123A70DEA10E4006AE5B0B6E64312640063C16FACBFC47064006615E7344E39F0E40062FBBBB7CAE302640067B7B12DC6445064006909E59081B9B0E40060FA88AF46F2F2640067FC98A7CDA40064006046D0A6B59980E40069B5F1BAEE42E26400638A3EC3FDE3E064006F7C83AE98C920E4006965E
310
C30EF72D2640062D3DD2207B3B064006D5800E4F8C8F0E40063C031F38922D264006AB0026270B3A064006B5561D4732870E4006ADFAE485A82C26400607FFDF5BB63606400606C768AA95810E40065821A5FF382C264006B0D18A631F35064006C09CFF247A740E40063484F4C4872B2640062082C9A69832064006198F89
310
7BDD6C0E4006AD62FA41592B26400624CB5CECEE310640062EBED304605B0E4006B0D59E10652B264006244275021A320640069605B5F37C510E4006CDA86057C32B2640065BBBF7097233064006B4D5CE3FF3400E40067607BF58112D2640061FF473E034380640063A8D487B023A0E400664529876E32D264006F4AE09A0
310
333B06400696745C667C300E40064EDD2BC2AC2F2640066EA5F65DB841064006C5E7CF44342D0E400685CE86008330264006DFE6E72CC6440640066D1BD16EC3290E400696F08BBB10322640060CF7758E714A0640069D782AB8F4280E400630E7D4FEB93226400659A61B39DB4C06400641A4A6C8F5280E4006261B343D64
310
332640066CB30278484F064006A0A3F8543E7B4E3F0D0673706C696E650B0F0D037265660400000000100B0B0B0B0D0C6E756C6C5F737572666163650D046E75627304010000001502000000040200000006182D4454FB2109C0040100000006182D4454FB210940040100000006000000000000F03F06182D4454FB2109C0
310
06000000000000F03F06182D4454FB2109400D066E756C6C62730B0B04000000000400000000040000000004000000000A100B0B110E08696E7463757276650D0563757276650CFFFFFFFF04FFFFFFFF0CFFFFFFFF0B0F0D0D626C656E645F696E745F637572041059000015000000000D046E756273040300000015020000
310
00041700000006182D4454FB2109C004030000000681A50E15080408C0040200000006B4137CFC0B0407C0040200000006CA6542B67F5205C00402000000062C42A752F80604C0040200000006A27452D5F0E301C0040200000006EC43429CC12700C0040200000006E8617CEDADC1FABF040200000006939A35A50C88F3BF
310
0402000000067C4941AE1580E6BF04020000000618FBD2C7A4A4DFBF0402000000061C90CF7F0622C7BF04020000000600757CC9DC9B893F0402000000063EC150AF446EC03F040200000006F60BB2B020D0D73F040200000006C26210648E3EE33F04020000000605B3AE2C9EF6E93F04020000000675215D2D2983F23F04
310
020000000688DBB131EB77F93F0402000000066CA63D4263440140040200000006C2DB2D1968F804400402000000063A6AE6FBD27B0740040200000006182D4454FB210940040300000006F91AFE5B33330B4006FFFB7FF242B32640060AA3780EED1F044006861079034B330B4006A62322491EC42640065263DE65754704
310
40069B7B11D9E83F0B400664D809FB93D4264006741DD582126E044006F2300B415E630B4006AFB67EBABFEE264006E9BA6E379CAB044006E77B356E80780B4006F6AB0B803EF926400676B0B4AC59C4044006DD28615484B40B4006764648DBA3112740062E178CF0FBFD04400618A89D3076DD0B4006638BA6700A1D2740
310
06DE7A57BE0F190540067055DC8604250C4006BE1DB268B12D2740067FF76F7FB7400540063B0C0C2011440C40065EA60A68B733274006B9DF6A691B4F054006C4A970F6CA950C40060FBEE96A954127400653FCC68D4C700540060994D3E91AC80C4006FF45259013482740068304A090E97F054006813C280035220D4006
310
6C2C5BE37151274006668167927A96054006BAE935E7394A0D4006A0699412BF5427400679CBDE81739E05400636CA49A4A7B10D400617F68C2A815B2740068A3D882EC9AE05400623A566F4ADF00D4006DCA4E63EE05D274006FFF2690D89B4054006E31E2C935D810E4006E6C0C55DE75F274006D9EE781173B905400661
310
849C3FEFD20E400657D5F3E68D5E274006A11E9D042CB605400600B1AF51C5830F400608385576B255274006C0F082A7BDA0054006DD488CCC67E30F40060381579F974D274006E01CD1C41D8D054006DBFE91AE8336104006755D4AE7CE38274006B2E8D31C485B054006D7ABEAA67E4A104006D0F4BB41B331274006B3F7
310
3305464A05400672E046BD907C1040063B3E282A361B274006501D7533B01405400660C61FF52E9C104006A69F89CCE40927400663219EA58CEB0440069D785AA347C3104006AC5D5C9666DC2640063892865F6D80044006CE898F2129CE104006EF82332A9DC526400660BCB2ABF74A04400682E0B4FEBCCB10400668B132
310
3060A0264006AF37AF52A2F3034006A6AE4DB9A4C6104006939633E1DC9226400651584DD2EDD3034006CABBC828C7AF1040069CFD3F6F546E264006CDE75A7B0E7E0340064567DA943F98104006E3BCDCDAE75C264006EBBAAE74DD54034006A7DB1B17876B1040060D1ABF7A704226400631FF32A41316034006B55CAC12
310
5C55104006851D7B1ED3382640065CAB43C724FF024006D5075C75692B1040066130B12995292640066028933DB3DA024006762C15CF831710400697FEE883BF232640063C18D7B5B2CC0240065CAFC5B8C3C60F40066AB85CBAD416264006682798EAA4AD0240067BAEB21BE9860F4006B84108DF5C112640068D0D94AB6E
310
A0024006AADAAA8B11F80E4006D58E1810D308264006CD427551C98B024006897E330D6AA90E4006D42CD81AC4062640060971EC0BCA86024006976BCE671FF40D40069BD852874E07264006AD9B918A1988024006FEEF9CF9768D0D40065C7ECA16610B2640067790EC89FF910240067D5A8DD5EECE0C40069519E1C9661C
310
264006B49D4AB30EBB02400628D7A19568770C4006704449D640272640067ECE56D537D5024006D7B4C51078E20B4006B371243DFB4626400688026F61E2200340062767277191A30B4006C86CB340525726400603F0E2ABBD470340061C63BA6B744E0B40062DFBAB0B1A83264006BE3071D2EDAE034006B6D3167010330B
310
400636F17912609A264006936BDC1090E5034006F91AFE5B33330B400600FC7FF242B32640060CA3780EED1F044006A0A3F8543E7B4E3F0D0673706C696E650B0F0D037265660400000000100B0B0B0B0D0C6E756C6C5F737572666163650D046E75627304010000001502000000040200000006182D4454FB2109C0040100
310
000006182D4454FB210940040100000006000000000000000006182D4454FB2109C006000000000000000006182D4454FB2109400D066E756C6C62730B0B04000000000400000000040000000004000000000A100B0B110D05706F696E740CFFFFFFFF04FFFFFFFF0CFFFFFFFF1340A4A6C8F5280E40261B343D643326406A
310
B30278484F0640110D05706F696E740CFFFFFFFF04FFFFFFFF0CFFFFFFFF13F91AFE5B33330B40FFFB7FF242B326400AA3780EED1F0440110E0D4154545249425F435553544F4D0D066174747269620CFFFFFFFF04FFFFFFFF0CFFFFFFFF0CFFFFFFFF0C2D000000071667656E657269635F7461675F6174747269625F6465
310
660403000000040300000004FFFFFFFF071767656E657269635F7461675F6174747269625F646566200401000000040100000007013104000000000403000000044F010000046601000004670100000400000000110D046C6F6F700CFFFFFFFF04FFFFFFFF0CFFFFFFFF0CFFFFFFFF0C490000000C2D000000110E05706C61
310
6E650D07737572666163650CFFFFFFFF04FFFFFFFF0CFFFFFFFF136666666B66660E40666666666666244048D89F080ACBDF3F140000000000000000000000000000F0BF000000000000000014000000000000F03F000000000000000000000000000000000A0B0B0B0B110D046C6F6F700CFFFFFFFF04FFFFFFFF0CFFFFFF
310
FF0CFFFFFFFF0C4A0000000C1C000000110D06636F656467650CFFFFFFFF04FFFFFFFF0CFFFFFFFF0C4B0000000C4B0000000C300000000C430000000A0C2E00000004000000000CFFFFFFFF110D06636F656467650CFFFFFFFF04FFFFFFFF0CFFFFFFFF0C330000000C300000000C4B0000000C4C0000000B0C1D00000004
310
000000000C44000000110D06636F656467650CFFFFFFFF04FFFFFFFF0CFFFFFFFF0C300000000C310000000C330000000C450000000A0C1D00000004000000000C4D000000110D04656467650C4E00000004FFFFFFFF0CFFFFFFFF0C4F00000006182D4454FB2109C00C50000000060020000000B6A43C0C400000000C5100
310
00000B0707756E6B6E6F776E110D067063757276650CFFFFFFFF04FFFFFFFF0CFFFFFFFF04000000000A0F0D0B6578705F7061725F6375720D046E75627304010000001502000000040200000006182D4454FB2109C0040100000006182D4454FB210940040100000006182D4454FB2109C006000000000000000006182D44
310
54FB2109400600000000000000000600000000000000000D0673706C696E650A0F0D037265660403000000100B0B0B0B10060000000000000000060000000000000000110D04656467650CFFFFFFFF04FFFFFFFF0CFFFFFFFF0C4F0000000600000000000000000C35000000061FB885DB9D7B02400C420000000C52000000
310
0B070774616E67656E74110D067063757276650CFFFFFFFF04FFFFFFFF0CFFFFFFFF04000000000A0F0D0B6578705F7061725F6375720D046E756273040100000015000000000402000000061FB885DB9D7B02C00401000000060000000000000080040100000006182D4454FB2109C0061DB885DB9D7B024006182D4454FB
310
2109C00600000000000000000600000000000000000D0673706C696E650A0F0D037265660403000000100B0B0B0B10060000000000000000060000000000000000110D05706F696E740CFFFFFFFF04FFFFFFFF0CFFFFFFFF133233333833330B404907E9F4DAE12740850F3A2A4BDBF73F110D05706F696E740CFFFFFFFF04
310
FFFFFFFF0CFFFFFFFF1344BE504E8CCC10404C9D005229E727400F89ABED0402F83F110D06636F656467650C5300000004FFFFFFFF0CFFFFFFFF0C490000000C490000000C4A0000000C540000000A0C3D00000004000000000CFFFFFFFF110D06636F656467650C5500000004FFFFFFFF0CFFFFFFFF0C4A0000000C4A0000
310
000C490000000C540000000B0C3F00000004000000000CFFFFFFFF110D06636F656467650CFFFFFFFF04FFFFFFFF0CFFFFFFFF0C400000000C400000000C410000000C4C0000000A0C2E00000004000000000CFFFFFFFF110D04656467650C5600000004FFFFFFFF0CFFFFFFFF0C50000000060020000000B6A43C0C4F0000
310
0006182D4454FB2109400C4B0000000C510000000B0707756E6B6E6F776E110D067063757276650CFFFFFFFF04FFFFFFFF0CFFFFFFFF04000000000A0F0D0B6578705F7061725F6375720D046E7562730401000000150000000004020000000600000000000000000401000000061FB885DB9D7B0240040100000006182D44
310
54FB21094006000000000000000006182D4454FB210940061DB885DB9D7B02400600000000000000000D0673706C696E650A0F0D037265660403000000100B0B0B0B10060000000000000000060000000000000000110E0D4154545249425F435553544F4D0D066174747269620CFFFFFFFF04FFFFFFFF0CFFFFFFFF0CFFFF
310
FFFF0C43000000071667656E657269635F7461675F6174747269625F6465660403000000040300000004FFFFFFFF071767656E657269635F7461675F6174747269625F646566200401000000040200000007022D310400000000040100000004570100000400000000110D067665727465780CFFFFFFFF04FFFFFFFF0CFFFF
310
FFFF0C4300000004000000000C57000000110D067665727465780CFFFFFFFF04FFFFFFFF0CFFFFFFFF0C4300000004010000000C58000000110E07656C6C697073650D0563757276650CFFFFFFFF04FFFFFFFF0CFFFFFFFF136666666B66660E40666666666666264048D89F080ACBDF3F1400000000000000800000000000
310
00F03F000000000000008014A09999999999D93F0000000000000000000000000000000006000000000000F03F0B0B110E07656C6C697073650D0563757276650CFFFFFFFF04FFFFFFFF0CFFFFFFFF133233333833330B40F8128BB2CBB32640D60B8E17E184F23F14000000000000F03F0000000000000080000000000000
310
008014000000000000000064242B095359C3BF882BCC2A3D24E5BF06000000000000F03F0A0600000000000000000A061FB885DB9D7B0240110E0D4154545249425F435553544F4D0D066174747269620CFFFFFFFF04FFFFFFFF0CFFFFFFFF0CFFFFFFFF0C490000000711736B657463685F6174747269625F646566040100
310
000004010000000403000000070D31393020302030203020312031110D04656467650C5900000004FFFFFFFF0CFFFFFFFF0C5A00000006182D4454FB2109C00C5A00000006182D4454FB2109400C4A0000000C5B0000000B0707756E6B6E6F776E110E0D4154545249425F435553544F4D0D066174747269620CFFFFFFFF04
310
FFFFFFFF0CFFFFFFFF0CFFFFFFFF0C4A0000000711736B657463685F6174747269625F646566040100000004010000000403000000070D31393020302030203020312031110E0D4154545249425F435553544F4D0D066174747269620CFFFFFFFF04FFFFFFFF0CFFFFFFFF0CFFFFFFFF0C4C000000071667656E657269635F
310
7461675F6174747269625F6465660403000000040300000004FFFFFFFF071767656E657269635F7461675F6174747269625F646566200401000000040200000007022D310400000000040100000004570100000400000000110D05706F696E740CFFFFFFFF04FFFFFFFF0CFFFFFFFF133233333833330B4066666666666626
310
4049D89F080ACBDF3F110D05706F696E740CFFFFFFFF04FFFFFFFF0CFFFFFFFF13CDCC4CCFCCCC1040666666666666264047D89F080ACBDF3F110E0D4154545249425F435553544F4D0D066174747269620CFFFFFFFF04FFFFFFFF0CFFFFFFFF0CFFFFFFFF0C54000000071667656E657269635F7461675F6174747269625F
310
6465660403000000040300000004FFFFFFFF071767656E657269635F7461675F6174747269625F646566200401000000040400000007042D31393004000000000401000000044F0100000400000000110D067665727465780CFFFFFFFF04FFFFFFFF0CFFFFFFFF0C5400000004000000000C5C000000110E07656C6C697073
310
650D0563757276650CFFFFFFFF04FFFFFFFF0CFFFFFFFF136666666B66660E40666666666666244048D89F080ACBDF3F140000000000000080000000000000F03F000000000000008014A09999999999D93F0000000000000000000000000000000006000000000000F03F0B0B110D05706F696E740CFFFFFFFF04FFFFFFFF
310
0CFFFFFFFF133233333833330B40666666666666244049D89F080ACBDF3F110E03456E640E026F660E0341534D0D0464617461
  0
ACDSRECORD
 90
        0
  2
AcDbDs::ID
280
    10
320
88
  2
ASM_Data
280
    15
 94
    26791
310
414349532042696E61727946696C652855000000000000020000000C00000007104175746F6465736B204175746F434144071441534D203233312E302E302E3635353335204E540718536174204D61722032322031343A35393A31342032303235066666666666663940068DEDB5A0F7C6B03E06BBBDD7D9DF7CDB3D0D0961
310
736D6865616465720CFFFFFFFF04FFFFFFFF070D3233312E302E302E3635353335110D04626F64790C0200000004FFFFFFFF0CFFFFFFFF0C030000000CFFFFFFFF0CFFFFFFFF110E0D4154545249425F435553544F4D0D066174747269620CFFFFFFFF04FFFFFFFF0C040000000CFFFFFFFF0C01000000071454696D657374
310
616D705F6174747269625F646566040100000006286DDC0EBEC31843110D046C756D700CFFFFFFFF04FFFFFFFF0CFFFFFFFF0CFFFFFFFF0C050000000C01000000110E0D4154545249425F435553544F4D0D066174747269620CFFFFFFFF04FFFFFFFF0CFFFFFFFF0C020000000C01000000071667656E657269635F746167
310
5F6174747269625F6465660403000000040300000004FFFFFFFF071767656E657269635F7461675F6174747269625F64656620040100000004030000000703333538040200000004000000000400000000110D057368656C6C0CFFFFFFFF04FFFFFFFF0CFFFFFFFF0CFFFFFFFF0CFFFFFFFF0C060000000CFFFFFFFF0C0300
310
0000110D04666163650C0700000004FFFFFFFF0CFFFFFFFF0C080000000C090000000C050000000CFFFFFFFF0C0A0000000B0B110E0D4154545249425F435553544F4D0D066174747269620CFFFFFFFF04FFFFFFFF0CFFFFFFFF0CFFFFFFFF0C06000000071667656E657269635F7461675F6174747269625F646566040300
310
0000040300000004FFFFFFFF071767656E657269635F7461675F6174747269625F646566200401000000040100000007013104000000000405000000045E01000004600100000461010000046601000004670100000400000000110D04666163650C0B00000004FFFFFFFF0CFFFFFFFF0C0C0000000C0D0000000C05000000
310
0CFFFFFFFF0C0E0000000B0B110D046C6F6F700CFFFFFFFF04FFFFFFFF0CFFFFFFFF0CFFFFFFFF0C0F0000000C06000000110E0673706C696E650D07737572666163650CFFFFFFFF04FFFFFFFF0CFFFFFFFF0A0F0D1072625F626C656E645F73706C5F73757204105900000715626C656E645F737570706F72745F73757266
310
6163650D04636F6E6513343333293333F33F4907E9F4DAE12740850F3A2A4BDBF73F1400000000000000005E0400000000E0BF264A58E87AB6EB3F14A09999999999D9BF00000000000000000000000000000000066EC3AC78B341EF3F0B0B06000000000000000006000000000000F03F06A09999999999D93F0B0B0B0B0B
310
0D0A6E756C6C5F63757276650D046E75627304030000001502000000041100000006182D4454FB2109C0040300000006A805DA6F760406C00403000000064BF4AB6DD7BB02C0040300000006B70538B0F1D7FCBF040300000006939A35A50C88F3BF0403000000067C4941AE1580E6BF04030000000618FBD2C7A4A4DFBF04
310
0300000006500F4E598C4BC8BF04030000000600757CC9DC9B893F0403000000067006C016EA97CC3F0403000000063C62B5FB8C8AE13F04030000000678049D178A56F03F04030000000688DBB131EB77F93F0403000000066CA63D4263440140040300000006C2DB2D1968F804400403000000063A6AE6FBD27B07400403
310
00000006182D4454FB2109400403000000066319516CE0A707400646843925E5D822C0060557E55185AB07400630256C5F694D22C0064094002D08AF0740061C2038D98FE021C006E5DBCAAFF5B10740069B4E2713F29221C00619927AB40BB5074006F266D26F224121C006B36179AD93B7074006F89720DADF0321C006C5
310
10954590B90740062A55124D90CB20C006EC6D11232CBC07400614E1C8629E8120C006739CAA38D9BD074006195E95CA1C4220C0068582D1869FBE0740069D29DC972E0420C006FC999BA775BF0740060DD0F7C59E821FC006B8058DD53EBF074006C2F60D611A021FC006C1F2D8DEF9BD0740063E0DC45499791EC0069B08
310
06E1D8BC0740064F058D8F34001EC0065D0EFC0BE2BA074006055B905EF7811DC006417089E90CB80740066060FC64D5EA1CC006850C7281E8B6074006C57FD5DEE3AD1CC006DE2054DA9FB50740069799A1C3B46C1CC00683C3C07F32B4074006FC08338C73231CC006FE10EA411DB20740065D9B9DD588B81BC006E8BB2A
310
A0B7AF0740067194C6B5643E1BC006077DD02A0DAD0740061AC0A00AB0941AC006683C0AEB47AB07400613469D9FFA231AC006DC1D041463A907400681547ED09A9619C0063F4EE1987EA7074006C0D1456DEC0519C006E822B59685A5074006223083B81C6F18C006E614341F93A3074006F9F2B8E535E517C006071BA02D
310
C5A107400620EBDD97287717C0066A6A4FBEFD9E074006224E392BABCD16C0060D32BB94889C074006EAEAC51C205416C00605520E006E9A0740067D888BD364E815C006C14085AD5D97074006B1F9F9C3814B15C0064479BC9F099507400612E6AEEAE4CE14C006019ACC776A93074006634BBA6AA15914C006FC15349175
310
91074006106A6ACD25CC13C0068034FD608790074006BE157924054C13C006B9F963E59A90074006F957F7D6DDCA12C006DC227946AE9007400681F49D41A04A12C0068B6E19BDBF91074006DD890F46A3CA11C006B1650AF5D493074006A3D4ACDB193C11C006DACBC0928895074006D7078A9CA7C710C0064AB4980CEA97
310
074006C6AA8421674B10C00655032338009B07400649143025AC5A0FC00612DC5A81189D074006505E991F1D840EC006238EC2F3859F074006C19A239486900DC0065768AC913EA20740062741EB1F253D0CC0061A0DB4A107A4074006EA1D21AB785E0BC006020CDA9AF2A5074006725E7AECF3460AC0066319516CE0A707
310
4006EAB65DEC9D1F09C0130000000000000000000000000000000000000000000000000D066E756C6C627304000000000D066E756C6C62730715626C656E645F737570706F72745F737572666163650D05706C616E6513343333293333F33F8CD0A1EE1652264014FF2A124EBF0640140000000000000000061BC9E21F91E5
310
BF5E0E461EF2A3E73F14000000000000F0BF000000000000000000000000000000000A0B0B0B0B0D0A6E756C6C5F63757276650D066E756C6C6273130000000000000000000000000000000000000000000000000D066E756C6C627304000000000D066E756C6C62730D08696E7463757276650B0F0D0B6F66665F696E745F
310
637572041059000015000000000D046E75627304050000001502000000041100000006182D4454FB2109C0040500000006A805DA6F760406C00402000000064BF4AB6DD7BB02C0040200000006B70538B0F1D7FCBF040200000006939A35A50C88F3BF0402000000067C4941AE1580E6BF04020000000618FBD2C7A4A4DFBF
310
040200000006500F4E598C4BC8BF04020000000600757CC9DC9B893F0402000000067006C016EA97CC3F0402000000063C62B5FB8C8AE13F04020000000678049D178A56F03F04020000000688DBB131EB77F93F0402000000066CA63D4263440140040200000006C2DB2D1968F804400402000000063A6AE6FBD27B074004
310
0200000006182D4454FB2109400405000000067EB7B26E14AEF33F060E51E34B11B32640060CFB91647A1F0440065CDBFA0412AEF33F069E691344D2B3264006264098913A22044006E2235D9768ACF33F063050C11593B4264006E36B1832FA2404400662DF513CC3A5F33F06AEB613C106B6264006A9199479462A044006
310
24BC00EC559BF33F065FEA1E5044B7264006EABFED4BCD2E044006F8C20F97FC85F33F06F1181E89F9B82640066E645FCA0835044006D8DA57F06A74F33F065A82AB0CE2B92640062AE023455938044006641D1C27F255F33F06CA60F4F0DEBA26400652B5941CF43B04400698F5EC1E6B3EF33F065057880630BB264006C7
310
1A3C001C3D0440063E5A27BDE41BF33F063D3AD0FB0FBB2640067A383A13A73C0440067E231AAD2105F33F06B82EAE3A97BA26400693C35C6CEE3A044006A2614D89E8EBF23F06B9CC89A68FB92640066E5D59952C37044006AA62F086D7DEF23F06074E2FA0D0B8264006050F00817334044006C61F88F883CEF23F06A7D2
310
11CB80B72640063A76A2FFA92F04400644C840B346C7F23F069E67F194C2B62640066F6123E3F32C044006500637E1EDBEF23F0604583DB799B52640066EEC9C93B8280440061418A0F18ABAF23F063F02BEF9B0B42640065A2165456725044006DACE2275BAB7F23F06011943D750B3264006F653C44662200440061A4AD7
310
6E07B8F23F06D636BCE280B2264006D121576A6B1D044006AAEC6533D2BBF23F06FB2080B41BB12640064DBAE50154180440060648F9A008C1F23F069DE105622CB02640069E48ECAEEA140440066029AB26BCCDF23F06590BFF9A99AE264006BF23A2E22C0F044006905D24D480DAF23F06C9EC493892AD2640068AC703C0
310
6B0B04400684DE43D20FF3F23F06E263B8022DAC264006A044CF3C5406044006A4C28D28DA07F33F067FF2AF7E78AB264006919FDC81C10304400684FA5A994829F33F06768B1E07EDAA26400604F2F291C401044006E087F03F6841F33F06760EA4ACF4AA26400667714079E00104400650D82C5E7462F33F0669B102EA94
310
AB26400679EFA736290404400654244563C176F33F063E60DEEB53AC264006A2BF993AE2060440064C9110B3738EF33F06E29DE247C2AD2640064903C4211B0C0440069C805E12979AF33F064C2F8DB6CAAE2640069C353516E00F044006E0C8DC5681A6F33F06DD2F53625BB02640066387AD3296150440066CBA88C745AB
310
F33F06172D2E4F47B1264006DDD34320F3180440067E8A5975A0ADF33F06ED6940F644B2264006D83383BE901C044006121FAEB515AEF33F06ADFE7626ABB2264006CD8C3AA5051E0440067EB7B26E14AEF33F060E51E34B11B32640060CFB91647A1F0440060000000000408F400D05706C616E6513343333293333F33F8C
310
D0A1EE1652264014FF2A124EBF0640140000000000000000061BC9E21F91E5BF5E0E461EF2A3E73F14000000000000F0BF000000000000000000000000000000000A0B0B0B0B0D04636F6E6513343333293333F33F4907E9F4DAE12740850F3A2A4BDBF73F1400000000000000005E0400000000E0BF264A58E87AB6EB3F14
310
A09999999999D9BF00000000000000000000000000000000066EC3AC78B341EF3F0B0B06000000000000000006000000000000F03F06A09999999999D93F0B0B0B0B0B0D066E756C6C62730D046E75627304030000001502000000041100000006182D4454FB2109C0040300000006A805DA6F760406C00403000000064BF4
310
AB6DD7BB02C0040300000006B70538B0F1D7FCBF040300000006939A35A50C88F3BF0403000000067C4941AE1580E6BF04030000000618FBD2C7A4A4DFBF040300000006500F4E598C4BC8BF04030000000600757CC9DC9B893F0403000000067006C016EA97CC3F0403000000063C62B5FB8C8AE13F04030000000678049D
310
178A56F03F04030000000688DBB131EB77F93F0403000000066CA63D4263440140040300000006C2DB2D1968F804400403000000063A6AE6FBD27B0740040300000006182D4454FB2109400403000000066319516CE0A707400646843925E5D822C0060557E55185AB07400630256C5F694D22C0064094002D08AF0740061C
310
2038D98FE021C006E5DBCAAFF5B10740069B4E2713F29221C00619927AB40BB5074006F266D26F224121C006B36179AD93B7074006F89720DADF0321C006C510954590B90740062A55124D90CB20C006EC6D11232CBC07400614E1C8629E8120C006739CAA38D9BD074006195E95CA1C4220C0068582D1869FBE0740069D29
310
DC972E0420C006FC999BA775BF0740060DD0F7C59E821FC006B8058DD53EBF074006C2F60D611A021FC006C1F2D8DEF9BD0740063E0DC45499791EC0069B0806E1D8BC0740064F058D8F34001EC0065D0EFC0BE2BA074006055B905EF7811DC006417089E90CB80740066060FC64D5EA1CC006850C7281E8B6074006C57FD5
310
DEE3AD1CC006DE2054DA9FB50740069799A1C3B46C1CC00683C3C07F32B4074006FC08338C73231CC006FE10EA411DB20740065D9B9DD588B81BC006E8BB2AA0B7AF0740067194C6B5643E1BC006077DD02A0DAD0740061AC0A00AB0941AC006683C0AEB47AB07400613469D9FFA231AC006DC1D041463A907400681547ED0
310
9A9619C0063F4EE1987EA7074006C0D1456DEC0519C006E822B59685A5074006223083B81C6F18C006E614341F93A3074006F9F2B8E535E517C006071BA02DC5A107400620EBDD97287717C0066A6A4FBEFD9E074006224E392BABCD16C0060D32BB94889C074006EAEAC51C205416C00605520E006E9A0740067D888BD364
310
E815C006C14085AD5D97074006B1F9F9C3814B15C0064479BC9F099507400612E6AEEAE4CE14C006019ACC776A93074006634BBA6AA15914C006FC1534917591074006106A6ACD25CC13C0068034FD608790074006BE157924054C13C006B9F963E59A90074006F957F7D6DDCA12C006DC227946AE9007400681F49D41A04A
310
12C0068B6E19BDBF91074006DD890F46A3CA11C006B1650AF5D493074006A3D4ACDB193C11C006DACBC0928895074006D7078A9CA7C710C0064AB4980CEA97074006C6AA8421674B10C00655032338009B07400649143025AC5A0FC00612DC5A81189D074006505E991F1D840EC006238EC2F3859F074006C19A239486900D
310
C0065768AC913EA20740062741EB1F253D0CC0061A0DB4A107A4074006EA1D21AB785E0BC006020CDA9AF2A5074006725E7AECF3460AC0066319516CE0A7074006EAB65DEC9D1F09C00B0B040000000004000000000400000000040000000006AF47E17A14AED7BF06AF47E17A14AED7BF100B0B06AF47E17A14AED7BF06AF
310
47E17A14AED7BF15FFFFFFFF0A0600000000000000000A06000000000000F03F0B0B040100000006FCA9F1D24D62503F06A0A3F8543E7B4E3F040100000015000000000D046E756273040300000004030000001500000000150200000015000000001500000000040500000004170000000600000000000000000403000000
310
06000000000000D03F040100000006000000000000E03F040100000006000000000000E83F040100000006000000000000F03F040300000006182D4454FB2109C004030000000681A50E15080408C0040200000006B4137CFC0B0407C0040200000006CA6542B67F5205C00402000000062C42A752F80604C0040200000006
310
A27452D5F0E301C0040200000006EC43429CC12700C0040200000006E8617CEDADC1FABF040200000006939A35A50C88F3BF0402000000067C4941AE1580E6BF04020000000618FBD2C7A4A4DFBF0402000000061C90CF7F0622C7BF04020000000600757CC9DC9B893F0402000000063EC150AF446EC03F040200000006F6
310
0BB2B020D0D73F040200000006C26210648E3EE33F04020000000605B3AE2C9EF6E93F04020000000675215D2D2983F23F04020000000688DBB131EB77F93F0402000000066CA63D4263440140040200000006C2DB2D1968F804400402000000063A6AE6FBD27B0740040200000006182D4454FB2109400403000000060ECA
310
03489999F93F06FFFB7FF242B32640060AA3780EED1F0440063AE41A26A699F93F0631A975CB8BA22640064539D6543769044006AA4F7F03D04AF93F065B075AE61C812640069A5D1028BDFB044006307B38A7C3F9F73F06EA15D0879056264006993B9EA501B60540068A3547E53901F63F06E53E6AE91A3A264006FE29B6
310
565B320640064840D0267E74F43F06DF2AC6A76933264006E1DED23B5C4F0640067EB7B26E14AEF33F06261B343D64332640066CB30278484F064006F4DE0DF96999F93F06A62322491EC42640065263DE6575470440066257C17EB79DF93F06262621052DB3264006DEA7D956C0910440063C9EE4313655F93F061F4D1034
310
6F90264006086053854D240540062A599F962F06F83F069FABF909DD612640064B606CF9C8D7054006C8D449254409F63F069CB41EC91B402640061302A7BBC9460640062AC32FD12B77F43F060DD30F37A735264006EAE5313E8957064006A8758FFD12AEF33F0642F3E68DD7332640064B18AA45ED50064006CA08DD4D2E
310
80F93F0664D809FB93D4264006741DD582126E0440066A2B37D1C588F93F06433FE75B8DC326400692BA2331BFB9044006E00C1D66F747F93F068EF2E2B5BB9F2640061082FC7DF44C054006B4B45FC37200F83F068462DBF7496D26400681D152540FFA0540067010A9AA2E07F63F064F96759E3846264006843BAE699E5B
310
06400678432154FC75F43F06313DEBDFED37264006EE988775D75F064006D8051FD155ADF33F060DD573804A3426400634A7C1BB90520640061C9EE97D4339F93F06AFB67EBABFEE264006E9BA6E379CAB044006809570DE1E48F93F06F3437302C2DD26400656F41AD6F6F90440064229B9CB4F14F93F063ECC61717AB826
310
400647A714ACFD8E054006E0F619F514DFF73F069539D85DF87F264006C4E599D94F3206400608A02D9FFBF5F53F06E6EFD81A50502640064C74417E117E064006541CE3D3906EF43F060F3CCDECBD3B264006781A3A38C16D0640064CDEBB4ACDAAF33F0622CF3F771C35264006849CD5EC8E5506400632089523FF0EF93F
310
06F6AB0B803EF926400676B0B4AC59C4044006244156761D20F93F06DE76101557E826400664E84B5DFD130540063AC3C3EBD9F1F83F0690E345D395C22640061EC2DA9215AA05400622EC7F87CBC6F73F06C02DCBD2AF87264006262D0F2FA3490640060658C6E6D1E8F53F060F07ADD08554264006838068B5768C064006
310
367E6B9C1169F43F0631B317F85A3D2640064BDC767BA4730640068C64632323A9F33F065958CE787C352640069F7B3044ED5606400646AE3D57F796F83F06764648DBA3112740062E178CF0FBFD044006FE2181039EACF83F06A10F096308012740061E0E95A2E1500540062CF88DC13A8BF83F06D9AD8BB251DA2640068F
310
CF797FE6E9054006D2B917ABFF7BF73F0698AE58BEED99264006A0595EECEA800640064A1815FD5EBFF53F062B3825358B5E264006A287C446C5AE0640066494B37CA557F43F069EFE95153F412640066B497576D78106400662D18B41BAA3F33F06C67689B47336264006D376A175735A064006D0AFC49E1345F83F06638B
310
A6700A1D274006DE7A57BE0F190540060A10EA72005CF83F06DFDC529DAE0C2740064EC083E6CB6D0540069AFE5E48A240F83F06FB4E84E1B0E52640065709ACC0B20806400634D0B4F55A43F73F0639DB8EF0CEA22640062E6C9726FC9B064006303A24212A9FF53F064922D40380632640061408EB88C8BF064006A61ACF
310
00004AF43F06080169123A43264006B9D7358A11890640066881D4B95C9FF33F0665A0FEBB023726400654FE2B657D5C064006205547F2F6B5F73F06BE1DB268B12D2740067FF76F7FB74005400622E55012BCCDF73F06B5368A84C01D2740065AE682A94A980540065C683675B9BAF73F068459618571F626400632A12597
310
3436064006188316F8DCDBF63F06A8D93A51F7AF264006988AE84930C4064006882127C67963F53F06ABF50FF9E46A264006ADE5C26531D9064006347D24194730F43F061F74AE303946264006A513E2DF0094064006FEE54A52A096F33F0639C0A2C4E7372640064D52DD2CC15F0640068AE7E7BFDD77F73F065EA60A68B7
310
33274006B9DF6A691B4F0540069CC29399858FF73F06BF01B720F4232740069D40035BC9A70540068AE3B28F637FF73F067BA96BC192FC2640060D69CA37EB460640064E0E6E5967ADF63F06C636550DD1B42640061876B7830DD30640068216899C6A48F53F06142CC781A46D2640061A14AC28A6E2064006E6BF4B597F24
310
F43F064E1CB7CC5A47264006012C7BB4219806400626E0AEB87C92F33F0626BFB071433826400654241FB70F6106400678AC1E136AD4F63F060FBEE96A954127400653FCC68D4C70054006B800F17CF6EAF63F0642E10D6043322740069127D4FB9CCB0540063AC568CE20E1F63F06904C5FF9C40A274006BF692C8FB46D06
310
4006A0D11D4D7130F63F069A6DA12C18C026400622C6D308ABF5064006C408DC5220FFF43F062E82F2A80F7426400682686613C0F8064006E80E2B274C04F43F068BC13449054A2640069AAA5334DCA10640064A66E26CD686F33F06985C426D2239264006ABBF016A3D64064006EED7582CCA6FF63F06FF45259013482740
310
068304A090E97F05400640785A81D484F63F06B4BE8831003927400654389C5791DC0540063AC33FC3907DF63F06233CF4C38311274006BA30721A3A80064006B02146E0C5E0F53F06B76D283381C5264006A052006956060740063A9A1085E3CFF43F0685FB9F702C772640063DA45A507C0307400688F6228B40EFF33F06
310
64833830574B2640060DF76043ADA6064006AC708570E47EF33F06D6AEF3B19839264006AEC466FEEC65064006FE86AFFF95BBF53F066C2C5BE37151274006668167927A9605400664E8223A26CDF53F06A1227049BD4227400683E02F201EF5054006F468ACE23CC9F53F06A8DDB5D74A1B2740066E1789E91E9B06400666
310
FC977D714FF53F0654E4F3195FCD26400698061C609B1E0740067856E8072B79F43F064FD7A73FB77B264006AEA6FD572913074006A29A7DFF3EC8F33F067AD819EF474D264006CE103FF7C1AD0640060870CF65C06FF33F06D8939E924A3A2640061CC5D51876680640068C2C94318C6BF53F06A0699412BF5427400679CB
310
DE81739E054006D89D7275457BF53F0669ED36442E46274006E27173D7D0FD054006BEF2BBF25F78F53F06F436FF41C31E2740062D468DB7B0A406400634851DA3E30DF53F06DEB74C3F2DD02640066EBF081747270740060EC1D67AD951F43F0695397520587D264006B80EAF40C918074006EC6D21056EB6F33F06CF38CF
310
E0FB4D26400646B53B9C52B0064006CE558BAEB068F33F06EDA7380D8D3A264006B21D61B06869064006946B6CB7B09CF43F0617F68C2A815B2740068A3D882EC9AE0540068A6CEFB936A7F43F06FA192B5A3B4D274006E5A775B5A70F0640065682670438A6F43F063C722166E225274006BF9390A558B80640064416967C
310
ED62F43F06D789EB6DF1D5264006D6037FF11C3907400602310C70FCEAF33F06AAF8E9B4B280264006414E4DB45F24074006F6816EC79887F33F0648F97EE46F4F264006FF3D2C26A0B50640063661F8F9E155F33F0663622B07183B26400612C1E2D5636B064006BAB53217A41EF43F06DCA4E63EE05D274006FFF2690D89
310
B4054006CAD44B248E25F43F06D39FC9C9B64F274006CBABCB8FF41506400664CB0E770125F43F06B4EBE7876728274006C0D54EA652BF064006EA3A48293BF9F33F069D7CDFADFED7264006C7C00C36793F074006F4984C2F13ABF33F060C304527E68126400604AFAFFE86280740062CD36601486AF33F06E5F0F6BEF64F
310
264006EEAC11408CB7064006CECB2729DF49F33F064684ED2F4C3B2640061656312C226C0640063AC2A7D944FDF23F06E6C0C55DE75F274006D9EE781173B90540067AEAAE4BB4FBF23F06D0BFB9E0D5512740063A347E56561B064006BCC3847DDCFBF23F062D5D8A748E2A274006814C282247C5064006F695B79DE705F3
310
3F0652B2C3D7BED9264006D2C3C708E644074006CEDD0A93CB17F33F06C208AC39EC822640065FE95639112C0740068AAF45189E26F33F0694AAD77C6950264006056FF3F52EB906400674B47D18082EF33F0602CDDA57783B264006EA27FE4DC36C0640063EF7C680215AF23F0657D5F3E68D5E274006A11E9D042CB60540
310
066A42AD689F53F23F06498812A26B502740060F7F9A39BD17064006864A9EB1E953F23F06DD6B10A11D292740062FAB575648C10640066202C5DE287CF23F06D9E6AFA391D82640064C9E72253F41074006AEC206D44DC4F23F066108FB4C3B82264006771A6A02AD2907400616D9A2B42D00F33F0698D1C05C1B50264006
310
56F87DDE11B8064006CEC0FDAD201EF33F065317B190593B2640064564B1FD526C064006009EA05C75F8F03F0608385576B255274006C0F082A7BDA0054006080AA15E71E8F03F06653B553F2B472740064FA409724E000640062EC9516FFCEAF03F0622B7A333C11F274006723BFB116BA70640061AA5D66EBB55F13F0692
310
2FC481F9D0264006D5E19B26BD29074006E801BC4EB612F23F0678EDB403CE7D264006525B0813601A074006EC7944C804AFF23F062B7677302E4E264006EDB81E340AB1064006E249BAB733FDF23F0646881C039F3A2640063000CD3AAA69064006466EE7663039F03F060381579F974D274006E01CD1C41D8D05400642E0
310
AF5AA424F03F06C42AE282B13E27400624DCC773D2EA05400690EF2B966829F03F06D25FAAE1291727400612831CA3A98F064006D835985AABB8F03F069E41FE50FEC92640061E0ED4C11D14074006DEAEC5C179B4F13F06E6B51A9CBA79264006EF181EEE480C074006F616AF635484F23F06890AF207674C264006B3FF7B
310
428DAA064006C49585C24BECF23F06925034A9F1392640064E99DDA431670640062809708BE24BEE3F06755D4AE7CE38274006B2E8D31C485B0540061025F25F031DEE3F065451C67F33292740062F0A71DAE8B4054006C057BF328438EE3F060B2E4BB8C401274006B28C31BD18550640069035B823AEC5EF3F06E615CD46
310
EFB8264006C99DAE64AEDF0640061844987D6D36F13F06F547FEFDFA6F2640063023941DB2EA0640067629D8EB954CF23F06A6B109265248264006C135E851A89B064006ECBED3B5B6D7F23F06703E31DD92382640067E13F587316206400648A1AAC80AACED3F06D0F4BB41B331274006B3F73305464A054006E830299459
310
7CED3F062C6A4E37DE212740062770192F8EA205400630ADCC3B6F9EED3F06EF3A05077FFA264006072961BF3B41064006E0DAC7FC5F4CEF3F062E4F950129B32640067519181FF6CD064006B8F08D86F312F13F06AC66D23AB26C264006EF4E9E6663DF064006883F5E82103DF23F06B8953E7AF5462640069E0DF0F6AF96
310
064006503F3F342CD2F23F06D9BFA48F21382640069E702A12946006400670FCC8157A1BEC3F063B3E282A361B274006501D7533B014054006207088F27FEDEB3F061A6A2EFFCB0A27400676E99C141569054006B89EB016F725EC3F068ADB0311D3E3264006D3494BDF9A0306400690C9329C9B28EE3F06562F203554A126
310
4006A52FAFCB72970640065690DFBFA2BEF03F06152EE60CA96226400605DCCEA8E4BC064006E4D8DC5EA618F23F06E248FC48E1422640063E99FA8ACD870640067A05768AB6C5F23F06278F8B4AE63626400651A1059A155C06400600CD0157881EEB3F06A69F89CCE40927400663219EA58CEB044006C0468088C3F4EA3F
310
0655C5091411F9264006689CDF250D3D054006C8B0C5A75140EB3F06C2DD942F77D2264006D5C950968ED405400610905FD3CB7AED3F06BB113FBEBD932640068B313C05016E06400674C1A935788DF03F068E137011115B26400661963C4ED2A20640067ED688221104F23F06E6AFE2ACD83F2640066C037B92BB7C064006
310
3E89E0526CBFF23F061EAA817E0B36264006C976512DF758064006183B2CE5C2E5E93F06AC5D5C9666DC2640063892865F6D8004400648BAEEB77ED0E93F061CD4FD4D57CB26400689119A77C6CC044006D8396D13B44AEA3F060DCF6BC304A7264006EBFFD774526005400650664D8E49D2EC3F0679A7817EBC72264006AF
310
300C4E680A0640067E382EFB7260F03F06A61E24632349264006BB0927B28F65064006567E22F60BF1F13F06D5BEBB3804392640066904CF30CF63064006B21BBC1D66B9F23F06147EFAC381342640064C934B665A5306400690B183F3B68EE93F06EF82332A9DC526400660BCB2ABF74A04400678A7986D7385E93F06DDD9
310
83FE9EB426400622552EC14295044006004B50261216EA3F06EF04CF53B891264006A75A296DAD2705400618B1F9B844B6EC3F06528612F6C762264006E3FF6D4781DA054006340A21A7355AF03F06E93CE2A4964026400611C4AA806A48064006D0A67F9A23EEF13F06A41269DAD535264006449ABF6E3358064006F8003F
310
5627B8F23F0685E7CC0AE233264006B75E478B1351064006F0FB580A18A2E93F0668B1323060A0264006AF37AF52A2F3034006C867A87072ABE93F062677AF42F08F264006B1D554E6DE3B04400698A5A9D0BA56EA3F0664CE2F6401702640064A2AB53D78CE044006400331EE61FBEC3F066A3AF002F949264006E67E6E80
310
6190054006E4D86511ED6FF03F06AE4D9DB86B33264006445BE0C49C1B064006FCFF0B7694F5F13F06F8EF726EEA30264006041DFE9A3F460640066631B61273B8F23F068B763DDCE232264006511F6D58704D064006D08A9235DACAE93F06939633E1DC9226400651584DD2EDD3034006C0FB04B894DAE93F06A61FE882B7
310
822640064229FC74AE1B044006F074C9FD358DEA3F06EDFCAB20FD632640061FE80E9FC0AE04400620D9EA58F32BED3F06E26AFDF03741264006B40C89F64976054006944C12F3507EF03F06F3F07E1FCB2E2640067C3D9BA0E10B0640069428A727C9FAF13F0663A8D44E2C2F264006238280A1E33F0640061C2B63710FB9
310
F23F06AA1A1CA48332264006FEA81BE0144C064006B021BAB9C681EA3F069CFD3F6F546E264006CDE75A7B0E7E034006A0FE7B95CBA0EA3F06A268EB8B205F2640065506107EF6C4034006181D5C27B260EB3F06ECB48EB6DE4326400624525AC4015A044006881A8C1EF6DEED3F0636B3C5E8F1292640066C55F075F63005
310
40068C266A2F84B2F03F06787F46E5792226400661D03E5901E205400642AA615E530EF23F06E023AE47722A2640063F77A40CA42E064006ECDB8B1F43BCF23F06AE5B0B6E64312640063C16FACBFC47064006D8C52C59033EEB3F06E3BCDCDAE75C264006EBBAAE74DD5403400648F1BF217961EB3F065F80BAD65A4E2640
310
06F3EB9E1DF89B03400658745ED8601EEC3F0666A781E50635264006D2CE0C34DB320440065809D8925876EE3F0665DC8099581F2640067900465B6D110540062AEC8CA5ECDDF03F06C77BF59CD51C264006AAFCD296D0CE054006CACD726F701FF23F06BFA5265E2628264006E66363AA42260640063E43197739C0F23F06
310
2FBBBB7CAE302640067B7B12DC6445064006C8222147C7A3EC3F060D1ABF7A704226400631FF32A4131603400620D9E4FE28CBEC3F06B4C5F03AEC342640066D2BA25C9F5D034006D86128E1047CED3F0650E23DEF921E264006B8D31BE87FF703400658496ECA308AEF3F0664A2A27F4F0F26400634F85E8FA1E10440062E
310
CF266B7D2DF13F062EB37B943A14264006BCE5D4B381B1054006BE8364645740F23F060B0367E18924264006BA720C111519064006E0C24CEFC9C9F23F060FA88AF46F2F2640067FC98A7CDA40064006581A9D6A1F55ED3F06851D7B1ED3382640065CAB43C724FF024006286488E7477CED3F0677FD09D2BA2B264006A416
310
82A6FD46034006F87208581524EE3F06F482B75E8516264006EC20943528E2034006A65E941B8A06F03F06E2DC0B979409264006E322019585D0044006543D73026253F13F06CD0886AF1E11264006D27BC3F3E6A60540064C6BD923A650F23F06426A84962B232640067C2D58CB1614064006F825EB294DCFF23F069B5F1B
310
AEE42E26400638A3EC3FDE3E06400658C11F55B4A4EE3F066130B12995292640066028933DB3DA024006804A93D7BFC9EE3F06D1037EF52C1D2640067E5263341623034006D8531D40195EEF3F06D0BBF4D5CB092640062D2EABA861C003400630DA1C5D4980F03F0647F29EFF8600264006B304646075B50440064E65FB06
310
409AF13F066FECD4292E0C26400685F304330A960540068EE4607C0170F23F06EABE6300F4202640065B371E95FF0B064006126E8A2DE6DAF23F06965EC30EF72D2640062D3DD2207B3B064006509C5687E143EF3F0697FEE883BF232640063C18D7B5B2CC024006283C16202067EF3F069796E6319E17264006477B3B6F55
310
15034006B8965C6525F1EF3F06AC828779F40426400688F9C7BE80B30340063CBEFB1C08B9F03F0652AD5F0616FD254006D059F96327AB0440069A742C4670BBF13F063BB9BD71490A264006CC370B82918F05400666DC98A4127FF23F06B3AEACD913202640064EE8999ECD0806400656FEE261E7E0F23F063C031F38922D
310
264006AB0026270B3A06400648A1748E7872F03F066AB85CBAD416264006682798EAA4AD0240064AC9B0C42B81F03F064B00CE2F530B2640061154BCEFDDF60240064A135B59E4B7F03F06428CBCB342FA25400688D6E15505970340069AE866E0604CF13F06A06875E77BF52540062247E4A25E940440067A9B3B7FF611F2
310
3F06E274E1321606264006883F2D4734810540061A719B690DA7F23F062C5423DB1B1E2640063A2827779E010640069652C5719BF1F23F06ADFAE485A82C26400607FFDF5BB6360640060AA39AC82DF2F03F06B84108DF5C112640068D0D94AB6EA00240063A55833982FEF03F06411A208922062640066672B1B5F2E90240
310
0634C21575B22BF13F06E577E855C3F525400645DC47D7008B034006AA1BCAEF3DA5F13F067A16869049F2254006F6ACDAADC38A044006F44F30728046F23F0683E0E8AE4C042640064FEAEEF9147B0540064C204D8D0CC0F23F06B0EB933D3D1D264006CBE8511B72FE054006F4712EABD4FCF23F065821A5FF382C264006
310
B0D18A631F35064006AC4AAAE8DC0FF23F06D58E1810D308264006CD427551C98B02400656AD40866816F23F062EF5C06E08FE254006B20B2545C4D50240063AA186B8A42DF23F0604C8268CBEEE254006A0AFC2F43C78034006E47527C0FA6AF23F06F95BE5254CED25400668AB057CC37B044006CE0FE5EFD6BBF23F0694
310
636D1E81012640064F10E0FD80710540063E97AC1FA4F8F23F060F300B2BDF1B2640064CE03FA374F905400680C600B60B17F33F063484F4C4872B2640062082C9A69832064006EE0299E52BADF23F06D42CD81AC4062640060971EC0BCA860240068869EE8C2BB0F23F06BC56B84D15FC2540062A964897E4D0024006784E
310
7EB0D7BAF23F0694D0E33E0FED2540069237249FB873034006B8E491500FD7F23F06C7382E5E19EC25400616250B362778044006FA024E8047FCF23F06FDE0FE9CD30026400621EA5BA32D6F05400666D2048D4518F33F0615AF80E4871B2640063731D12736F8054006CEE1EC084526F33F06AD62FA41592B26400624CB5C
310
ECEE31064006D2286330C117F43F069BD852874E07264006AD9B918A1988024006442C6612A412F43F06AB53238498FC25400682A6CC1B2CD2024006EA11A9F47000F43F06E0CEA7BF80ED25400662942094E874034006D6B72CB852D0F33F068A8E30166AEC2540064430C72E1A79044006E07FA0ADDA90F33F06D63FC315
310
010126400627943594C96F05400660C611B91E61F33F069D18C6819E1B264006E144C6AD88F8054006A48358F63F49F33F06B0D59E10652B264006244275021A320640060420C60C12E5F43F065C7ECA16610B2640067790EC89FF9102400672A0518B57DBF43F06421D875D730026400669023185D1DB0240068681B982C2
310
B8F43F062E0F37A9D4F0254006F3D4DF67D67D034006EA1A46FE655DF43F06819FCD02C8EE254006B8E68EDB3C80044006D08232BAECE4F33F06398451C058022640060AB5A34665740540065C9D1DF6538AF33F06B459EFD34C1C26400669A8A0CD04FB054006D4F49518065DF33F06CDA86057C32B2640065BBBF7097233
310
064006064BE5542262F63F069519E1C9661C264006B49D4AB30EBB024006A8A47FF3A051F63F069ADADA419F102640069FF3A56B0304034006E63E92CE0113F63F069E853A13DDFE25400626D0AAF24AA3034006C6396CDB4867F53F06FD9ED691C1F82540064ABC2A482F9E0440067082A27EFB81F43F06A4B57BC0E60726
310
40061D8AFDDB6987054006F2876333BCD4F33F067B40BC35F81E264006A7874292C20406400698546280197EF33F067607BF58112D2640061FF473E03438064006B051BCD42E11F73F06704449D640272640067ECE56D537D50240060E9036C211FEF63F063FE75C1BED1A264006465FD8D79B1D0340064C08679136B3F63F
310
06626E55C7CB0726400692FC583F1EBB03400658FFD32579E2F53F068FA826CC18FF25400667E2EEB135B1044006BC7F9DF13ACAF43F063AC0BF146D0B264006F5DDA2577A93054006928D2BE712F6F33F066AA25B98A8202640060FAAAE69EC0A0640068CE56E09FB8BF33F0664529876E32D264006F4AE09A0333B064006
310
529674DE0F3BF83F06B371243DFB4626400688026F61E220034006400E6B997127F83F0680622B3D473926400665A0B97B5368034006DC9353053ACDF73F0645227D4768222640061AAC3F7FA60104400690ECD4C81EBEF63F06906A71BB0B122640069F5C5649CBE9044006221CE5ADA049F53F06738CB3CEB41526400626
310
11FD0B8BB6054006383D8D403E2DF43F06242E56BA2C2526400658288052671B064006D4164733079FF33F064EDD2BC2AC2F2640066EA5F65DB841064006B231B11DDDB8F83F06C86CB340525726400603F0E2ABBD47034006AE99B362F9A5F83F06F12601CFE948264006F6BF4134B68E034006B0B00E0B8B46F83F068AED
310
553F1D3026400654ADE006E52504400602BC8E16251DF73F06DC4F6015C91B26400657B5EC39D206054006AEE12D023D80F53F063DD8D252F31A264006571143F768C805400676937B31D343F43F06ECC946976D272640065AFCC962A0230640067630607697A5F33F0685CE86008330264006DFE6E72CC644064006C8398B
310
281763F93F062DFBAB0B1A83264006BE3071D2EDAE0340069CFED979A457F93F062D4C99D253732640068C72B90236F6034006548A712D90FAF83F06284473A10C56264006179EBACEF989044006D2D8840B0BB0F73F06ADA39B8517372640060AE788061F580540069E5B1DBE14D5F53F067D5D0D2171292640064352B1B2
310
B0F9054006346F2338B364F43F062E6A0732252D264006EB88D94E7D3806400626C95D2279ACF33F0696F08BBB10322640060CF7758E714A0640069458D21FDF99F93F0636F17912609A264006936BDC1090E503400686D179C6A493F93F06708AC8B6FE89264006D913676A5F2D0440063A5A9FBF753BF93F06916960467E
310
6A26400648255461DABF0440069699D2026DE7F73F06717CCD39E2452640060E6BA55023840540061C96DC3B5BF5F53F06431886F93D312640062E7466893114064006DAAD96E18970F43F065155F2E31A30264006D15877414A43064006C60EAB8F16AEF33F0630E7D4FEB93226400659A61B39DB4C0640060ECA03489999
310
F93F0600FC7FF242B32640060CA3780EED1F0440063AE41A26A699F93F0631A975CB8BA22640064739D6543769044006AA4F7F03D04AF93F065B075AE61C812640069C5D1028BDFB044006307B38A7C3F9F73F06EA15D08790562640069B3B9EA501B60540068A3547E53901F63F06E53E6AE91A3A264006FF29B6565B3206
310
40064A40D0267E74F43F06DF2AC6A76933264006E2DED23B5C4F0640067EB7B26E14AEF33F06261B343D64332640066CB30278484F064006A0A3F8543E7B4E3F0400000000040000000004000000000400000000040000000004000000000B040000000004000000000400000000100B0B0B0B110E0D4154545249425F4355
310
53544F4D0D066174747269620CFFFFFFFF04FFFFFFFF0CFFFFFFFF0CFFFFFFFF0C08000000071667656E657269635F7461675F6174747269625F6465660403000000040300000004FFFFFFFF071767656E657269635F7461675F6174747269625F646566200402000000040100000007013904000000000405000000045D01
310
00000460010000046101000004660100000467010000040000000004020000000702313004000000000405000000045D01000004600100000461010000046601000004670100000400000000110D04666163650C1000000004FFFFFFFF0CFFFFFFFF0C110000000C120000000C050000000CFFFFFFFF0C130000000A0B110D
310
046C6F6F700CFFFFFFFF04FFFFFFFF0CFFFFFFFF0C140000000C150000000C08000000110E04636F6E650D07737572666163650CFFFFFFFF04FFFFFFFF0CFFFFFFFF13343333293333F33F4907E9F4DAE12740850F3A2A4BDBF73F1400000000000000005E0400000000E0BF264A58E87AB6EB3F14A09999999999D9BF0000
310
0000000000000000000000000000066EC3AC78B341EF3F0B0B06000000000000000006000000000000F03F06A09999999999D93F0B0B0B0B0B110D06636F656467650CFFFFFFFF04FFFFFFFF0CFFFFFFFF0C160000000C170000000C180000000C190000000B0C0900000004000000000C1A000000110E0D4154545249425F
310
435553544F4D0D066174747269620CFFFFFFFF04FFFFFFFF0CFFFFFFFF0CFFFFFFFF0C0C000000071667656E657269635F7461675F6174747269625F6465660403000000040300000004FFFFFFFF071767656E657269635F7461675F6174747269625F64656620040100000004010000000701310400000000040500000004
310
5D01000004600100000461010000046601000004670100000400000000110D04666163650C1B00000004FFFFFFFF0CFFFFFFFF0C1C0000000C1D0000000C050000000CFFFFFFFF0C1E0000000B0B110D046C6F6F700CFFFFFFFF04FFFFFFFF0CFFFFFFFF0CFFFFFFFF0C1F0000000C0C000000110E05706C616E650D077375
310
72666163650CFFFFFFFF04FFFFFFFF0CFFFFFFFF13343333293333F33F8CD0A1EE1652264014FF2A124EBF0640140000000000000080061BC9E21F91E53F5E0E461EF2A3E7BF14000000000000F0BF000000000000000000000000000000000B0B0B0B0B110D046C6F6F700CFFFFFFFF04FFFFFFFF0CFFFFFFFF0CFFFFFFFF
310
0C200000000C08000000110D06636F656467650CFFFFFFFF04FFFFFFFF0CFFFFFFFF0C210000000C210000000C220000000C230000000B0C0D00000004000000000CFFFFFFFF110D06636F656467650CFFFFFFFF04FFFFFFFF0CFFFFFFFF0C180000000C0F0000000C200000000C240000000B0C0900000004000000000C25
310
000000110D06636F656467650CFFFFFFFF04FFFFFFFF0CFFFFFFFF0C0F0000000C180000000C1F0000000C260000000B0C0900000004000000000C27000000110D06636F656467650CFFFFFFFF04FFFFFFFF0CFFFFFFFF0C170000000C160000000C0F0000000C190000000A0C0900000004000000000C28000000110D0465
310
6467650CFFFFFFFF04FFFFFFFF0CFFFFFFFF0C29000000062A61A1892099D53C0C2A00000006FFEDD8F60423F93F0C0F0000000C2B0000000B070774616E67656E74110D067063757276650CFFFFFFFF04FFFFFFFF0CFFFFFFFF04000000000B0F0D0B6578705F7061725F6375720D046E7562730401000000150000000004
310
02000000062A61A1892099D53C040100000006FFEDD8F60423F93F040100000006000000000000F03F06182D4454FB2109C006000000000000000006182D4454FB2109C00600000000000000000D0673706C696E650A0F0D037265660400000000100B0B0B0B10060000000000000000060000000000000000110E0D415454
310
5249425F435553544F4D0D066174747269620CFFFFFFFF04FFFFFFFF0CFFFFFFFF0CFFFFFFFF0C11000000071667656E657269635F7461675F6174747269625F6465660403000000040300000004FFFFFFFF071767656E657269635F7461675F6174747269625F646566200401000000040100000007013804000000000405
310
000000045D01000004600100000461010000046601000004670100000400000000110D04666163650C2C00000004FFFFFFFF0CFFFFFFFF0C2D0000000C2E0000000C050000000CFFFFFFFF0C2F0000000B0B110D046C6F6F700CFFFFFFFF04FFFFFFFF0CFFFFFFFF0CFFFFFFFF0C300000000C11000000110E0673706C696E
310
650D07737572666163650CFFFFFFFF04FFFFFFFF0CFFFFFFFF0B0F0D0B726F745F73706C5F73757204105900000D07656C6C6970736513343333293333F33F666666666666264048D89F080ACBDF3F140000000000000080000000000000F03F000000000000008014A09999999999D9BF0000000000000000000000000000
310
000006000000000000F03F0B0B13323333333333F33FF8128BB2CBB32640D70B8E17E184F23F14000000000000F03F0000000000000080000000000000000015000000000D056E75726273040200000004020000000D04626F746815020000001500000000150000000015000000000405000000040300000006182D4454FB
310
2109C0040200000006182D4454FB21F9BF0402000000060000000000000000040200000006182D4454FB21F93F040200000006182D4454FB21094004020000000600000000000000000402000000061DB885DB9D7BF23F0402000000061DB885DB9D7B02400402000000069C99998F9999F93F0666666666666626400648D8
310
9F080ACBDF3F06000000000000F03F069C99998F9999F93F06666666666666264006A0FA18BCC1C5B83F06D13B7F669EA0E63F06343333293333F33F06666666666666264006A0FA18BCC1C5B83F06000000000000F03F06989999859999E93F06666666666666264006A0FA18BCC1C5B83F06D33B7F669EA0E63F06989999
310
859999E93F0666666666666626400648D89F080ACBDF3F06000000000000F03F06989999859999E93F06666666666666264006F4B81CD151B2EC3F06D63B7F669EA0E63F06343333293333F33F06666666666666264006F4B81CD151B2EC3F06000000000000F03F069C99998F9999F93F06666666666666264006F4B81CD1
310
51B2EC3F06D63B7F669EA0E63F069C99998F9999F93F0666666666666626400648D89F080ACBDF3F06000000000000F03F069C99998F9999F93F06A398DF6EDB42274006D0598A0AED7CD93F06EFEAC5191ACFEA3F069C99998F9999F93F0620C028D154C827400600D03F0F8FAC5CBF069B89A828F2F4E23F063433332933
310
33F33F0620C028D154C827400600D03F0F8FAC5CBF06EFEAC5191ACFEA3F06989999859999E93F0620C028D154C827400600D03F0F8FAC5CBF069D89A828F2F4E23F06989999859999E93F06A398DF6EDB42274006D0598A0AED7CD93F06EFEAC5191ACFEA3F06989999859999E93F062571960C62BD264006B8F91152438B
310
E93F069F89A828F2F4E23F06343333293333F33F062571960C62BD264006B8F91152438BE93F06EFEAC5191ACFEA3F069C99998F9999F93F062571960C62BD264006B8F91152438BE93F069F89A828F2F4E23F069C99998F9999F93F06A398DF6EDB42274006D0598A0AED7CD93F06EFEAC5191ACFEA3F069C99998F9999F9
310
3F063A29EDB503CA27400613433FEAA213E83F06000000000000F03F069C99998F9999F93F061AA9CE1E618528400670FCEE809DE8E23F06D13B7F669EA0E63F06343333293333F33F061AA9CE1E618528400670FCEE809DE8E23F06000000000000F03F06989999859999E93F061AA9CE1E618528400670FCEE809DE8E23F
310
06D33B7F669EA0E63F06989999859999E93F063A29EDB503CA27400613433FEAA213E83F06000000000000F03F06989999859999E93F0659A90B4DA60E274006B6898F53A83EED3F06D63B7F669EA0E63F06343333293333F33F0659A90B4DA60E274006B6898F53A83EED3F06000000000000F03F069C99998F9999F93F06
310
59A90B4DA60E274006B6898F53A83EED3F06D63B7F669EA0E63F069C99998F9999F93F063A29EDB503CA27400613433FEAA213E83F06000000000000F03F069C99998F9999F93F06D0B9FAFC2B512840069EAC9CA767B4F13F06EFEAC5191ACFEA3F069C99998F9999F93F061592746C6D4229400663CCB2A4C8EFF23F069B
310
89A828F2F4E23F06343333293333F33F061592746C6D4229400663CCB2A4C8EFF23F06EFEAC5191ACFEA3F06989999859999E93F061592746C6D4229400663CCB2A4C8EFF23F069D89A828F2F4E23F06989999859999E93F06D0B9FAFC2B512840069EAC9CA767B4F13F06EFEAC5191ACFEA3F06989999859999E93F068CE1
310
808DEA5F274006DA8C86AA0679F03F069F89A828F2F4E23F06343333293333F33F068CE1808DEA5F274006DA8C86AA0679F03F06EFEAC5191ACFEA3F069C99998F9999F93F068CE1808DEA5F274006DA8C86AA0679F03F069F89A828F2F4E23F069C99998F9999F93F06D0B9FAFC2B512840069EAC9CA767B4F13F06EFEAC5
310
191ACFEA3F069C99998F9999F93F064907E9F4DAE1274006850F3A2A4BDBF73F06000000000000F03F069C99998F9999F93F06D8FADD682779284006BAE1FBBD842BFC3F06D13B7F669EA0E63F06343333293333F33F06D8FADD682779284006BAE1FBBD842BFC3F06000000000000F03F06989999859999E93F06D8FADD68
310
2779284006BAE1FBBD842BFC3F06D33B7F669EA0E63F06989999859999E93F064907E9F4DAE1274006850F3A2A4BDBF73F06000000000000F03F06989999859999E93F06BA13F4808E4A274006503D7896118BF33F06D63B7F669EA0E63F06343333293333F33F06BA13F4808E4A274006503D7896118BF33F060000000000
310
00F03F069C99998F9999F93F06BA13F4808E4A274006503D7896118BF33F06D63B7F669EA0E63F069C99998F9999F93F064907E9F4DAE1274006850F3A2A4BDBF73F06000000000000F03F063A8C30E28E79453E0400000000040000000004000000000400000000040000000004000000000B100B0B0B0B110D06636F6564
310
67650CFFFFFFFF04FFFFFFFF0CFFFFFFFF0C1F0000000C1F0000000C170000000C260000000A0C1200000004000000000CFFFFFFFF110D06636F656467650CFFFFFFFF04FFFFFFFF0CFFFFFFFF0C200000000C200000000C160000000C240000000A0C1400000004000000000CFFFFFFFF110D06636F656467650CFFFFFFFF
310
04FFFFFFFF0CFFFFFFFF0C150000000C150000000C310000000C320000000B0C0D00000004000000000CFFFFFFFF110D06636F656467650CFFFFFFFF04FFFFFFFF0CFFFFFFFF0C330000000C310000000C150000000C230000000A0C1D00000004000000000C34000000110D04656467650CFFFFFFFF04FFFFFFFF0CFFFFFF
310
FF0C3500000006182D4454FB2109C00C36000000069742B798B1F5A1BF0C150000000C370000000B0707756E6B6E6F776E110D04656467650CFFFFFFFF04FFFFFFFF0CFFFFFFFF0C2A00000006182D4454FB2109C00C2A00000006182D4454FB2109400C160000000C380000000B070774616E67656E74110D067063757276
310
650CFFFFFFFF04FFFFFFFF0CFFFFFFFF04000000000B0F0D0B6578705F7061725F6375720D046E75627304010000001502000000040200000006182D4454FB2109C0040100000006182D4454FB210940040100000006000000000000000006182D4454FB2109C006000000000000000006182D4454FB210940060000000000
310
0000000D0673706C696E650A0F0D037265660400000000100B0B0B0B10060000000000000000060000000000000000110D04656467650CFFFFFFFF04FFFFFFFF0CFFFFFFFF0C2900000006182D4454FB2109C00C2900000006182D4454FB2109400C170000000C390000000B070774616E67656E74110D067063757276650C
310
FFFFFFFF04FFFFFFFF0CFFFFFFFF04000000000A0F0D0B6578705F7061725F6375720D046E75627304010000001502000000040200000006182D4454FB2109C0040100000006182D4454FB210940040100000006000000000000F03F06182D4454FB2109C006000000000000F03F06182D4454FB2109400600000000000000
310
000D0673706C696E650A0F0D037265660400000000100B0B0B0B10060000000000000000060000000000000000110D067063757276650CFFFFFFFF04FFFFFFFF0CFFFFFFFF04000000000A0F0D0372656604020000001006000000000000000006182D4454FB211940110D067665727465780CFFFFFFFF04FFFFFFFF0CFFFF
310
FFFF0C1900000004000000000C3A000000110D067665727465780CFFFFFFFF04FFFFFFFF0CFFFFFFFF0C1900000004010000000C3B000000110E07656C6C697073650D0563757276650CFFFFFFFF04FFFFFFFF0CFFFFFFFF137EB7B26E14AEF33F0D51E34B11B326400EFB91647A1F044014A0F626ED3EEB52BFD6E8D915F1
310
A3E73F324B8EF11E91E53F140000000000000000D879CDAB43EBCFBFE8C2859B707ED13F06000000000000F03F0A062A61A1892099D53C0A06FFEDD8F60423F93F110E0D4154545249425F435553544F4D0D066174747269620CFFFFFFFF04FFFFFFFF0CFFFFFFFF0CFFFFFFFF0C1C000000071667656E657269635F746167
310
5F6174747269625F6465660403000000040300000004FFFFFFFF071767656E657269635F7461675F6174747269625F646566200401000000040100000007013304000000000405000000044F01000004600100000461010000046601000004670100000400000000110D04666163650C3C00000004FFFFFFFF0CFFFFFFFF0C
310
FFFFFFFF0C3D0000000C050000000CFFFFFFFF0C3E0000000B0B110D046C6F6F700CFFFFFFFF04FFFFFFFF0CFFFFFFFF0C3F0000000C400000000C1C000000110E04636F6E650D07737572666163650CFFFFFFFF04FFFFFFFF0CFFFFFFFF13343333293333F33F666666666666244048D89F080ACBDF3F1400000000000000
310
80000000000000F03F000000000000008014A09999999999D9BF0000000000000000000000000000000006000000000000F03F0B0B06000000000000000006000000000000F03F06A09999999999D93F0B0B0B0B0B110D06636F656467650CFFFFFFFF04FFFFFFFF0CFFFFFFFF0C410000000C420000000C400000000C4300
310
00000A0C1D00000004000000000C44000000110D06636F656467650CFFFFFFFF04FFFFFFFF0CFFFFFFFF0C220000000C410000000C210000000C320000000A0C1D00000004000000000C34000000110D04656467650CFFFFFFFF04FFFFFFFF0CFFFFFFFF0C36000000069742B798B1F5A1BF0C3500000006182D4454FB2109
310
400C210000000C370000000B0707756E6B6E6F776E110D06636F656467650CFFFFFFFF04FFFFFFFF0CFFFFFFFF0C420000000C220000000C410000000C450000000A0C1D00000004000000000C46000000110D067063757276650CFFFFFFFF04FFFFFFFF0CFFFFFFFF04000000000B0F0D0B6578705F7061725F6375720D04
310
6E75627304010000001502000000040200000006182D4454FB2109C0040100000006182D4454FB210940040100000006182D4454FB210940061DB885DB9D7B024006182D4454FB2109C0061DB885DB9D7B02400600000000000000000D0673706C696E650B0F0D037265660403000000100B0B0B0B10060000000000000000
310
060000000000000000110D067665727465780CFFFFFFFF04FFFFFFFF0CFFFFFFFF0C2300000004000000000C47000000110D067665727465780CFFFFFFFF04FFFFFFFF0CFFFFFFFF0C2300000004010000000C48000000110E07656C6C697073650D0563757276650CFFFFFFFF04FFFFFFFF0CFFFFFFFF13343333293333F3
310
3F4907E9F4DAE12740850F3A2A4BDBF73F140000000000000000051BC9E21F91E5BF5D0E461EF2A3E73F14A09999999999D9BF0000000000000000000000000000000006000000000000F03F0B0B110E08696E7463757276650D0563757276650CFFFFFFFF04FFFFFFFF0CFFFFFFFF0B0F0D0D626C656E645F696E745F6375
310
72041059000015000000000D046E75627304030000001502000000041700000006182D4454FB2109C004030000000681A50E15080408C0040200000006B4137CFC0B0407C0040200000006CA6542B67F5205C00402000000062C42A752F80604C0040200000006A27452D5F0E301C0040200000006EC43429CC12700C00402
310
00000006E8617CEDADC1FABF040200000006939A35A50C88F3BF0402000000067C4941AE1580E6BF04020000000618FBD2C7A4A4DFBF0402000000061C90CF7F0622C7BF04020000000600757CC9DC9B893F0402000000063EC150AF446EC03F040200000006F60BB2B020D0D73F040200000006C26210648E3EE33F040200
310
00000605B3AE2C9EF6E93F04020000000675215D2D2983F23F04020000000688DBB131EB77F93F0402000000066CA63D4263440140040200000006C2DB2D1968F804400402000000063A6AE6FBD27B0740040200000006182D4454FB2109400403000000060ECA03489999F93F06FFFB7FF242B32640060AA3780EED1F0440
310
06F4DE0DF96999F93F06A62322491EC42640065263DE657547044006CA08DD4D2E80F93F0664D809FB93D4264006741DD582126E0440061C9EE97D4339F93F06AFB67EBABFEE264006E9BA6E379CAB04400632089523FF0EF93F06F6AB0B803EF926400676B0B4AC59C404400646AE3D57F796F83F06764648DBA311274006
310
2E178CF0FBFD044006D0AFC49E1345F83F06638BA6700A1D274006DE7A57BE0F19054006205547F2F6B5F73F06BE1DB268B12D2740067FF76F7FB7400540068AE7E7BFDD77F73F065EA60A68B733274006B9DF6A691B4F05400678AC1E136AD4F63F060FBEE96A954127400653FCC68D4C70054006EED7582CCA6FF63F06FF
310
45259013482740068304A090E97F054006FE86AFFF95BBF53F066C2C5BE37151274006668167927A960540068C2C94318C6BF53F06A0699412BF5427400679CBDE81739E054006946B6CB7B09CF43F0617F68C2A815B2740068A3D882EC9AE054006BAB53217A41EF43F06DCA4E63EE05D274006FFF2690D89B40540063AC2
310
A7D944FDF23F06E6C0C55DE75F274006D9EE781173B90540063EF7C680215AF23F0657D5F3E68D5E274006A11E9D042CB6054006009EA05C75F8F03F0608385576B255274006C0F082A7BDA0054006466EE7663039F03F060381579F974D274006E01CD1C41D8D0540062809708BE24BEE3F06755D4AE7CE38274006B2E8D3
310
1C485B05400648A1AAC80AACED3F06D0F4BB41B331274006B3F73305464A05400670FCC8157A1BEC3F063B3E282A361B274006501D7533B01405400600CD0157881EEB3F06A69F89CCE40927400663219EA58CEB044006183B2CE5C2E5E93F06AC5D5C9666DC2640063892865F6D8004400690B183F3B68EE93F06EF82332A
310
9DC526400660BCB2ABF74A044006F0FB580A18A2E93F0668B1323060A0264006AF37AF52A2F3034006D08A9235DACAE93F06939633E1DC9226400651584DD2EDD3034006B021BAB9C681EA3F069CFD3F6F546E264006CDE75A7B0E7E034006D8C52C59033EEB3F06E3BCDCDAE75C264006EBBAAE74DD54034006C8222147C7
310
A3EC3F060D1ABF7A704226400631FF32A41316034006581A9D6A1F55ED3F06851D7B1ED3382640065CAB43C724FF02400658C11F55B4A4EE3F066130B12995292640066028933DB3DA024006509C5687E143EF3F0697FEE883BF232640063C18D7B5B2CC02400648A1748E7872F03F066AB85CBAD416264006682798EAA4AD
310
0240060AA39AC82DF2F03F06B84108DF5C112640068D0D94AB6EA0024006AC4AAAE8DC0FF23F06D58E1810D308264006CD427551C98B024006EE0299E52BADF23F06D42CD81AC4062640060971EC0BCA86024006D2286330C117F43F069BD852874E07264006AD9B918A19880240060420C60C12E5F43F065C7ECA16610B26
310
40067790EC89FF91024006064BE5542262F63F069519E1C9661C264006B49D4AB30EBB024006B051BCD42E11F73F06704449D640272640067ECE56D537D5024006529674DE0F3BF83F06B371243DFB4626400688026F61E220034006B231B11DDDB8F83F06C86CB340525726400603F0E2ABBD47034006C8398B281763F93F
310
062DFBAB0B1A83264006BE3071D2EDAE0340069458D21FDF99F93F0636F17912609A264006936BDC1090E50340060ECA03489999F93F0600FC7FF242B32640060CA3780EED1F044006A0A3F8543E7B4E3F0D0673706C696E650A0F0D037265660400000000100B0B0B0B0D0C6E756C6C5F737572666163650D046E75627304
310
010000001502000000040200000006182D4454FB2109C0040100000006182D4454FB210940040100000006000000000000000006182D4454FB2109C006000000000000000006182D4454FB2109400D066E756C6C62730B0B04000000000400000000040000000004000000000A100B0B110E08696E7463757276650D056375
310
7276650CFFFFFFFF04FFFFFFFF0CFFFFFFFF0A0F0D0D626C656E645F696E745F637572041059000015000000000D046E75627304030000001502000000041700000006182D4454FB2109C004030000000681A50E15080408C0040200000006B4137CFC0B0407C0040200000006CA6542B67F5205C00402000000062C42A752
310
F80604C0040200000006A27452D5F0E301C0040200000006EC43429CC12700C0040200000006E8617CEDADC1FABF040200000006939A35A50C88F3BF0402000000067C4941AE1580E6BF04020000000618FBD2C7A4A4DFBF0402000000061C90CF7F0622C7BF04020000000600757CC9DC9B893F0402000000063EC150AF44
310
6EC03F040200000006F60BB2B020D0D73F040200000006C26210648E3EE33F04020000000605B3AE2C9EF6E93F04020000000675215D2D2983F23F04020000000688DBB131EB77F93F0402000000066CA63D4263440140040200000006C2DB2D1968F804400402000000063A6AE6FBD27B0740040200000006182D4454FB21
310
09400403000000067EB7B26E14AEF33F06261B343D64332640066CB30278484F064006A8758FFD12AEF33F0642F3E68DD7332640064B18AA45ED50064006D8051FD155ADF33F060DD573804A3426400634A7C1BB90520640064CDEBB4ACDAAF33F0622CF3F771C35264006849CD5EC8E550640068C64632323A9F33F065958
310
CE787C352640069F7B3044ED5606400662D18B41BAA3F33F06C67689B47336264006D376A175735A0640066881D4B95C9FF33F0665A0FEBB023726400654FE2B657D5C064006FEE54A52A096F33F0639C0A2C4E7372640064D52DD2CC15F06400626E0AEB87C92F33F0626BFB071433826400654241FB70F610640064A66E2
310
6CD686F33F06985C426D2239264006ABBF016A3D64064006AC708570E47EF33F06D6AEF3B19839264006AEC466FEEC650640060870CF65C06FF33F06D8939E924A3A2640061CC5D5187668064006CE558BAEB068F33F06EDA7380D8D3A264006B21D61B068690640063661F8F9E155F33F0663622B07183B26400612C1E2D5
310
636B064006CECB2729DF49F33F064684ED2F4C3B2640061656312C226C06400674B47D18082EF33F0602CDDA57783B264006EA27FE4DC36C064006CEC0FDAD201EF33F065317B190593B2640064564B1FD526C064006E249BAB733FDF23F0646881C039F3A2640063000CD3AAA69064006C49585C24BECF23F06925034A9F1
310
392640064E99DDA43167064006ECBED3B5B6D7F23F06703E31DD92382640067E13F5873162064006503F3F342CD2F23F06D9BFA48F21382640069E702A1294600640067A05768AB6C5F23F06278F8B4AE63626400651A1059A155C0640063E89E0526CBFF23F061EAA817E0B36264006C976512DF758064006B21BBC1D66B9
310
F23F06147EFAC381342640064C934B665A53064006F8003F5627B8F23F0685E7CC0AE233264006B75E478B13510640066631B61273B8F23F068B763DDCE232264006511F6D58704D0640061C2B63710FB9F23F06AA1A1CA48332264006FEA81BE0144C064006ECDB8B1F43BCF23F06AE5B0B6E64312640063C16FACBFC4706
310
40063E43197739C0F23F062FBBBB7CAE302640067B7B12DC6445064006E0C24CEFC9C9F23F060FA88AF46F2F2640067FC98A7CDA40064006F825EB294DCFF23F069B5F1BAEE42E26400638A3EC3FDE3E064006126E8A2DE6DAF23F06965EC30EF72D2640062D3DD2207B3B06400656FEE261E7E0F23F063C031F38922D2640
310
06AB0026270B3A0640069652C5719BF1F23F06ADFAE485A82C26400607FFDF5BB636064006F4712EABD4FCF23F065821A5FF382C264006B0D18A631F3506400680C600B60B17F33F063484F4C4872B2640062082C9A69832064006CEE1EC084526F33F06AD62FA41592B26400624CB5CECEE31064006A48358F63F49F33F06
310
B0D59E10652B264006244275021A32064006D4F49518065DF33F06CDA86057C32B2640065BBBF709723306400698546280197EF33F067607BF58112D2640061FF473E034380640068CE56E09FB8BF33F0664529876E32D264006F4AE09A0333B064006D4164733079FF33F064EDD2BC2AC2F2640066EA5F65DB84106400676
310
30607697A5F33F0685CE86008330264006DFE6E72CC64406400626C95D2279ACF33F0696F08BBB10322640060CF7758E714A064006C60EAB8F16AEF33F0630E7D4FEB93226400659A61B39DB4C0640067EB7B26E14AEF33F06261B343D64332640066CB30278484F064006A0A3F8543E7B4E3F0D0673706C696E650A0F0D03
310
7265660400000000100B0B0B0B0D0C6E756C6C5F737572666163650D046E75627304010000001502000000040200000006182D4454FB2109C0040100000006182D4454FB210940040100000006000000000000F03F06182D4454FB2109C006000000000000F03F06182D4454FB2109400D066E756C6C62730B0B0400000000
310
0400000000040000000004000000000A100B0B110D05706F696E740CFFFFFFFF04FFFFFFFF0CFFFFFFFF1380B7B26E14AEF33F261B343D643326406AB30278484F0640110D05706F696E740CFFFFFFFF04FFFFFFFF0CFFFFFFFF130ECA03489999F93FFFFB7FF242B326400AA3780EED1F0440110E0D4154545249425F4355
310
53544F4D0D066174747269620CFFFFFFFF04FFFFFFFF0CFFFFFFFF0CFFFFFFFF0C2D000000071667656E657269635F7461675F6174747269625F6465660403000000040300000004FFFFFFFF071767656E657269635F7461675F6174747269625F646566200401000000040100000007013104000000000405000000044F01
310
000004600100000461010000046601000004670100000400000000110D046C6F6F700CFFFFFFFF04FFFFFFFF0CFFFFFFFF0CFFFFFFFF0C490000000C2D000000110E05706C616E650D07737572666163650CFFFFFFFF04FFFFFFFF0CFFFFFFFF13343333293333F33F666666666666244048D89F080ACBDF3F140000000000
310
000000000000000000F0BF000000000000000014000000000000F0BF000000000000000000000000000000000B0B0B0B0B110D046C6F6F700CFFFFFFFF04FFFFFFFF0CFFFFFFFF0CFFFFFFFF0C4A0000000C1C000000110D06636F656467650CFFFFFFFF04FFFFFFFF0CFFFFFFFF0C4B0000000C4B0000000C300000000C43
310
0000000B0C2E00000004000000000CFFFFFFFF110D06636F656467650CFFFFFFFF04FFFFFFFF0CFFFFFFFF0C310000000C300000000C330000000C450000000B0C1D00000004000000000C4C000000110D06636F656467650CFFFFFFFF04FFFFFFFF0CFFFFFFFF0C300000000C330000000C4B0000000C4D0000000A0C1D00
310
000004000000000C44000000110D04656467650C4E00000004FFFFFFFF0CFFFFFFFF0C4F00000006182D4454FB2109C00C50000000060020000000B6A43C0C300000000C510000000B0707756E6B6E6F776E110D067063757276650CFFFFFFFF04FFFFFFFF0CFFFFFFFF04000000000B0F0D0B6578705F7061725F6375720D
310
046E75627304010000001502000000040200000006182D4454FB2109C0040100000006182D4454FB210940040100000006182D4454FB2109C006000000000000000006182D4454FB2109400600000000000000000600000000000000000D0673706C696E650B0F0D037265660403000000100B0B0B0B100600000000000000
310
00060000000000000000110D04656467650CFFFFFFFF04FFFFFFFF0CFFFFFFFF0C4F0000000600000000000000000C35000000061FB885DB9D7B02400C330000000C520000000B070774616E67656E74110D067063757276650CFFFFFFFF04FFFFFFFF0CFFFFFFFF04000000000B0F0D0B6578705F7061725F6375720D046E
310
756273040100000015000000000402000000061FB885DB9D7B02C00401000000060000000000000080040100000006182D4454FB2109C0061DB885DB9D7B024006182D4454FB2109C00600000000000000000600000000000000000D0673706C696E650B0F0D037265660403000000100B0B0B0B1006000000000000000006
310
0000000000000000110D05706F696E740CFFFFFFFF04FFFFFFFF0CFFFFFFFF139C99998F9999F93F4907E9F4DAE12740850F3A2A4BDBF73F110D05706F696E740CFFFFFFFF04FFFFFFFF0CFFFFFFFF13E00D7A8D9D9BE93F4C9D005229E727400F89ABED0402F83F110D06636F656467650C5300000004FFFFFFFF0CFFFFFF
310
FF0C490000000C490000000C4A0000000C540000000B0C3D00000004000000000CFFFFFFFF110D06636F656467650C5500000004FFFFFFFF0CFFFFFFFF0C4A0000000C4A0000000C490000000C540000000A0C3F00000004000000000CFFFFFFFF110D06636F656467650CFFFFFFFF04FFFFFFFF0CFFFFFFFF0C400000000C
310
400000000C420000000C4D0000000B0C2E00000004000000000CFFFFFFFF110D067063757276650CFFFFFFFF04FFFFFFFF0CFFFFFFFF04000000000B0F0D0B6578705F7061725F6375720D046E7562730401000000150000000004020000000600000000000000000401000000061FB885DB9D7B0240040100000006182D44
310
54FB21094006000000000000000006182D4454FB210940061DB885DB9D7B02400600000000000000000D0673706C696E650B0F0D037265660403000000100B0B0B0B10060000000000000000060000000000000000110D04656467650C5600000004FFFFFFFF0CFFFFFFFF0C50000000060020000000B6A43C0C4F00000006
310
182D4454FB2109400C420000000C510000000B0707756E6B6E6F776E110E0D4154545249425F435553544F4D0D066174747269620CFFFFFFFF04FFFFFFFF0CFFFFFFFF0CFFFFFFFF0C43000000071667656E657269635F7461675F6174747269625F6465660403000000040300000004FFFFFFFF071767656E657269635F74
310
61675F6174747269625F646566200401000000040200000007022D310400000000040100000004570100000400000000110D067665727465780CFFFFFFFF04FFFFFFFF0CFFFFFFFF0C4300000004000000000C57000000110D067665727465780CFFFFFFFF04FFFFFFFF0CFFFFFFFF0C4300000004010000000C5800000011
310
0E07656C6C697073650D0563757276650CFFFFFFFF04FFFFFFFF0CFFFFFFFF13343333293333F33F666666666666264048D89F080ACBDF3F140000000000000000000000000000F0BF000000000000000014A09999999999D9BF0000000000000000000000000000000006000000000000F03F0B0B110E07656C6C69707365
310
0D0563757276650CFFFFFFFF04FFFFFFFF0CFFFFFFFF139C99998F9999F93FF8128BB2CBB32640D60B8E17E184F23F14000000000000F03F0000000000000080000000000000000014000000000000000064242B095359C3BF882BCC2A3D24E5BF06000000000000F03F0A0600000000000000000A061FB885DB9D7B024011
310
0E0D4154545249425F435553544F4D0D066174747269620CFFFFFFFF04FFFFFFFF0CFFFFFFFF0CFFFFFFFF0C490000000711736B657463685F6174747269625F646566040100000004010000000403000000070D31393020302030203020312031110D04656467650C5900000004FFFFFFFF0CFFFFFFFF0C5A00000006182D
310
4454FB2109C00C5A00000006182D4454FB2109400C4A0000000C5B0000000B0707756E6B6E6F776E110E0D4154545249425F435553544F4D0D066174747269620CFFFFFFFF04FFFFFFFF0CFFFFFFFF0CFFFFFFFF0C4A0000000711736B657463685F6174747269625F646566040100000004010000000403000000070D3139
310
3020302030203020312031110E0D4154545249425F435553544F4D0D066174747269620CFFFFFFFF04FFFFFFFF0CFFFFFFFF0CFFFFFFFF0C4D000000071667656E657269635F7461675F6174747269625F6465660403000000040300000004FFFFFFFF071767656E657269635F7461675F6174747269625F64656620040100
310
0000040200000007022D310400000000040100000004570100000400000000110D05706F696E740CFFFFFFFF04FFFFFFFF0CFFFFFFFF139C99998F9999F93F666666666666264049D89F080ACBDF3F110D05706F696E740CFFFFFFFF04FFFFFFFF0CFFFFFFFF13989999859999E93F666666666666264047D89F080ACBDF3F
310
110E0D4154545249425F435553544F4D0D066174747269620CFFFFFFFF04FFFFFFFF0CFFFFFFFF0CFFFFFFFF0C54000000071667656E657269635F7461675F6174747269625F6465660403000000040300000004FFFFFFFF071767656E657269635F7461675F6174747269625F646566200401000000040400000007042D31
310
393004000000000401000000044F0100000400000000110D067665727465780CFFFFFFFF04FFFFFFFF0CFFFFFFFF0C5400000004000000000C5C000000110E07656C6C697073650D0563757276650CFFFFFFFF04FFFFFFFF0CFFFFFFFF13343333293333F33F666666666666244048D89F080ACBDF3F140000000000000000
310
000000000000F0BF000000000000000014A09999999999D9BF0000000000000000000000000000000006000000000000F03F0B0B110D05706F696E740CFFFFFFFF04FFFFFFFF0CFFFFFFFF139C99998F9999F93F666666666666244049D89F080ACBDF3F110E03456E640E026F660E0341534D0D0464617461
  0
ENDSEC
  0
EOF
